parameter,value
final_pop_size,4.673457924441629e7
fraction_subpop_on,0.00943401202676663
