parameter,value
final_pop_size,3.390242694936964e7
fraction_subpop_on,0.01136349638105815
