parameter,value
final_pop_size,3.1196841438334666e7
fraction_subpop_on,0.01190455904339786
