parameter,value
final_pop_size,2.986675265879574e7
fraction_subpop_on,0.012194883750366784
