parameter,value
final_pop_size,1.8683930552732904e7
fraction_subpop_on,0.015624272449787651
