parameter,value
final_pop_size,1.984828803644005e7
fraction_subpop_on,0.015150861964076298
