parameter,value
final_pop_size,2.7254702295491155e7
fraction_subpop_on,0.012820194899600009
