parameter,value
final_pop_size,2.3465913743713487e7
fraction_subpop_on,0.013888424226502329
