parameter,value
final_pop_size,2.471075880062751e7
fraction_subpop_on,0.013513101845371292
