parameter,value
final_pop_size,4.526119384270799e7
fraction_subpop_on,0.009615418986505248
