parameter,value
final_pop_size,3.254223919303376e7
fraction_subpop_on,0.011627736780052801
