parameter,value
final_pop_size,1.754170730806335e7
fraction_subpop_on,0.01612822361607576
