parameter,value
final_pop_size,1.6422510101696469e7
fraction_subpop_on,0.016665769535724514
