parameter,value
final_pop_size,3.948148432857229e7
fraction_subpop_on,0.010416626827368542
