parameter,value
final_pop_size,3.6665211315058194e7
fraction_subpop_on,0.010869479105387426
