parameter,value
final_pop_size,4.821865451545645e7
fraction_subpop_on,0.009259323336641865
