parameter,value
final_pop_size,4.379883408848918e7
fraction_subpop_on,0.009803939384090049
