parameter,value
final_pop_size,5.88507942433071e6
fraction_subpop_on,0.062489306115583364
final_time,11.478296924144853
