parameter,value
final_pop_size,5.123521360102284e6
fraction_subpop_on,0.06577805541788458
final_time,12.09994296731757
