parameter,value
final_pop_size,7.546786264002849e6
fraction_subpop_on,0.05680882315955871
final_time,10.42508843481802
