parameter,value
final_pop_size,8.399722695877032e6
fraction_subpop_on,0.054347131563543837
