parameter,value
final_pop_size,1.4717468370576818e7
fraction_subpop_on,0.043097496360460376
final_time,7.9671994824279135
