parameter,value
final_pop_size,6.283374354870393e6
fraction_subpop_on,0.06096526485083724
final_time,11.193288650877863
