parameter,value
final_pop_size,1.5902156868517794e7
fraction_subpop_on,0.04166106609072944
final_time,7.714811755542912
