parameter,value
final_pop_size,1.1343515095602676e7
fraction_subpop_on,0.04807720862080406
