parameter,value
final_pop_size,9.873558404302971e6
fraction_subpop_on,0.051012481389273376
final_time,9.373521738543252
