parameter,value
final_pop_size,1.2464152420551566e7
fraction_subpop_on,0.04628955256067802
final_time,8.530881609743139
