parameter,value
final_pop_size,1.3571201039477345e7
fraction_subpop_on,0.04463652500300468
final_time,8.23845603914904
