parameter,value
final_pop_size,9.386647955076357e6
fraction_subpop_on,0.05207514107023841
final_time,9.564758299415047
