parameter,value
final_pop_size,7.1143530963324625e6
fraction_subpop_on,0.05812985796034267
final_time,10.667863319542697
