parameter,value
final_pop_size,6.653629076331461e6
fraction_subpop_on,0.05952222365894929
