parameter,value
final_pop_size,1.4139482743725223e7
fraction_subpop_on,0.04385351085866533
final_time,8.100333840866561
