parameter,value
final_pop_size,1.1397143214039158e7
fraction_subpop_on,0.04806973380890626
final_time,8.847176478546379
