parameter,value
final_pop_size,4.760522286922062e6
fraction_subpop_on,0.06755577625186594
final_time,12.439962509035627
