parameter,value
final_pop_size,6.693174371012438e6
fraction_subpop_on,0.05951380375989061
final_time,10.923559551047438
