parameter,value
final_pop_size,8.444928977425601e6
fraction_subpop_on,0.05433907184432375
final_time,9.974425559881315
