parameter,value
final_pop_size,7.990351644168623e6
fraction_subpop_on,0.05554650445999965
final_time,10.194240192244857
