parameter,value
final_pop_size,1.2407740860883486e7
fraction_subpop_on,0.046296832177173966
