parameter,value
final_pop_size,1.0371018314639054e7
fraction_subpop_on,0.04999232869942405
final_time,9.190533576232633
