parameter,value
final_pop_size,8.910399913590135e6
fraction_subpop_on,0.05318302134514915
final_time,9.764840349729969
