parameter,value
final_pop_size,1.2954925423931476e7
fraction_subpop_on,0.04545519456271792
