parameter,value
final_pop_size,1.5305058942381904e7
fraction_subpop_on,0.0423671085700341
final_time,7.838777238720608
