parameter,value
final_pop_size,7.073389974353201e6
fraction_subpop_on,0.058138192449824454
