parameter,value
final_pop_size,1.1925590664725177e7
fraction_subpop_on,0.04716284922252283
final_time,8.685858620528448
