parameter,value
final_pop_size,9.338623648651505e6
fraction_subpop_on,0.05208300821233297
