parameter,value
final_pop_size,1.0826684863400174e7
fraction_subpop_on,0.049019755280430496
