parameter,value
final_pop_size,1.4078921815178923e7
fraction_subpop_on,0.04386050311012362
