parameter,value
final_pop_size,4.0707626855043024e6
fraction_subpop_on,0.07141602147930977
final_time,13.188680228861386
