parameter,value
final_pop_size,5.498418145105505e6
fraction_subpop_on,0.06409151209999657
final_time,11.779986887275726
