parameter,value
final_pop_size,1.3012723651644299e7
fraction_subpop_on,0.04544801159745202
final_time,8.381864278308882
