parameter,value
final_pop_size,1.0878916444471657e7
fraction_subpop_on,0.049012182278352565
final_time,9.015250395415638
