parameter,value
final_pop_size,9.824128875257028e6
fraction_subpop_on,0.05102025083703519
