parameter,value
final_pop_size,1.5385767982869381e7
fraction_subpop_on,0.05258138680900534
final_time,7.667998809549072
