parameter,value
final_pop_size,9.340687260418206e6
fraction_subpop_on,0.0962860430633389
final_time,7.092955400030217
