parameter,value
final_pop_size,6.9220006478734575e6
fraction_subpop_on,0.13998828811194766
final_time,6.7253323720470375
