parameter,value
final_pop_size,5.034338457191581e6
fraction_subpop_on,0.21266619001868028
final_time,6.297209841251401
