parameter,value
final_pop_size,1.4722912571255269e7
fraction_subpop_on,0.055474720881761606
final_time,7.6184234913297635
