parameter,value
final_pop_size,1.0665392602532065e7
fraction_subpop_on,0.08191378065445183
final_time,7.249168818480977
