parameter,value
final_pop_size,4.33216376766918e6
fraction_subpop_on,0.2618157807335133
final_time,6.07123731858337
