parameter,value
final_pop_size,1.4053541762885513e7
fraction_subpop_on,0.05869332179678223
final_time,7.5658508915511495
