parameter,value
final_pop_size,7.486109936819296e6
fraction_subpop_on,0.12675187787260056
final_time,6.823877826610303
