parameter,value
final_pop_size,8.700117455252787e6
fraction_subpop_on,0.10508347081794137
final_time,7.007875666969412
