parameter,value
final_pop_size,9.9972815823718e6
fraction_subpop_on,0.08861487897859686
final_time,7.173361762703281
