parameter,value
final_pop_size,7.053456278331025e6
fraction_subpop_on,0.04999811483222765
final_time,10.667863319542697
