parameter,value
final_pop_size,4.019281221859273e6
fraction_subpop_on,0.05952213804772055
final_time,13.188680228861386
