parameter,value
final_pop_size,1.0811719286030818e7
fraction_subpop_on,0.04310158865562368
final_time,9.015250395415638
