parameter,value
final_pop_size,4.325995544112412e6
fraction_subpop_on,0.05813930031994028
