parameter,value
final_pop_size,8.381371193205969e6
fraction_subpop_on,0.04716791669188553
final_time,9.974425559881315
