parameter,value
final_pop_size,6.594019607779157e6
fraction_subpop_on,0.05102037140985909
