parameter,value
final_pop_size,7.927636911457382e6
fraction_subpop_on,0.04807502850915427
final_time,10.194240192244857
