parameter,value
final_pop_size,9.758551124673158e6
fraction_subpop_on,0.04464307901053239
