parameter,value
final_pop_size,4.356678877737858e6
fraction_subpop_on,0.05813781714422194
final_time,12.802093425509584
