parameter,value
final_pop_size,5.034520225191355e6
fraction_subpop_on,0.055555380505568054
