parameter,value
final_pop_size,9.32152503283749e6
fraction_subpop_on,0.04545265851948546
final_time,9.564758299415047
