parameter,value
final_pop_size,1.1329320604076356e7
fraction_subpop_on,0.04237103417704692
final_time,8.847176478546379
