parameter,value
final_pop_size,5.441753798508534e6
fraction_subpop_on,0.05434600634853313
final_time,11.779986887275726
