parameter,value
final_pop_size,7.012795649212206e6
fraction_subpop_on,0.049999999999999996
