parameter,value
final_pop_size,8.799705104297768e6
fraction_subpop_on,0.046296445039842274
