parameter,value
final_pop_size,1.583031227102968e7
fraction_subpop_on,0.03731172201051802
final_time,7.714811755542912
