parameter,value
final_pop_size,4.706317648493789e6
fraction_subpop_on,0.05681642421960876
final_time,12.439962509035627
