parameter,value
final_pop_size,1.3501166245194316e7
fraction_subpop_on,0.03968075427758674
final_time,8.23845603914904
