parameter,value
final_pop_size,1.2943201181457307e7
fraction_subpop_on,0.04032077829362888
final_time,8.381864278308882
