parameter,value
final_pop_size,5.06805565650915e6
fraction_subpop_on,0.05555376409585832
final_time,12.09994296731757
