parameter,value
final_pop_size,8.846040080762856e6
fraction_subpop_on,0.04629440430205295
final_time,9.764840349729969
