parameter,value
final_pop_size,1.0304478494469173e7
fraction_subpop_on,0.04385777859654639
final_time,9.190533576232633
