parameter,value
final_pop_size,5.827275625309149e6
fraction_subpop_on,0.05318964651230448
final_time,11.478296924144853
