parameter,value
final_pop_size,1.2885644711129006e7
fraction_subpop_on,0.04032300707771979
