parameter,value
final_pop_size,1.185717296515172e7
fraction_subpop_on,0.04166483328601603
final_time,8.685858620528448
