parameter,value
final_pop_size,1.4646482978877116e7
fraction_subpop_on,0.038459789196410285
final_time,7.9671994824279135
