parameter,value
final_pop_size,8.336451643359793e6
fraction_subpop_on,0.04716992297869239
