parameter,value
final_pop_size,7.442875599332254e6
fraction_subpop_on,0.049019644961514015
