parameter,value
final_pop_size,6.224487231465036e6
fraction_subpop_on,0.05208147213436788
final_time,11.193288650877863
