parameter,value
final_pop_size,1.4068960691384532e7
fraction_subpop_on,0.03906073232784701
final_time,8.100333840866561
