parameter,value
final_pop_size,9.807709425151959e6
fraction_subpop_on,0.044640977440827206
final_time,9.373521738543252
