parameter,value
final_pop_size,7.484957753573496e6
fraction_subpop_on,0.04901771632447849
final_time,10.42508843481802
