parameter,value
final_pop_size,6.633257153856466e6
fraction_subpop_on,0.0510185329833686
final_time,10.923559551047438
