parameter,value
final_pop_size,1.5233633044688083e7
fraction_subpop_on,0.03787705759329979
final_time,7.838777238720608
