parameter,value
final_pop_size,6.186674054987192e6
fraction_subpop_on,0.05208326042276656
