parameter,value
final_pop_size,1.2395168553950328e7
fraction_subpop_on,0.040981788168769524
final_time,8.530881609743139
