parameter,value
final_pop_size,9.875805727816162e7
fraction_subpop_on,0.007942478029846729
final_time,9.26345120000121
