parameter,value
final_pop_size,7.123632517411321e7
fraction_subpop_on,0.007949186177563928
