parameter,value
final_pop_size,8.875928581574115e7
fraction_subpop_on,0.00794238742314848
final_time,9.155851656427355
