parameter,value
final_pop_size,6.647609830926713e7
fraction_subpop_on,0.007942087439215829
final_time,8.86445169397587
