parameter,value
final_pop_size,9.752836520224234e7
fraction_subpop_on,0.007947594602202237
