parameter,value
final_pop_size,8.318431236762108e7
fraction_subpop_on,0.007948338194488013
