parameter,value
final_pop_size,3.2928667790400915e7
fraction_subpop_on,0.007956054415010773
