parameter,value
final_pop_size,4.4129439243284e7
fraction_subpop_on,0.007941482351030885
final_time,8.451456423002934
