parameter,value
final_pop_size,1.3659601092824932e7
fraction_subpop_on,0.007937467183027356
final_time,7.26938648993998
