parameter,value
final_pop_size,3.8558464591837354e7
fraction_subpop_on,0.007941222285352038
final_time,8.315424680612468
