parameter,value
final_pop_size,9.804024003802784e7
fraction_subpop_on,0.007942472140908746
final_time,9.256097809764675
