parameter,value
final_pop_size,8.624743315537503e7
fraction_subpop_on,0.007942361359561601
final_time,9.12691406641082
