parameter,value
final_pop_size,1.1175444010588223e7
fraction_subpop_on,0.007936174547016069
final_time,7.067056852540648
