parameter,value
final_pop_size,9.52053884879119e7
fraction_subpop_on,0.007942448016069612
final_time,9.226521435525337
