parameter,value
final_pop_size,2.0019620305939328e7
fraction_subpop_on,0.007939314598491412
final_time,7.654715562187851
