parameter,value
final_pop_size,9.613290390056637e7
fraction_subpop_on,0.007947657198718877
