parameter,value
final_pop_size,6.628795052220974e7
fraction_subpop_on,0.007949626896640019
