parameter,value
final_pop_size,2.394968313151595e7
fraction_subpop_on,0.007939965692778692
final_time,7.835392358068618
