parameter,value
final_pop_size,9.690566690349147e7
fraction_subpop_on,0.007947622311973115
