parameter,value
final_pop_size,5.558293321115208e7
fraction_subpop_on,0.00794185326067103
final_time,8.684052708319918
