parameter,value
final_pop_size,6.0952622048290506e7
fraction_subpop_on,0.007950182250190292
