parameter,value
final_pop_size,9.754281268516536e7
fraction_subpop_on,0.007942468009196927
final_time,9.250970465046349
