parameter,value
final_pop_size,3.327347817378307e7
fraction_subpop_on,0.00794089507582329
final_time,8.166829656347772
