parameter,value
final_pop_size,2.3572814261540532e7
fraction_subpop_on,0.007961123542267785
