parameter,value
final_pop_size,9.692372710528046e7
fraction_subpop_on,0.007942462807736394
final_time,9.244552454823834
