parameter,value
final_pop_size,5.5338758457355775e7
fraction_subpop_on,0.007950882213742379
