parameter,value
final_pop_size,9.403573556748483e7
fraction_subpop_on,0.007942437638335152
final_time,9.214060801328129
