parameter,value
final_pop_size,9.921640795811088e7
fraction_subpop_on,0.007942481745556992
final_time,9.268118681654228
