parameter,value
final_pop_size,7.586057057387783e7
fraction_subpop_on,0.007942235257524511
final_time,8.997563488044156
