parameter,value
final_pop_size,9.901297719937132e7
fraction_subpop_on,0.007942480100651315
final_time,9.26604977031447
