parameter,value
final_pop_size,6.1168480240389876e7
fraction_subpop_on,0.007941983756479072
final_time,8.780575112077171
