parameter,value
final_pop_size,9.086137210133868e7
fraction_subpop_on,0.007942408127300552
final_time,9.179445961478839
