parameter,value
final_pop_size,1.6595779033420607e7
fraction_subpop_on,0.007938496020351352
final_time,7.465650167468294
