parameter,value
final_pop_size,7.970839335459475e7
fraction_subpop_on,0.007948558669582629
