parameter,value
final_pop_size,9.260351086239418e7
fraction_subpop_on,0.007942424573895643
final_time,9.198590105973063
