parameter,value
final_pop_size,8.61679239879635e7
fraction_subpop_on,0.007948163133004652
