parameter,value
final_pop_size,8.328058726445626e7
fraction_subpop_on,0.007942328549652265
final_time,9.091629001265492
