parameter,value
final_pop_size,2.837997668282103e7
fraction_subpop_on,0.007940483443481892
final_time,8.006479587113267
