parameter,value
final_pop_size,7.982401314584175e7
fraction_subpop_on,0.00794228724789436
final_time,9.048898522475639
