parameter,value
final_pop_size,9.921175217581485e7
fraction_subpop_on,0.007947521433513384
