parameter,value
final_pop_size,4.958150249676248e7
fraction_subpop_on,0.00795176468753807
