parameter,value
final_pop_size,9.615544035139549e7
fraction_subpop_on,0.007942456259574949
final_time,9.236530441972661
