parameter,value
final_pop_size,9.80286990147205e7
fraction_subpop_on,0.007947572592658235
