parameter,value
final_pop_size,9.843899426942843e7
fraction_subpop_on,0.007942475422872429
final_time,9.260189308142712
