parameter,value
final_pop_size,7.139816456704389e7
fraction_subpop_on,0.00794216981411323
final_time,8.936453243114194
