parameter,value
final_pop_size,9.25603854738758e7
fraction_subpop_on,0.007947826053217833
