parameter,value
final_pop_size,4.985366903959681e7
fraction_subpop_on,0.007941689027733886
final_time,8.574397751378191
