parameter,value
final_pop_size,9.900712925308733e7
fraction_subpop_on,0.007947530194642293
