parameter,value
final_pop_size,1.9632546560549982e7
fraction_subpop_on,0.007964704284291605
