parameter,value
final_pop_size,4.3705630830098376e7
fraction_subpop_on,0.007692323614169946
