parameter,value
final_pop_size,4.5168172401962146e7
fraction_subpop_on,0.007575774791949677
