parameter,value
final_pop_size,1.745270968375894e7
fraction_subpop_on,0.011111108663444048
