parameter,value
final_pop_size,2.0942777139239345e7
fraction_subpop_on,0.010416665450890794
