parameter,value
final_pop_size,4.8126051381698675e7
fraction_subpop_on,0.007352961007584881
