parameter,value
final_pop_size,2.461819466761535e7
fraction_subpop_on,0.009803922285764453
