parameter,value
final_pop_size,3.380863080717596e7
fraction_subpop_on,0.008620697046764339
