parameter,value
final_pop_size,3.518310948052498e7
fraction_subpop_on,0.008474584800282311
