parameter,value
final_pop_size,4.2254485259743065e7
fraction_subpop_on,0.00781251463998075
