parameter,value
final_pop_size,4.0815102425040804e7
fraction_subpop_on,0.007936521310060394
