parameter,value
final_pop_size,4.6641758349071644e7
fraction_subpop_on,0.007462705087317697
