parameter,value
final_pop_size,1.9757758247966982e7
fraction_subpop_on,0.010638296164591042
