parameter,value
final_pop_size,3.244848261805074e7
fraction_subpop_on,0.008771936116012801
