parameter,value
final_pop_size,1.633443486718832e7
fraction_subpop_on,0.01136363367046701
