parameter,value
final_pop_size,4.962072782218289e7
fraction_subpop_on,0.007246397958216175
