parameter,value
final_pop_size,1.9618820603962325e7
fraction_subpop_on,0.02513154659411102
