parameter,value
final_pop_size,6.0683663485146455e7
fraction_subpop_on,0.025122964452473133
