parameter,value
final_pop_size,6.6025365985331476e7
fraction_subpop_on,0.025122632735810103
