parameter,value
final_pop_size,3.8042627144934386e7
fraction_subpop_on,0.02512540464565449
