parameter,value
final_pop_size,2.7911187476843048e7
fraction_subpop_on,0.025127778710338045
