parameter,value
final_pop_size,9.069800728594463e7
fraction_subpop_on,0.02512160760973142
