parameter,value
final_pop_size,7.098812762492873e7
fraction_subpop_on,0.02512236928649276
