parameter,value
final_pop_size,7.950394710142472e7
fraction_subpop_on,0.02512199386231855
