parameter,value
final_pop_size,7.549498831460896e7
fraction_subpop_on,0.02512216004852663
