parameter,value
final_pop_size,5.743591117823602e6
fraction_subpop_on,0.02516218413918232
