parameter,value
final_pop_size,1.0877901666814413e7
fraction_subpop_on,0.0251417374173236
