parameter,value
final_pop_size,1.6230872825618649e7
fraction_subpop_on,0.025134193826917017
