parameter,value
final_pop_size,8.856267580209176e7
fraction_subpop_on,0.02512167375320949
