parameter,value
final_pop_size,9.686521831593508e7
fraction_subpop_on,0.02512143294975305
