parameter,value
final_pop_size,8.829800915436808e6
fraction_subpop_on,0.025147042907029172
