parameter,value
final_pop_size,2.3513536242641333e7
fraction_subpop_on,0.025129445937284882
