parameter,value
final_pop_size,8.601319721905208e7
fraction_subpop_on,0.025121757026503967
