parameter,value
final_pop_size,4.360401082480244e7
fraction_subpop_on,0.02512457047267494
