parameter,value
final_pop_size,9.246891277069831e7
fraction_subpop_on,0.02512155507190686
