parameter,value
final_pop_size,4.646701539665741e7
fraction_subpop_on,0.11986150114528638
final_time,8.753933580775147
