parameter,value
final_pop_size,4.410278283165201e7
fraction_subpop_on,0.13370827981103187
final_time,8.682273159373773
