parameter,value
final_pop_size,2.9602021772532433e7
fraction_subpop_on,0.2871746145906484
final_time,8.0573621666331
