parameter,value
final_pop_size,6.45156665497093e7
fraction_subpop_on,0.05261867108372684
final_time,9.176868080151484
