parameter,value
final_pop_size,6.219949381668991e7
fraction_subpop_on,0.058786322063907354
final_time,9.131507324120037
