parameter,value
final_pop_size,6.339826301301448e7
fraction_subpop_on,0.05553366499635794
final_time,9.15523306727946
