parameter,value
final_pop_size,3.9148007473326884e7
fraction_subpop_on,0.1697383633500266
final_time,8.512110852069519
