parameter,value
final_pop_size,6.09114989192373e7
fraction_subpop_on,0.06243660355190272
final_time,9.105390798676085
