parameter,value
final_pop_size,3.417436831000902e7
fraction_subpop_on,0.21999829765186182
final_time,8.303354639626056
