parameter,value
final_pop_size,6.555895402801824e7
fraction_subpop_on,0.0499923732767337
final_time,9.196668125287658
