parameter,value
final_pop_size,5.9525903932391346e7
fraction_subpop_on,0.06655835515201287
final_time,9.07653150930272
