parameter,value
final_pop_size,5.642719876314628e7
fraction_subpop_on,0.07660396450260268
final_time,9.008867803713713
