parameter,value
final_pop_size,4.871941569438137e7
fraction_subpop_on,0.10819872688965176
final_time,8.817616691542318
