parameter,value
final_pop_size,5.803402018608539e7
fraction_subpop_on,0.07124296863922572
final_time,9.044517334011417
