parameter,value
final_pop_size,5.0845273278535396e7
fraction_subpop_on,0.09833755780226629
final_time,8.874149777258564
