parameter,value
final_pop_size,5.469740123725679e7
fraction_subpop_on,0.08278261234473192
final_time,8.969026962165369
