parameter,value
final_pop_size,3.663815823132914e7
fraction_subpop_on,0.1928719521471414
final_time,8.412618427431802
