parameter,value
final_pop_size,3.1811739793254916e7
fraction_subpop_on,0.25140799514112633
final_time,8.184678336674578
