parameter,value
final_pop_size,2.75879640580988e7
fraction_subpop_on,0.32707909950200875
final_time,7.922549778747052
