parameter,value
final_pop_size,4.1651331354211345e7
fraction_subpop_on,0.15017587502722293
final_time,8.6018712175511
