parameter,value
final_pop_size,5.283805741273074e7
fraction_subpop_on,0.0899546030141429
final_time,8.924359060499112
