parameter,value
final_pop_size,1.426177460942495e7
fraction_subpop_on,0.052052275825969226
final_time,8.100333840866561
