parameter,value
final_pop_size,1.2047166341424318e7
fraction_subpop_on,0.0567785395937539
final_time,8.685858620528448
