parameter,value
final_pop_size,1.15184773823609e7
fraction_subpop_on,0.05809724554630534
final_time,8.847176478546379
