parameter,value
final_pop_size,1.0491782414263476e7
fraction_subpop_on,0.060927250577420544
final_time,9.190533576232633
