parameter,value
final_pop_size,7.664981003994231e6
fraction_subpop_on,0.0713529212924476
final_time,10.42508843481802
