parameter,value
final_pop_size,5.237322646389219e6
fraction_subpop_on,0.08607767530940004
final_time,12.09994296731757
