parameter,value
final_pop_size,1.0999980733630944e7
fraction_subpop_on,0.05947862462398474
final_time,9.015250395415638
