parameter,value
final_pop_size,9.506712147602117e6
fraction_subpop_on,0.06404687546120784
final_time,9.564758299415047
