parameter,value
final_pop_size,1.1464630737684095e7
fraction_subpop_on,0.058133593577962966
