parameter,value
final_pop_size,7.231964863485578e6
fraction_subpop_on,0.07344727361778679
final_time,10.667863319542697
