parameter,value
final_pop_size,6.810149632721255e6
fraction_subpop_on,0.0756681652455951
final_time,10.923559551047438
