parameter,value
final_pop_size,1.313470426098502e7
fraction_subpop_on,0.05431283495998489
final_time,8.381864278308882
