parameter,value
final_pop_size,6.770283863414311e6
fraction_subpop_on,0.07572704416109716
