parameter,value
final_pop_size,1.4201032639026625e7
fraction_subpop_on,0.052082087036188926
