parameter,value
final_pop_size,1.5427579368987018e7
fraction_subpop_on,0.04997229325797993
final_time,7.838777238720608
