parameter,value
final_pop_size,1.483988422895282e7
fraction_subpop_on,0.05099109172535128
final_time,7.9671994824279135
