parameter,value
final_pop_size,4.521314545360783e6
fraction_subpop_on,0.09243406168273885
final_time,12.802093425509584
