parameter,value
final_pop_size,4.873345444108695e6
fraction_subpop_on,0.08914285691959897
final_time,12.439962509035627
