parameter,value
final_pop_size,5.613117597796875e6
fraction_subpop_on,0.08321603416122533
final_time,11.779986887275726
