parameter,value
final_pop_size,9.99398990020208e6
fraction_subpop_on,0.06244815298761697
final_time,9.373521738543252
