parameter,value
final_pop_size,5.203083469304062e6
fraction_subpop_on,0.08615236206198096
