parameter,value
final_pop_size,1.094752221886228e7
fraction_subpop_on,0.059516554060215075
