parameter,value
final_pop_size,4.181360279892433e6
fraction_subpop_on,0.09597720428520513
final_time,13.188680228861386
