parameter,value
final_pop_size,6.399655294258293e6
fraction_subpop_on,0.07802740899772247
final_time,11.193288650877863
