parameter,value
final_pop_size,6.361195842991345e6
fraction_subpop_on,0.07808971083764497
