parameter,value
final_pop_size,8.10907971837523e6
fraction_subpop_on,0.0693746019257415
final_time,10.194240192244857
