parameter,value
final_pop_size,1.3076710847835556e7
fraction_subpop_on,0.0543450174790715
