parameter,value
final_pop_size,9.030059616346765e6
fraction_subpop_on,0.06572954296784975
final_time,9.764840349729969
