parameter,value
final_pop_size,1.3693348261928737e7
fraction_subpop_on,0.05315854552495666
final_time,8.23845603914904
