parameter,value
final_pop_size,6.000603500733306e6
fraction_subpop_on,0.08053833352012996
final_time,11.478296924144853
