parameter,value
final_pop_size,8.564144293746205e6
fraction_subpop_on,0.0675029400388891
final_time,9.974425559881315
