parameter,value
final_pop_size,1.2585943025657725e7
fraction_subpop_on,0.05551833837775258
final_time,8.530881609743139
