parameter,value
final_pop_size,1.602476357977909e7
fraction_subpop_on,0.04899339173630336
final_time,7.714811755542912
