parameter,value
final_pop_size,1.5959924879480256e7
fraction_subpop_on,0.049020133772394926
