parameter,value
final_pop_size,1.3358283213312155e7
fraction_subpop_on,0.019975116591675692
