parameter,value
final_pop_size,1.1056450363847073e7
fraction_subpop_on,0.019934577011468044
final_time,7.130316758806765
