parameter,value
final_pop_size,5.8946769013648415e6
fraction_subpop_on,0.019918774605513175
final_time,6.488563953190719
