parameter,value
final_pop_size,2.357789695396562e7
fraction_subpop_on,0.01996536702455982
