parameter,value
final_pop_size,7.563706950030807e7
fraction_subpop_on,0.019949985207304
final_time,9.092381882419119
