parameter,value
final_pop_size,9.514942655990508e7
fraction_subpop_on,0.019950526171927496
final_time,9.326555780699513
