parameter,value
final_pop_size,1.3517913923478737e7
fraction_subpop_on,0.019937863014905702
final_time,7.335407261596861
