parameter,value
final_pop_size,4.601641683670154e6
fraction_subpop_on,0.02001792023041749
