parameter,value
final_pop_size,8.86372268996877e7
fraction_subpop_on,0.019950372106436704
final_time,9.254215938801993
