parameter,value
final_pop_size,4.751654587432162e6
fraction_subpop_on,0.019910632254133257
final_time,6.268627112112719
