parameter,value
final_pop_size,9.611009012050146e7
fraction_subpop_on,0.019950547132162995
final_time,9.336806017920301
