parameter,value
final_pop_size,8.861073928263131e7
fraction_subpop_on,0.019956014090458912
