parameter,value
final_pop_size,9.687977735810314e7
fraction_subpop_on,0.019955724661445916
