parameter,value
final_pop_size,2.813418166245176e7
fraction_subpop_on,0.019945531198911955
final_time,8.083291186751566
