parameter,value
final_pop_size,7.138418138028502e6
fraction_subpop_on,0.019994715636104297
