parameter,value
final_pop_size,9.751336082333744e7
fraction_subpop_on,0.019950577007192917
final_time,9.35159618627813
