parameter,value
final_pop_size,3.827124729005822e7
fraction_subpop_on,0.019947409673629745
final_time,8.397267546425438
