parameter,value
final_pop_size,7.96273169805663e7
fraction_subpop_on,0.019950117398659345
final_time,9.144839118817085
