parameter,value
final_pop_size,3.300463963242403e7
fraction_subpop_on,0.01994657775020197
final_time,8.246203527592176
