parameter,value
final_pop_size,7.114910904982659e7
fraction_subpop_on,0.019949818810545816
final_time,9.029968034214086
