parameter,value
final_pop_size,1.9826561925347112e7
fraction_subpop_on,0.01994255956769974
final_time,7.7262067309779345
