parameter,value
final_pop_size,1.6429170785108078e7
fraction_subpop_on,0.019940478517795526
final_time,7.534418078825808
