parameter,value
final_pop_size,6.087928737417983e7
fraction_subpop_on,0.01994934574221406
final_time,8.870910099633065
