parameter,value
final_pop_size,9.250210414593023e7
fraction_subpop_on,0.019955871440863117
