parameter,value
final_pop_size,5.5282637649701394e7
fraction_subpop_on,0.019949013947234296
final_time,8.772513043411573
