parameter,value
final_pop_size,9.251963187925568e7
fraction_subpop_on,0.019950466567053914
final_time,9.297957522757873
