parameter,value
final_pop_size,8.311042756656794e7
fraction_subpop_on,0.01995022241325489
final_time,9.188523595579113
