parameter,value
final_pop_size,6.620452832804162e7
fraction_subpop_on,0.01994960936443066
final_time,8.95647288901995
