parameter,value
final_pop_size,9.801660462174481e7
fraction_subpop_on,0.01995058751264274
final_time,9.356848468907666
