parameter,value
final_pop_size,4.9549898333355054e7
fraction_subpop_on,0.019948596375907054
final_time,8.660805935960228
