parameter,value
final_pop_size,8.99873694956383e6
fraction_subpop_on,0.0199304504567192
final_time,6.920198792247189
