parameter,value
final_pop_size,4.383018203701087e7
fraction_subpop_on,0.01994807089317915
final_time,8.535651777069601
