parameter,value
final_pop_size,8.610240092457391e7
fraction_subpop_on,0.019950305836473902
final_time,9.22461066231049
