parameter,value
final_pop_size,7.294750304146715e6
fraction_subpop_on,0.019925271119368655
final_time,6.706000993419816
