parameter,value
final_pop_size,9.801191048772384e7
fraction_subpop_on,0.01995568883596109
