parameter,value
final_pop_size,2.3729736953009345e7
fraction_subpop_on,0.019944214871422082
final_time,7.909570056656336
