parameter,value
final_pop_size,9.39670162825922e7
fraction_subpop_on,0.019950499785136105
final_time,9.313796489345874
