parameter,value
final_pop_size,9.075973760164838e7
fraction_subpop_on,0.01995042474942047
final_time,9.27836148328827
