parameter,value
final_pop_size,9.688712196126167e7
fraction_subpop_on,0.019950563781761896
final_time,9.345022239354325
