parameter,value
final_pop_size,8.85618072115983e7
fraction_subpop_on,0.002000682793524644
