parameter,value
final_pop_size,9.841192815900809e7
fraction_subpop_on,0.002000140253912161
