parameter,value
final_pop_size,9.975333826086459e7
fraction_subpop_on,0.0020000746589487355
