parameter,value
final_pop_size,3.2046535775902815e7
fraction_subpop_on,0.0020102420113768528
