parameter,value
final_pop_size,9.608872794024068e7
fraction_subpop_on,0.002000258191042385
