parameter,value
final_pop_size,7.08817000648887e7
fraction_subpop_on,0.0020020348299679665
