parameter,value
final_pop_size,9.393190689097996e7
fraction_subpop_on,0.002000372904040678
