parameter,value
final_pop_size,9.800627665053268e7
fraction_subpop_on,0.0020001604438771125
