parameter,value
final_pop_size,9.68703931557178e7
fraction_subpop_on,0.002000217878389362
