parameter,value
final_pop_size,7.946421091747113e7
fraction_subpop_on,0.0020013033662963607
