parameter,value
final_pop_size,9.899581995389332e7
fraction_subpop_on,0.002000111483116321
