parameter,value
final_pop_size,3.742460331376281e7
fraction_subpop_on,0.002008089368146321
