parameter,value
final_pop_size,5.4766912712529525e7
fraction_subpop_on,0.002004027595921816
