parameter,value
final_pop_size,9.980602075381127e7
fraction_subpop_on,0.0020000721187585163
