parameter,value
final_pop_size,9.968709242835543e7
fraction_subpop_on,0.0020000778569328028
