parameter,value
final_pop_size,9.873650208949041e7
fraction_subpop_on,0.00200012421879058
