parameter,value
final_pop_size,3.295305501961076e7
fraction_subpop_on,0.010012138480021412
