parameter,value
final_pop_size,9.612978255558506e7
fraction_subpop_on,0.010004161041348124
