parameter,value
final_pop_size,9.517352654020816e7
fraction_subpop_on,0.010004202849411396
