parameter,value
final_pop_size,9.900626602335167e7
fraction_subpop_on,0.01000404014832663
