parameter,value
final_pop_size,8.767550957254907e6
fraction_subpop_on,0.010045622774472617
