parameter,value
final_pop_size,4.384042517812997e7
fraction_subpop_on,0.010009123999102991
