parameter,value
final_pop_size,9.25549023551047e7
fraction_subpop_on,0.010004321759191808
