parameter,value
final_pop_size,8.317496046639284e7
fraction_subpop_on,0.010004809139646801
