parameter,value
final_pop_size,9.399630090645877e7
fraction_subpop_on,0.010004255486611095
