parameter,value
final_pop_size,1.0839605191365635e7
fraction_subpop_on,0.010036901713017982
