parameter,value
final_pop_size,1.9678467164490476e7
fraction_subpop_on,0.010020326786464435
