parameter,value
final_pop_size,9.802703117678049e7
fraction_subpop_on,0.010004080507133575
