parameter,value
final_pop_size,2.3612073265178084e7
fraction_subpop_on,0.010016940486144852
