parameter,value
final_pop_size,8.868659588232371e7
fraction_subpop_on,0.01000451026444324
