parameter,value
final_pop_size,4.9585146513993956e7
fraction_subpop_on,0.010008066931896372
