parameter,value
final_pop_size,8.615943892023161e7
fraction_subpop_on,0.010004642555766528
