parameter,value
final_pop_size,9.231274757312657e7
fraction_subpop_on,0.001005308042636385
