parameter,value
final_pop_size,9.948815378412448e7
fraction_subpop_on,0.0010049252094984416
