parameter,value
final_pop_size,9.7963103343088e7
fraction_subpop_on,0.0010050018831915105
