parameter,value
final_pop_size,5.963977406786802e7
fraction_subpop_on,0.0010082159935656764
