parameter,value
final_pop_size,9.050196546200107e7
fraction_subpop_on,0.0010054142470552834
