parameter,value
final_pop_size,5.383907469720859e7
fraction_subpop_on,0.00100910119653348
