parameter,value
final_pop_size,9.990545821384206e7
fraction_subpop_on,0.0010049046369313597
