parameter,value
final_pop_size,7.490837746642539e7
fraction_subpop_on,0.0010065413244362373
