parameter,value
final_pop_size,7.902850407759556e7
fraction_subpop_on,0.0010062002945104326
