parameter,value
final_pop_size,9.380134155081166e7
fraction_subpop_on,0.0010052238058848504
