parameter,value
final_pop_size,8.831695607299793e7
fraction_subpop_on,0.0010055481984636676
