parameter,value
final_pop_size,8.57059033488508e7
fraction_subpop_on,0.0010057172257785503
