parameter,value
final_pop_size,9.987842392431669e7
fraction_subpop_on,0.0010049059644790881
