parameter,value
final_pop_size,9.97478012663377e7
fraction_subpop_on,0.0010049123889828073
