parameter,value
final_pop_size,9.870904834132698e7
fraction_subpop_on,0.0010049640839237515
