parameter,value
final_pop_size,2.340598579017165e7
fraction_subpop_on,0.011363615007621399
