parameter,value
final_pop_size,2.8492413614049725e7
fraction_subpop_on,0.010416659366271416
