parameter,value
final_pop_size,3.660562103402432e7
fraction_subpop_on,0.009259273785704316
