parameter,value
final_pop_size,2.7194595612050552e7
fraction_subpop_on,0.010638286961324475
