parameter,value
final_pop_size,3.5217185217097096e7
fraction_subpop_on,0.009433973196732065
