parameter,value
final_pop_size,3.384258657702681e7
fraction_subpop_on,0.009615391922386704
