parameter,value
final_pop_size,4.374011328996435e7
fraction_subpop_on,0.00847460804491284
