parameter,value
final_pop_size,2.980668077693533e7
fraction_subpop_on,0.01020407797469071
