parameter,value
final_pop_size,4.5202679076441094e7
fraction_subpop_on,0.008333368376753953
