parameter,value
final_pop_size,4.9655247755830124e7
fraction_subpop_on,0.007936552373295361
