parameter,value
final_pop_size,4.228893244010834e7
fraction_subpop_on,0.008620718093987794
