parameter,value
final_pop_size,3.248230064824582e7
fraction_subpop_on,0.009803925227795395
