parameter,value
final_pop_size,4.667627889687529e7
fraction_subpop_on,0.008196759556647518
