parameter,value
final_pop_size,4.816057613822254e7
fraction_subpop_on,0.008064557505869832
