parameter,value
final_pop_size,1.9788896765933856e7
fraction_subpop_on,0.012195091247965811
