parameter,value
final_pop_size,1.636413325248756e7
fraction_subpop_on,0.013157856638165811
