parameter,value
final_pop_size,2.4650736428963836e7
fraction_subpop_on,0.011111093150295844
