parameter,value
final_pop_size,6.6202446641518146e7
fraction_subpop_on,0.015854090505571187
