parameter,value
final_pop_size,4.965411183844562e7
fraction_subpop_on,0.015845740057646284
final_time,8.63107203669788
