parameter,value
final_pop_size,8.611192968359599e7
fraction_subpop_on,0.015852897817397515
