parameter,value
final_pop_size,9.752350353542244e7
fraction_subpop_on,0.015847306784890956
final_time,9.316953134885681
