parameter,value
final_pop_size,9.689972751241595e7
fraction_subpop_on,0.015847296323321897
final_time,9.310433106010496
