parameter,value
final_pop_size,6.629781918879875e7
fraction_subpop_on,0.015846541358508274
final_time,8.924802334005754
