parameter,value
final_pop_size,9.842658492950237e7
fraction_subpop_on,0.015847321695836462
final_time,9.326319088862908
