parameter,value
final_pop_size,7.12646838326526e6
fraction_subpop_on,0.015896853372148297
