parameter,value
final_pop_size,9.076771684105304e7
fraction_subpop_on,0.015852694393169775
