parameter,value
final_pop_size,1.0001000000000009e8
final_time,9.210440366976517
