parameter,value
final_pop_size,9.252659685319108e7
fraction_subpop_on,0.015852622870699808
