parameter,value
final_pop_size,1.989263530129182e7
fraction_subpop_on,0.015840964688654428
final_time,7.701614351689542
