parameter,value
final_pop_size,9.032549460381018e6
fraction_subpop_on,0.01583138545891601
final_time,6.899394844682476
