parameter,value
final_pop_size,3.3096746498704337e7
fraction_subpop_on,0.015844143256962116
final_time,8.218894872302794
