parameter,value
final_pop_size,7.123469945990469e7
fraction_subpop_on,0.01584670703533038
final_time,8.997781861316087
