parameter,value
final_pop_size,9.516869525803585e7
fraction_subpop_on,0.01584726657321784
final_time,9.292117198217802
