parameter,value
final_pop_size,6.086922037312052e7
fraction_subpop_on,0.01585454248900904
