parameter,value
final_pop_size,5.917443061426832e6
fraction_subpop_on,0.015822148511978197
final_time,6.46966322340525
