parameter,value
final_pop_size,1.1097146236294085e7
fraction_subpop_on,0.01583464993572216
final_time,7.108559889834638
