parameter,value
final_pop_size,2.821836050319749e7
fraction_subpop_on,0.015843315392806315
final_time,8.056865585655283
