parameter,value
final_pop_size,9.254850687987736e7
fraction_subpop_on,0.015847219424598012
final_time,9.2637494977455
