parameter,value
final_pop_size,8.615230218139462e7
fraction_subpop_on,0.015847092283472905
final_time,9.190980089320979
