parameter,value
final_pop_size,8.833812312647931e6
fraction_subpop_on,0.01588759141483654
