parameter,value
final_pop_size,9.079471996704566e7
fraction_subpop_on,0.01584718634602128
final_time,9.244309658673632
