parameter,value
final_pop_size,9.399067534277233e7
fraction_subpop_on,0.015847245700752563
final_time,9.279461157164345
