parameter,value
final_pop_size,4.393279998489875e7
fraction_subpop_on,0.01584532438493006
final_time,8.506680983561028
