parameter,value
final_pop_size,6.0978589814190656e7
fraction_subpop_on,0.015846332826801084
final_time,8.839821502826494
