parameter,value
final_pop_size,8.867923220464025e7
fraction_subpop_on,0.015847144704364567
final_time,9.220354632296143
