parameter,value
final_pop_size,5.538570630869291e7
fraction_subpop_on,0.015846070368267285
final_time,8.742071268384068
