parameter,value
final_pop_size,9.612570621353696e7
fraction_subpop_on,0.015847283153169144
final_time,9.302284033070706
