parameter,value
final_pop_size,1.6486175965730514e7
fraction_subpop_on,0.01583931845696554
final_time,7.5107638798926795
