parameter,value
final_pop_size,3.836969264585383e7
fraction_subpop_on,0.015844801338507436
final_time,8.369107828029023
