parameter,value
final_pop_size,1.336612023788106e7
fraction_subpop_on,0.015874482396601202
