parameter,value
final_pop_size,2.3614623965693966e7
fraction_subpop_on,0.015863393754757146
