parameter,value
final_pop_size,7.571390539867584e7
fraction_subpop_on,0.015846838658936727
final_time,9.059745568933304
