parameter,value
final_pop_size,8.316896047770102e7
fraction_subpop_on,0.01584702629397278
final_time,9.1551701282164
