parameter,value
final_pop_size,3.2922430905297488e7
fraction_subpop_on,0.015859305116121086
