parameter,value
final_pop_size,9.802474457618985e7
fraction_subpop_on,0.015847315094902153
final_time,9.322162216440299
