parameter,value
final_pop_size,9.842190398894462e7
fraction_subpop_on,0.01585240178921355
