parameter,value
final_pop_size,8.312008747231883e7
fraction_subpop_on,0.01585304056659094
