parameter,value
final_pop_size,1.3566380799968917e7
fraction_subpop_on,0.015837249419042184
final_time,7.312699394505245
