parameter,value
final_pop_size,7.322597084039969e6
fraction_subpop_on,0.015827288057356503
final_time,6.686149698279774
