parameter,value
final_pop_size,2.380503637730168e7
fraction_subpop_on,0.015842274118391723
final_time,7.884052056864815
