parameter,value
final_pop_size,7.564413222554451e7
fraction_subpop_on,0.015853446626157786
