parameter,value
final_pop_size,8.864611613659966e7
fraction_subpop_on,0.015852784441739213
