parameter,value
final_pop_size,7.969495933383533e7
fraction_subpop_on,0.015846943225193116
final_time,9.11181521481273
