parameter,value
final_pop_size,9.611425291316718e7
fraction_subpop_on,0.015852485098780445
