parameter,value
final_pop_size,9.80188783164625e7
fraction_subpop_on,0.015852416056307186
