parameter,value
final_pop_size,4.816699605695134e7
fraction_subpop_on,0.008196767223027576
