parameter,value
final_pop_size,1.7488906985178158e7
fraction_subpop_on,0.013157840874905902
