parameter,value
final_pop_size,2.981308375907358e7
fraction_subpop_on,0.010416657312690633
