parameter,value
final_pop_size,3.5223636368635304e7
fraction_subpop_on,0.009615393748563609
