parameter,value
final_pop_size,2.465703265695867e7
fraction_subpop_on,0.01136360812668053
