parameter,value
final_pop_size,3.1143244865389258e7
fraction_subpop_on,0.010204076977153302
