parameter,value
final_pop_size,3.3849030236735046e7
fraction_subpop_on,0.009803926168422489
