parameter,value
final_pop_size,1.8630864029170834e7
fraction_subpop_on,0.012820462725333404
