parameter,value
final_pop_size,4.2295384915243536e7
fraction_subpop_on,0.008771960367320123
