parameter,value
final_pop_size,1.0010971613927258e7
fraction_subpop_on,0.06403853179224031
final_time,9.373521738543252
