parameter,value
final_pop_size,9.475468208049078e6
fraction_subpop_on,0.06577281015546713
