parameter,value
final_pop_size,1.2602685898941454e7
fraction_subpop_on,0.0567730976335296
final_time,8.530881609743139
