parameter,value
final_pop_size,1.5380612424504034e7
fraction_subpop_on,0.05101974472533768
