parameter,value
final_pop_size,8.126247505615679e6
fraction_subpop_on,0.0713406728365347
final_time,10.194240192244857
