parameter,value
final_pop_size,1.3709994715127908e7
fraction_subpop_on,0.05430818506067152
final_time,8.23845603914904
