parameter,value
final_pop_size,9.047135165718801e6
fraction_subpop_on,0.06749288363024387
final_time,9.764840349729969
