parameter,value
final_pop_size,1.206395730132233e7
fraction_subpop_on,0.05809134212786846
final_time,8.685858620528448
