parameter,value
final_pop_size,1.3151398955986986e7
fraction_subpop_on,0.055513312478798864
final_time,8.381864278308882
