parameter,value
final_pop_size,7.249222725409075e6
fraction_subpop_on,0.07565307134568616
final_time,10.667863319542697
