parameter,value
final_pop_size,8.58126619403099e6
fraction_subpop_on,0.06936351880611297
final_time,9.974425559881315
