parameter,value
final_pop_size,1.5444080958633605e7
fraction_subpop_on,0.05098737258911886
final_time,7.838777238720608
