parameter,value
final_pop_size,4.890852274634605e6
fraction_subpop_on,0.09240327468357944
final_time,12.439962509035627
