parameter,value
final_pop_size,1.101686746381491e7
fraction_subpop_on,0.06092026225377317
final_time,9.015250395415638
