parameter,value
final_pop_size,6.827451503691145e6
fraction_subpop_on,0.07801057223737472
final_time,10.923559551047438
