parameter,value
final_pop_size,5.630546043350997e6
fraction_subpop_on,0.0860537908033864
final_time,11.779986887275726
