parameter,value
final_pop_size,1.0508716755312929e7
fraction_subpop_on,0.06244052556420041
final_time,9.190533576232633
