parameter,value
final_pop_size,7.639522803766642e6
fraction_subpop_on,0.07349861218157866
