parameter,value
final_pop_size,4.538858213722717e6
fraction_subpop_on,0.09594200026303788
final_time,12.802093425509584
