parameter,value
final_pop_size,1.48564341074715e7
fraction_subpop_on,0.05204827557118358
final_time,7.9671994824279135
