parameter,value
final_pop_size,4.507430422968254e6
fraction_subpop_on,0.09605145112647387
