parameter,value
final_pop_size,1.1535316306062005e7
fraction_subpop_on,0.05947220815637018
final_time,8.847176478546379
