parameter,value
final_pop_size,1.0964415591086136e7
fraction_subpop_on,0.060965599546556594
