parameter,value
final_pop_size,6.417000349762512e6
fraction_subpop_on,0.08051948705486253
final_time,11.193288650877863
