parameter,value
final_pop_size,5.220553532380408e6
fraction_subpop_on,0.08921046227643586
