parameter,value
final_pop_size,1.4278372782770919e7
fraction_subpop_on,0.05315423617454211
final_time,8.100333840866561
