parameter,value
final_pop_size,7.682194139748452e6
fraction_subpop_on,0.07343369768819713
final_time,10.42508843481802
