parameter,value
final_pop_size,4.198938900132394e6
fraction_subpop_on,0.09976184459364995
final_time,13.188680228861386
