parameter,value
final_pop_size,5.254790998744992e6
fraction_subpop_on,0.08911580131618412
final_time,12.09994296731757
