parameter,value
final_pop_size,6.017990794184568e6
fraction_subpop_on,0.08319485965302487
final_time,11.478296924144853
