parameter,value
final_pop_size,1.0457655461099967e7
fraction_subpop_on,0.0624880470340159
