parameter,value
final_pop_size,1.1481476538279548e7
fraction_subpop_on,0.059515514589362675
