parameter,value
final_pop_size,9.523740948402409e6
fraction_subpop_on,0.06572039423944125
final_time,9.564758299415047
