parameter,value
final_pop_size,1.5765854431215793e7
fraction_subpop_on,0.03731400710894853
