parameter,value
final_pop_size,7.884135040065618e6
fraction_subpop_on,0.048076997474369595
