parameter,value
final_pop_size,1.1802402792814746e7
fraction_subpop_on,0.04166702789948656
