parameter,value
final_pop_size,1.2339003493616868e7
fraction_subpop_on,0.04098400080113244
