parameter,value
final_pop_size,1.025391264799498e7
fraction_subpop_on,0.04385990681339602
