parameter,value
final_pop_size,3.9900227538246815e6
fraction_subpop_on,0.059523548932453804
