parameter,value
final_pop_size,1.4584774185631514e7
fraction_subpop_on,0.03846205627455824
