parameter,value
final_pop_size,4.6742085069025075e6
fraction_subpop_on,0.05681797590672897
