parameter,value
final_pop_size,1.0759748850508332e7
fraction_subpop_on,0.043103741179652474
