parameter,value
final_pop_size,1.1275948681687482e7
fraction_subpop_on,0.0423732087930922
