parameter,value
final_pop_size,1.517054775594799e7
fraction_subpop_on,0.037879334372498394
