parameter,value
final_pop_size,9.273777078686431e6
fraction_subpop_on,0.04545473097345963
