parameter,value
final_pop_size,5.406792015049089e6
fraction_subpop_on,0.05434768372174298
