parameter,value
final_pop_size,1.4008632258214312e7
fraction_subpop_on,0.03906298823543997
