parameter,value
final_pop_size,1.3442221950592637e7
fraction_subpop_on,0.03968299745282775
