parameter,value
final_pop_size,1.0299339641942706e7
fraction_subpop_on,0.04807712575522833
