parameter,value
final_pop_size,5.444948055830473e6
fraction_subpop_on,0.06097444085054366
