parameter,value
final_pop_size,4.024436588297963e6
fraction_subpop_on,0.06756576806125518
