parameter,value
final_pop_size,1.2386266931241617e7
fraction_subpop_on,0.044643407877605644
