parameter,value
final_pop_size,1.5219667962618189e7
fraction_subpop_on,0.04098449843083183
