parameter,value
final_pop_size,1.581529577910207e7
fraction_subpop_on,0.040323529899073354
