parameter,value
final_pop_size,7.054042922968212e6
fraction_subpop_on,0.05555495770242884
