parameter,value
final_pop_size,8.379660649693357e6
fraction_subpop_on,0.05208311010570683
