parameter,value
final_pop_size,5.829872785199002e6
fraction_subpop_on,0.05952279039798823
