parameter,value
final_pop_size,1.293331555647162e7
fraction_subpop_on,0.043860275870761085
