parameter,value
final_pop_size,1.3490281361721223e7
fraction_subpop_on,0.04310414697533832
