parameter,value
final_pop_size,7.926720871512145e6
fraction_subpop_on,0.05319114659009274
