parameter,value
final_pop_size,8.843508489414206e6
fraction_subpop_on,0.05102029917022975
