parameter,value
final_pop_size,4.361413115285118e6
fraction_subpop_on,0.06578783474764313
