parameter,value
final_pop_size,4.3787341210550904e7
fraction_subpop_on,0.008620473468244672
final_time,9.20423857523515
