parameter,value
final_pop_size,3.661207701737179e7
fraction_subpop_on,0.009433975855381064
