parameter,value
final_pop_size,4.085595892289924e7
fraction_subpop_on,0.008928597875171055
