parameter,value
final_pop_size,1.639523518959762e7
fraction_subpop_on,0.013513292515111831
final_time,15.078684721131522
