parameter,value
final_pop_size,3.942866371455422e7
fraction_subpop_on,0.00909093134421804
