parameter,value
final_pop_size,2.8532139149775036e7
fraction_subpop_on,0.010638062747791194
final_time,11.515226486812077
