parameter,value
final_pop_size,1.98228090847407e7
fraction_subpop_on,0.01249976913102017
final_time,13.780772520430872
