parameter,value
final_pop_size,2.0980481894044835e7
fraction_subpop_on,0.012195080130649136
