parameter,value
final_pop_size,2.5951987140464056e7
fraction_subpop_on,0.011110875192781285
final_time,12.077300471353212
