parameter,value
final_pop_size,1.7514992798272345e7
fraction_subpop_on,0.013157669741873986
final_time,14.617612613151866
