parameter,value
final_pop_size,3.2524246961582515e7
fraction_subpop_on,0.00999976810940491
final_time,10.76947460785984
