parameter,value
final_pop_size,3.117804721362046e7
fraction_subpop_on,0.010203848433608985
final_time,11.006339936490733
