parameter,value
final_pop_size,2.7200953728816103e7
fraction_subpop_on,0.010869546400150842
