parameter,value
final_pop_size,1.6370032044245966e7
fraction_subpop_on,0.013513456204884793
