parameter,value
final_pop_size,2.344250740280113e7
fraction_subpop_on,0.01162767169257311
final_time,12.701680843236337
