parameter,value
final_pop_size,2.849879612784544e7
fraction_subpop_on,0.010638283791923378
