parameter,value
final_pop_size,4.8209579333633415e7
fraction_subpop_on,0.008196512333516297
final_time,8.73453364972
