parameter,value
final_pop_size,2.4688087017931286e7
fraction_subpop_on,0.011363400563252378
final_time,12.381051665071974
