parameter,value
final_pop_size,2.100912017666239e7
fraction_subpop_on,0.01219488908130504
final_time,13.399749064408605
