parameter,value
final_pop_size,3.526053426500184e7
fraction_subpop_on,0.009615155900132481
final_time,10.326927639269009
