parameter,value
final_pop_size,4.525051001883477e7
fraction_subpop_on,0.008474362444635926
final_time,9.041799627087284
