parameter,value
final_pop_size,2.341224380229339e7
fraction_subpop_on,0.011627874107839244
