parameter,value
final_pop_size,1.9795006027675264e7
fraction_subpop_on,0.012499953935482942
