parameter,value
final_pop_size,4.374656000221444e7
fraction_subpop_on,0.00862072419416584
