parameter,value
final_pop_size,4.089548873878442e7
fraction_subpop_on,0.008928350700893912
final_time,9.548530455059295
