parameter,value
final_pop_size,3.6649649701891996e7
fraction_subpop_on,0.009433735369994593
final_time,10.119871038822568
