parameter,value
final_pop_size,2.2186483667749383e7
fraction_subpop_on,0.011904724496140558
