parameter,value
final_pop_size,4.966165596491304e7
fraction_subpop_on,0.008064565623606669
