parameter,value
final_pop_size,3.946755208704842e7
fraction_subpop_on,0.00909068620738494
final_time,9.731196230025077
