parameter,value
final_pop_size,4.672470148051857e7
fraction_subpop_on,0.008333121912882307
final_time,8.885342225237798
