parameter,value
final_pop_size,4.668270920965499e7
fraction_subpop_on,0.008333375557730957
