parameter,value
final_pop_size,3.8052133800494276e7
fraction_subpop_on,0.009259034314919501
final_time,9.921476122848587
