parameter,value
final_pop_size,2.9847162877306115e7
fraction_subpop_on,0.010416432379885578
final_time,11.2546322707166
