parameter,value
final_pop_size,4.520911835930593e7
fraction_subpop_on,0.00847461470449461
