parameter,value
final_pop_size,1.865781637247618e7
fraction_subpop_on,0.012820284556408178
final_time,14.185909771911142
