parameter,value
final_pop_size,2.723354747339332e7
fraction_subpop_on,0.01086932953722181
final_time,11.78909094037756
