parameter,value
final_pop_size,2.221594202012578e7
fraction_subpop_on,0.01190452758089114
final_time,13.040685376719322
