parameter,value
final_pop_size,4.233554559158535e7
fraction_subpop_on,0.008771711333389769
final_time,9.373018911488376
