parameter,value
final_pop_size,3.3885241674865775e7
fraction_subpop_on,0.009803691180645637
final_time,10.543243757122958
