parameter,value
final_pop_size,2.592015617451295e7
fraction_subpop_on,0.01111108756712984
