parameter,value
final_pop_size,3.80138977156872e7
fraction_subpop_on,0.009259277225856734
