parameter,value
final_pop_size,4.970482086976177e7
fraction_subpop_on,0.00806430962160628
final_time,8.58906576942609
