parameter,value
final_pop_size,8.613702055898346e7
fraction_subpop_on,0.003986414231663208
