parameter,value
final_pop_size,8.333597840543601e7
fraction_subpop_on,0.003980593992093347
final_time,9.060131049268746
