parameter,value
final_pop_size,3.8652641330045596e7
fraction_subpop_on,0.0039800417444330796
final_time,8.28879560486945
