parameter,value
final_pop_size,3.3361704182902995e7
fraction_subpop_on,0.003979878399676343
final_time,8.141000936082989
