parameter,value
final_pop_size,9.921953732947224e7
fraction_subpop_on,0.003980670466846235
final_time,9.235282838549951
