parameter,value
final_pop_size,9.961226065057181e7
fraction_subpop_on,0.0039806720487377545
final_time,9.239248938420792
