parameter,value
final_pop_size,9.617017212103443e7
fraction_subpop_on,0.003980657744364089
final_time,9.203942387436229
