parameter,value
final_pop_size,8.866974949945839e7
fraction_subpop_on,0.003986261629782447
