parameter,value
final_pop_size,5.519663998298243e7
fraction_subpop_on,0.0039894089753957215
