parameter,value
final_pop_size,9.950979138929686e7
fraction_subpop_on,0.003980671637194968
final_time,9.23821561442682
