parameter,value
final_pop_size,9.07890649805659e7
fraction_subpop_on,0.003986140479875178
