parameter,value
final_pop_size,9.522357021482801e7
fraction_subpop_on,0.003980653629243929
final_time,9.19401110337606
