parameter,value
final_pop_size,9.254531234966478e7
fraction_subpop_on,0.003986044288924242
