parameter,value
final_pop_size,9.901690071640459e7
fraction_subpop_on,0.0039806696457172315
final_time,9.233230274054854
