parameter,value
final_pop_size,9.612551754689312e7
fraction_subpop_on,0.0039858590845232855
