parameter,value
final_pop_size,7.147939471382901e7
fraction_subpop_on,0.003980514751783269
final_time,8.906046560216344
