parameter,value
final_pop_size,7.988807849296972e7
fraction_subpop_on,0.003980573374397132
final_time,9.01770844929622
