parameter,value
final_pop_size,9.87629713089159e7
fraction_subpop_on,0.003980668611981511
final_time,9.230652211952865
