parameter,value
final_pop_size,9.938108988383393e7
fraction_subpop_on,0.003980671119094415
final_time,9.236916249784336
