parameter,value
final_pop_size,1.931531601054644e7
fraction_subpop_on,0.004004896802814945
