parameter,value
final_pop_size,9.089441591120309e7
fraction_subpop_on,0.003980633716945066
final_time,9.147296218796194
