parameter,value
final_pop_size,2.4021973192714766e7
fraction_subpop_on,0.003979414442963911
final_time,7.811248935914994
