parameter,value
final_pop_size,9.874842684753326e7
fraction_subpop_on,0.00398573192441274
