parameter,value
final_pop_size,4.422747524003991e7
fraction_subpop_on,0.003980171570113738
final_time,8.424065087348044
