parameter,value
final_pop_size,6.12629579030463e7
fraction_subpop_on,0.003980421872121471
final_time,8.751196345965202
