parameter,value
final_pop_size,8.879898364422278e7
fraction_subpop_on,0.003980623381517946
final_time,9.123879642411337
