parameter,value
final_pop_size,6.656474235193701e7
fraction_subpop_on,0.003980473630403173
final_time,8.834527700700901
