parameter,value
final_pop_size,2.8460704437647425e7
fraction_subpop_on,0.003979672909621732
final_time,7.981481768549853
