parameter,value
final_pop_size,9.804791551985054e7
fraction_subpop_on,0.003980665672251713
final_time,9.22335671387885
