parameter,value
final_pop_size,9.263077421184346e7
fraction_subpop_on,0.003980641927014885
final_time,9.16629469802708
