parameter,value
final_pop_size,8.629462195456704e7
fraction_subpop_on,0.00398061037067825
final_time,9.095157383742162
