parameter,value
final_pop_size,9.398901825435683e7
fraction_subpop_on,0.003985967908213667
