parameter,value
final_pop_size,2.0083113678389683e7
fraction_subpop_on,0.00397908940748633
final_time,7.631443830514232
