parameter,value
final_pop_size,3.801090413403456e7
fraction_subpop_on,0.003993178475774428
