parameter,value
final_pop_size,5.568112693253872e7
fraction_subpop_on,0.003980356728679285
final_time,8.655280433865446
