parameter,value
final_pop_size,9.844514078485116e7
fraction_subpop_on,0.003980667310592389
final_time,9.227416026269413
