parameter,value
final_pop_size,9.752375254184623e7
fraction_subpop_on,0.003985790446056645
