parameter,value
final_pop_size,4.9953091377477214e7
fraction_subpop_on,0.0039802747435060465
final_time,8.546289753813522
