parameter,value
final_pop_size,9.755237780147175e7
fraction_subpop_on,0.003980663609720677
final_time,9.218269612757254
