parameter,value
final_pop_size,9.405806633395557e7
fraction_subpop_on,0.003980648448725568
final_time,9.181646706094222
