parameter,value
final_pop_size,9.69356165977131e7
fraction_subpop_on,0.003980661013175935
final_time,9.211901834513919
