parameter,value
final_pop_size,2.5871707947023507e7
fraction_subpop_on,0.009259261043367417
