parameter,value
final_pop_size,2.3364669480678424e7
fraction_subpop_on,0.009615385404271464
