parameter,value
final_pop_size,2.715212930319989e7
fraction_subpop_on,0.009090911446065523
