parameter,value
final_pop_size,3.2438751439427126e7
fraction_subpop_on,0.008474581349926753
