parameter,value
final_pop_size,2.2139412766634498e7
fraction_subpop_on,0.009803921936669825
