parameter,value
final_pop_size,4.9610526988862686e7
fraction_subpop_on,0.007042269628260561
