parameter,value
final_pop_size,1.9749090691551387e7
fraction_subpop_on,0.010204081318077063
