parameter,value
final_pop_size,3.109350438389419e7
fraction_subpop_on,0.00862069399191113
