parameter,value
final_pop_size,4.369551946942981e7
fraction_subpop_on,0.00746269867934921
