parameter,value
final_pop_size,4.0805057972673036e7
fraction_subpop_on,0.0076923178987044665
