parameter,value
final_pop_size,4.663159543036558e7
fraction_subpop_on,0.007246390896309568
