parameter,value
final_pop_size,2.9763615537092812e7
fraction_subpop_on,0.008771933458375366
