parameter,value
final_pop_size,3.656153089709436e7
fraction_subpop_on,0.008064523642341134
