parameter,value
final_pop_size,4.2244405319698706e7
fraction_subpop_on,0.007575768725592791
