parameter,value
final_pop_size,1.967066086640816e7
fraction_subpop_on,0.019967898374580517
