parameter,value
final_pop_size,8.607011313588516e7
fraction_subpop_on,0.019956114184585302
