parameter,value
final_pop_size,7.958040555908929e7
fraction_subpop_on,0.019956398875213093
