parameter,value
final_pop_size,3.814076668228762e7
fraction_subpop_on,0.01996050117088869
