parameter,value
final_pop_size,8.840331297156684e6
fraction_subpop_on,0.019986612121188064
