parameter,value
final_pop_size,9.073813723043191e7
fraction_subpop_on,0.019955934588271013
