parameter,value
final_pop_size,5.741187515208126e6
fraction_subpop_on,0.020004959668519996
