parameter,value
final_pop_size,9.610092609591925e7
fraction_subpop_on,0.01995574979769012
