parameter,value
final_pop_size,8.307134698908027e7
fraction_subpop_on,0.01995624020634424
