parameter,value
final_pop_size,9.395285141500457e7
fraction_subpop_on,0.01995582128326301
