parameter,value
final_pop_size,5.5183885081910916e7
fraction_subpop_on,0.019958068104643623
