parameter,value
final_pop_size,1.0896891558235953e7
fraction_subpop_on,0.019980197414046417
