parameter,value
final_pop_size,9.750748492593485e7
fraction_subpop_on,0.019955704695364306
