parameter,value
final_pop_size,7.558129592837653e7
fraction_subpop_on,0.01995659865400918
