parameter,value
final_pop_size,2.7987961536064107e7
fraction_subpop_on,0.019963358971521194
