parameter,value
final_pop_size,6.612832547336279e7
fraction_subpop_on,0.019957166947922798
