parameter,value
final_pop_size,4.9439906958680406e7
fraction_subpop_on,0.019958700704987484
