parameter,value
final_pop_size,3.2865577518442053e7
fraction_subpop_on,0.019961765656566537
