parameter,value
final_pop_size,7.108351853591248e7
fraction_subpop_on,0.019956850202241798
