parameter,value
final_pop_size,1.6270710461257368e7
fraction_subpop_on,0.019971090306929326
