parameter,value
final_pop_size,9.513801769091648e7
fraction_subpop_on,0.019955781443037727
