parameter,value
final_pop_size,4.370949263323206e7
fraction_subpop_on,0.019959497486369496
