parameter,value
final_pop_size,6.079192282476819e7
fraction_subpop_on,0.01995756580908402
