parameter,value
final_pop_size,3.937309068548309e7
fraction_subpop_on,0.007692315753708613
