parameter,value
final_pop_size,3.7958467300767824e7
fraction_subpop_on,0.007812507288974127
