parameter,value
final_pop_size,1.8581616054486826e7
fraction_subpop_on,0.010204081420407475
