parameter,value
final_pop_size,2.460466076499109e7
fraction_subpop_on,0.009259260547782887
