parameter,value
final_pop_size,4.811099284225735e7
fraction_subpop_on,0.00704226663806743
