parameter,value
final_pop_size,1.6322459511108015e7
fraction_subpop_on,0.010638297362377057
