parameter,value
final_pop_size,2.714768177550554e7
fraction_subpop_on,0.008928573621039626
