parameter,value
final_pop_size,3.655681324437285e7
fraction_subpop_on,0.007936514478404565
