parameter,value
final_pop_size,4.223959272491058e7
fraction_subpop_on,0.0074626962413443364
