parameter,value
final_pop_size,1.7440462204631947e7
fraction_subpop_on,0.010416666284941995
