parameter,value
final_pop_size,3.1088922360834558e7
fraction_subpop_on,0.008474580119315414
