parameter,value
final_pop_size,4.9605640591710955e7
fraction_subpop_on,0.006944458456635565
