parameter,value
final_pop_size,4.515318601331509e7
fraction_subpop_on,0.0072463881759679705
