parameter,value
final_pop_size,4.0800265778812535e7
fraction_subpop_on,0.007575766432896053
