parameter,value
final_pop_size,3.379417847980296e7
fraction_subpop_on,0.008196726443494349
