parameter,value
final_pop_size,2.0929817531044915e7
fraction_subpop_on,0.009803921824603956
