parameter,value
final_pop_size,1.9745019559774462e7
fraction_subpop_on,0.009999999999999998
