parameter,value
final_pop_size,3.516856489931944e7
fraction_subpop_on,0.00806452195125752
