parameter,value
final_pop_size,4.3690688495673716e7
fraction_subpop_on,0.007352951687032982
