parameter,value
final_pop_size,2.2135198148189418e7
fraction_subpop_on,0.009615385171517986
