parameter,value
final_pop_size,1.5976386554621853e7
fraction_subpop_on,0.049999999999999996
