parameter,value
final_pop_size,9.09108874143267e7
fraction_subpop_on,0.0019950428404513906
final_time,9.13127220125581
