parameter,value
final_pop_size,9.876541967432506e7
fraction_subpop_on,0.001995060294634075
final_time,9.214305629883723
