parameter,value
final_pop_size,9.512207750978492e7
fraction_subpop_on,0.002000308960179092
