parameter,value
final_pop_size,9.247443661772995e7
fraction_subpop_on,0.002000453450967195
