parameter,value
final_pop_size,9.406919554624723e7
fraction_subpop_on,0.001995050209156409
final_time,9.165491336774721
