parameter,value
final_pop_size,3.869973323464006e7
fraction_subpop_on,0.0019947467397573204
final_time,8.275517983110152
