parameter,value
final_pop_size,9.523263099510734e7
fraction_subpop_on,0.0019950528004050033
final_time,9.17780792031769
