parameter,value
final_pop_size,9.922109646399353e7
fraction_subpop_on,0.0019950612224204113
final_time,9.218917949197229
