parameter,value
final_pop_size,3.34058345052291e7
fraction_subpop_on,0.0019946650353784958
final_time,8.128121834659407
