parameter,value
final_pop_size,8.881877449176814e7
fraction_subpop_on,0.001995037670762022
final_time,9.107943945007136
