parameter,value
final_pop_size,4.3097588144490145e7
fraction_subpop_on,0.0020064009284625362
