parameter,value
final_pop_size,6.131013630557039e7
fraction_subpop_on,0.0019949368773764676
final_time,8.73655015084387
