parameter,value
final_pop_size,9.264436288794823e7
fraction_subpop_on,0.0019950469470551954
final_time,9.150198299919234
