parameter,value
final_pop_size,5.573017738908754e7
fraction_subpop_on,0.001994904293084068
final_time,8.640936007790845
