parameter,value
final_pop_size,9.75002299008898e7
fraction_subpop_on,0.002000185866198843
