parameter,value
final_pop_size,9.617751321453026e7
fraction_subpop_on,0.0019950548587508625
final_time,9.187700591086182
