parameter,value
final_pop_size,5.000277261143292e7
fraction_subpop_on,0.0019948632846330063
final_time,8.532275915027114
