parameter,value
final_pop_size,8.298409696262667e7
fraction_subpop_on,0.002001047126690895
