parameter,value
final_pop_size,8.336360199408239e7
fraction_subpop_on,0.001995022970426747
final_time,9.044430969756139
