parameter,value
final_pop_size,7.992003451269089e7
fraction_subpop_on,0.0019950126576298733
final_time,9.002161420257764
