parameter,value
final_pop_size,9.938233238594498e7
fraction_subpop_on,0.0019950615486689677
final_time,9.220544892669338
