parameter,value
final_pop_size,6.660899361777921e7
fraction_subpop_on,0.0019949627664835167
final_time,8.81961027438139
