parameter,value
final_pop_size,8.600477357274796e7
fraction_subpop_on,0.00200084395139333
