parameter,value
final_pop_size,9.755714386825027e7
fraction_subpop_on,0.0019950577925489047
final_time,9.201971780209277
