parameter,value
final_pop_size,9.949917198848821e7
fraction_subpop_on,0.0020000869518704383
