parameter,value
final_pop_size,9.694154106399818e7
fraction_subpop_on,0.001995056493780865
final_time,9.195628956018412
