parameter,value
final_pop_size,8.63181508603897e7
fraction_subpop_on,0.0019950311628537
final_time,9.079328703313195
