parameter,value
final_pop_size,7.151993301198913e7
fraction_subpop_on,0.001994983335077408
final_time,8.890889060142975
