parameter,value
final_pop_size,9.975917264518186e7
fraction_subpop_on,0.001995062307063634
final_time,9.224337110996354
