parameter,value
final_pop_size,6.586690330535933e7
fraction_subpop_on,0.0020025504574616992
