parameter,value
final_pop_size,9.961304826892336e7
fraction_subpop_on,0.001995062013668031
final_time,9.222868335539115
