parameter,value
final_pop_size,7.596975613220224e7
fraction_subpop_on,0.0019949996759376963
final_time,8.951368838015537
