parameter,value
final_pop_size,9.844820328142506e7
fraction_subpop_on,0.0019950596436911446
final_time,9.211082213639838
