parameter,value
final_pop_size,7.542745342509204e7
fraction_subpop_on,0.002001626673767324
