parameter,value
final_pop_size,9.90188555387705e7
fraction_subpop_on,0.0019950608116992125
final_time,9.216873504744466
