parameter,value
final_pop_size,6.045864723786698e7
fraction_subpop_on,0.002003202409542309
