parameter,value
final_pop_size,9.969443218504749e7
fraction_subpop_on,0.0019950621771807155
final_time,9.223686635093296
