parameter,value
final_pop_size,9.920275710108465e7
fraction_subpop_on,0.0020001013677419903
