parameter,value
final_pop_size,9.805173991378057e7
fraction_subpop_on,0.0019950588242081103
final_time,9.207038889765817
