parameter,value
final_pop_size,9.981065782854065e7
fraction_subpop_on,0.001995062410233415
final_time,9.224854104029488
