parameter,value
final_pop_size,4.8929069464009315e7
fraction_subpop_on,0.0020050734023676167
