parameter,value
final_pop_size,4.427648053542416e7
fraction_subpop_on,0.0019948116779058512
final_time,8.410407974754058
