parameter,value
final_pop_size,9.951078090250823e7
fraction_subpop_on,0.0019950618078181086
final_time,9.221839108515464
