parameter,value
final_pop_size,9.070141230845276e7
fraction_subpop_on,0.0020005549268988653
