parameter,value
final_pop_size,1.7497924106439434e7
fraction_subpop_on,0.012195035116167225
final_time,14.617612613151866
