parameter,value
final_pop_size,1.8613597913876556e7
fraction_subpop_on,0.011904747462459423
