parameter,value
final_pop_size,2.851374677078338e7
fraction_subpop_on,0.00999988917291376
final_time,11.515226486812077
