parameter,value
final_pop_size,3.524187531231961e7
fraction_subpop_on,0.009090792659541701
final_time,10.326927639269009
