parameter,value
final_pop_size,3.803342989451269e7
fraction_subpop_on,0.008771812259856899
final_time,9.921476122848587
