parameter,value
final_pop_size,4.376862765925167e7
fraction_subpop_on,0.008196602933138977
final_time,9.20423857523515
