parameter,value
final_pop_size,2.2168678116689365e7
fraction_subpop_on,0.011111101133144497
