parameter,value
final_pop_size,3.7995208424220435e7
fraction_subpop_on,0.008771946246403182
