parameter,value
final_pop_size,4.231682561242036e7
fraction_subpop_on,0.00833321499905826
final_time,9.373018911488376
