parameter,value
final_pop_size,3.5204993035855204e7
fraction_subpop_on,0.009090920706463265
