parameter,value
final_pop_size,3.2505665527292065e7
fraction_subpop_on,0.00943384755500299
final_time,10.76947460785984
