parameter,value
final_pop_size,3.6630964499980606e7
fraction_subpop_on,0.008928454362140348
final_time,10.119871038822568
