parameter,value
final_pop_size,1.637841035381992e7
fraction_subpop_on,0.012499917194078525
final_time,15.078684721131522
