parameter,value
final_pop_size,3.386661710123087e7
fraction_subpop_on,0.009259143610054338
final_time,10.543243757122958
