parameter,value
final_pop_size,4.087676792957048e7
fraction_subpop_on,0.008474458081598857
final_time,9.548530455059295
