parameter,value
final_pop_size,2.4669990510789167e7
fraction_subpop_on,0.010638192773859594
final_time,12.381051665071974
