parameter,value
final_pop_size,4.814834291897693e7
fraction_subpop_on,0.007812532970655104
