parameter,value
final_pop_size,2.982869677710157e7
fraction_subpop_on,0.009803809258701324
final_time,11.2546322707166
