parameter,value
final_pop_size,4.8190914757901855e7
fraction_subpop_on,0.007812382017680401
final_time,8.73453364972
