parameter,value
final_pop_size,4.670601599291861e7
fraction_subpop_on,0.007936389741236675
final_time,8.885342225237798
