parameter,value
final_pop_size,4.968618135167354e7
fraction_subpop_on,0.00769218999517928
final_time,8.58906576942609
