parameter,value
final_pop_size,2.463895620068789e7
fraction_subpop_on,0.010638291584866023
