parameter,value
final_pop_size,3.38304218019733e7
fraction_subpop_on,0.009259268488743404
