parameter,value
final_pop_size,2.7215240638314616e7
fraction_subpop_on,0.010203972493494043
final_time,11.78909094037756
