parameter,value
final_pop_size,3.2470169175093736e7
fraction_subpop_on,0.009433969129580553
