parameter,value
final_pop_size,4.523180808975557e7
fraction_subpop_on,0.008064397799469169
final_time,9.041799627087284
