parameter,value
final_pop_size,4.227667812452267e7
fraction_subpop_on,0.00833335695010156
