parameter,value
final_pop_size,3.9448836479763456e7
fraction_subpop_on,0.008620571719180306
final_time,9.731196230025077
