parameter,value
final_pop_size,2.3424537757718287e7
fraction_subpop_on,0.010869462496170375
final_time,12.701680843236337
