parameter,value
final_pop_size,1.864052720721275e7
fraction_subpop_on,0.01190467133070467
final_time,14.185909771911142
