parameter,value
final_pop_size,2.099145349035755e7
fraction_subpop_on,0.011363539168687962
final_time,13.399749064408605
