parameter,value
final_pop_size,2.593377859641139e7
fraction_subpop_on,0.010416559432919347
final_time,12.077300471353212
