parameter,value
final_pop_size,1.980532111704156e7
fraction_subpop_on,0.011627812951250616
final_time,13.780772520430872
