parameter,value
final_pop_size,2.2198115228556994e7
fraction_subpop_on,0.01111101102079075
final_time,13.040685376719322
