parameter,value
final_pop_size,3.115951835913043e7
fraction_subpop_on,0.009615271015441332
final_time,11.006339936490733
