parameter,value
final_pop_size,1.1820124893997528e7
fraction_subpop_on,0.043103871761177456
