parameter,value
final_pop_size,4.032035258819522e6
fraction_subpop_on,0.0624970350021551
final_time,13.188680228861386
