parameter,value
final_pop_size,1.1346926949221091e7
fraction_subpop_on,0.04385692953605718
final_time,8.847176478546379
