parameter,value
final_pop_size,5.420952094167933e6
fraction_subpop_on,0.05681782390833945
