parameter,value
final_pop_size,7.500730172388272e6
fraction_subpop_on,0.05101742708847562
final_time,10.42508843481802
