parameter,value
final_pop_size,8.862577705689356e6
fraction_subpop_on,0.04807402485441563
final_time,9.764840349729969
