parameter,value
final_pop_size,1.4087422519129712e7
fraction_subpop_on,0.04032006100981509
final_time,8.100333840866561
