parameter,value
final_pop_size,1.466509415668761e7
fraction_subpop_on,0.03968006065488191
final_time,7.9671994824279135
