parameter,value
final_pop_size,4.339059709597881e6
fraction_subpop_on,0.060975081541770844
