parameter,value
final_pop_size,4.369831095756527e6
fraction_subpop_on,0.060972612471777696
final_time,12.802093425509584
