parameter,value
final_pop_size,1.1874965981604008e7
fraction_subpop_on,0.0431007677901286
final_time,8.685858620528448
