parameter,value
final_pop_size,9.775469574988874e6
fraction_subpop_on,0.04629651964349088
