parameter,value
final_pop_size,5.455999605496077e6
fraction_subpop_on,0.056815142207155035
final_time,11.779986887275726
