parameter,value
final_pop_size,6.239384860554592e6
fraction_subpop_on,0.05434479439303108
final_time,11.193288650877863
