parameter,value
final_pop_size,7.943675848985894e6
fraction_subpop_on,0.049997043636637206
final_time,10.194240192244857
