parameter,value
final_pop_size,1.3460459979647042e7
fraction_subpop_on,0.040984163194591236
