parameter,value
final_pop_size,1.027104553288028e7
fraction_subpop_on,0.04545482118684934
