parameter,value
final_pop_size,1.0321685636221465e7
fraction_subpop_on,0.045451750290598295
final_time,9.190533576232633
