parameter,value
final_pop_size,1.2356905246065006e7
fraction_subpop_on,0.04237335085841551
