parameter,value
final_pop_size,9.824703247088147e6
fraction_subpop_on,0.04629346512480001
final_time,9.373521738543252
