parameter,value
final_pop_size,4.719850752565391e6
fraction_subpop_on,0.05952078970886161
final_time,12.439962509035627
