parameter,value
final_pop_size,7.458567184435705e6
fraction_subpop_on,0.05102034949414003
