parameter,value
final_pop_size,7.068950018815214e6
fraction_subpop_on,0.05208033109194128
final_time,10.667863319542697
