parameter,value
final_pop_size,1.5252387023830459e7
fraction_subpop_on,0.03906006151039835
final_time,7.838777238720608
