parameter,value
final_pop_size,1.402702755591244e7
fraction_subpop_on,0.040323178416866445
