parameter,value
final_pop_size,5.841854622000252e6
fraction_subpop_on,0.05555251685122307
final_time,11.478296924144853
