parameter,value
final_pop_size,6.6484594935870115e6
fraction_subpop_on,0.05318847004525399
final_time,10.923559551047438
