parameter,value
final_pop_size,5.0819530586218815e6
fraction_subpop_on,0.05813650127638926
final_time,12.09994296731757
