parameter,value
final_pop_size,1.2413140114954064e7
fraction_subpop_on,0.042370240577910875
final_time,8.530881609743139
