parameter,value
final_pop_size,1.2961343507976588e7
fraction_subpop_on,0.041664066030988246
final_time,8.381864278308882
