parameter,value
final_pop_size,1.5784681599021832e7
fraction_subpop_on,0.03846225014565357
