parameter,value
final_pop_size,9.338295830949647e6
fraction_subpop_on,0.04716694569160634
final_time,9.564758299415047
