parameter,value
final_pop_size,1.5189237345510373e7
fraction_subpop_on,0.039063175268590426
