parameter,value
final_pop_size,1.351947188902969e7
fraction_subpop_on,0.04098104634703612
final_time,8.23845603914904
