parameter,value
final_pop_size,8.397665028083388e6
fraction_subpop_on,0.049016679244262826
final_time,9.974425559881315
