parameter,value
final_pop_size,1.584920277417864e7
fraction_subpop_on,0.038459140351108534
final_time,7.714811755542912
