parameter,value
final_pop_size,1.0829130467642836e7
fraction_subpop_on,0.04464009925663179
final_time,9.015250395415638
