parameter,value
final_pop_size,2.2281694658456348e7
fraction_subpop_on,0.016126913675898136
