parameter,value
final_pop_size,1.7584363521633342e7
fraction_subpop_on,0.018514903382294636
