parameter,value
final_pop_size,3.394142440613316e7
fraction_subpop_on,0.012499403608857085
