parameter,value
final_pop_size,4.094612020847318e7
fraction_subpop_on,0.01111088697255551
