parameter,value
final_pop_size,2.7295189127194338e7
fraction_subpop_on,0.014284474280249659
