parameter,value
final_pop_size,3.123643721703554e7
fraction_subpop_on,0.013157083719743555
