parameter,value
final_pop_size,2.859270790891807e7
fraction_subpop_on,0.01388780885230412
