parameter,value
final_pop_size,2.6014687025790438e7
fraction_subpop_on,0.014704461979763618
