parameter,value
final_pop_size,1.9890453261130396e7
fraction_subpop_on,0.01723861655901717
