parameter,value
final_pop_size,4.974889216935586e7
fraction_subpop_on,0.00980395475518302
