parameter,value
final_pop_size,2.9906646912985437e7
fraction_subpop_on,0.013512575717380054
