parameter,value
final_pop_size,3.810498436564224e7
fraction_subpop_on,0.011627556728233438
