parameter,value
final_pop_size,2.3507266600745086e7
fraction_subpop_on,0.015623144460154436
