parameter,value
final_pop_size,3.6703611771901265e7
fraction_subpop_on,0.011904338130047645
