parameter,value
final_pop_size,2.4751827281993207e7
fraction_subpop_on,0.015149890852211141
