parameter,value
final_pop_size,3.3920988018111296e7
fraction_subpop_on,0.011904463822642836
