parameter,value
final_pop_size,1.6442398836908285e7
fraction_subpop_on,0.017855211193745724
