parameter,value
final_pop_size,1.7561545910086434e7
fraction_subpop_on,0.017239665667553538
