parameter,value
final_pop_size,4.973031356197007e7
fraction_subpop_on,0.009434030211340205
