parameter,value
final_pop_size,2.47301066661515e7
fraction_subpop_on,0.014284890503800239
