parameter,value
final_pop_size,1.8703707760277566e7
fraction_subpop_on,0.016665146447350586
