parameter,value
final_pop_size,3.6683530442054935e7
fraction_subpop_on,0.01136343395134317
