parameter,value
final_pop_size,3.529534952203539e7
fraction_subpop_on,0.011627658938028486
