parameter,value
final_pop_size,3.8085077907912254e7
fraction_subpop_on,0.011110950347355108
