parameter,value
final_pop_size,1.9867994097131766e7
fraction_subpop_on,0.016127684122943683
