parameter,value
final_pop_size,1.755043237520327e7
fraction_subpop_on,0.015150399831606065
final_time,14.617612613151866
