parameter,value
final_pop_size,3.808843989673972e7
fraction_subpop_on,0.010203413684407534
final_time,9.921476122848587
