parameter,value
final_pop_size,4.8202565602518626e7
fraction_subpop_on,0.008928636778954373
