parameter,value
final_pop_size,2.8568692196225386e7
fraction_subpop_on,0.011903930733633633
final_time,11.515226486812077
