parameter,value
final_pop_size,3.6686027464927815e7
fraction_subpop_on,0.01041597812932393
final_time,10.119871038822568
