parameter,value
final_pop_size,2.598847068795373e7
fraction_subpop_on,0.012499113222641528
final_time,12.077300471353212
