parameter,value
final_pop_size,3.9503777121480405e7
fraction_subpop_on,0.009999351824364474
final_time,9.731196230025077
