parameter,value
final_pop_size,1.985870356303166e7
fraction_subpop_on,0.014284669413495377
final_time,13.780772520430872
