parameter,value
final_pop_size,1.983086116962912e7
fraction_subpop_on,0.014285401074072593
