parameter,value
final_pop_size,4.093162415253716e7
fraction_subpop_on,0.009803292383456364
final_time,9.548530455059295
