parameter,value
final_pop_size,4.676040725413901e7
fraction_subpop_on,0.00909034870227773
final_time,8.885342225237798
