parameter,value
final_pop_size,1.866650876958058e7
fraction_subpop_on,0.014705537153461767
