parameter,value
final_pop_size,4.974027767440808e7
fraction_subpop_on,0.0087713999644802
final_time,8.58906576942609
