parameter,value
final_pop_size,4.237158359288761e7
fraction_subpop_on,0.009614773672079262
final_time,9.373018911488376
