parameter,value
final_pop_size,2.225215474849909e7
fraction_subpop_on,0.01351253513584613
final_time,13.040685376719322
