parameter,value
final_pop_size,2.1045189303534783e7
fraction_subpop_on,0.013887877790365632
final_time,13.399749064408605
