parameter,value
final_pop_size,3.392173085466185e7
fraction_subpop_on,0.010868832912378936
final_time,10.543243757122958
