parameter,value
final_pop_size,3.256077380825874e7
fraction_subpop_on,0.011110355557130708
final_time,10.76947460785984
