parameter,value
final_pop_size,2.988372301981596e7
fraction_subpop_on,0.011627102022138607
final_time,11.2546322707166
