parameter,value
final_pop_size,1.643038746049869e7
fraction_subpop_on,0.015623848219606586
final_time,15.078684721131522
