parameter,value
final_pop_size,2.47245045710205e7
fraction_subpop_on,0.012819596611286666
final_time,12.381051665071974
