parameter,value
final_pop_size,3.529697338774334e7
fraction_subpop_on,0.010637587894485963
final_time,10.326927639269009
