parameter,value
final_pop_size,2.3478835439911224e7
fraction_subpop_on,0.013156947993914241
final_time,12.701680843236337
