parameter,value
final_pop_size,4.524492507755024e7
fraction_subpop_on,0.00925930536411009
