parameter,value
final_pop_size,2.4693417096857324e7
fraction_subpop_on,0.012820311394626149
