parameter,value
final_pop_size,4.5286332579370506e7
fraction_subpop_on,0.009258682683237865
final_time,9.041799627087284
