parameter,value
final_pop_size,3.1214598148113623e7
fraction_subpop_on,0.011362856604267509
final_time,11.006339936490733
