parameter,value
final_pop_size,2.101651330899252e7
fraction_subpop_on,0.013888605999183526
