parameter,value
final_pop_size,1.75243038455689e7
fraction_subpop_on,0.015151136268667313
