parameter,value
final_pop_size,2.7270075558845054e7
fraction_subpop_on,0.012194263513867053
final_time,11.78909094037756
