parameter,value
final_pop_size,1.8693502118005473e7
fraction_subpop_on,0.01470480271114536
final_time,14.185909771911142
