parameter,value
final_pop_size,4.824516302092746e7
fraction_subpop_on,0.008928026602562396
final_time,8.73453364972
