parameter,value
final_pop_size,4.3823274711827874e7
fraction_subpop_on,0.009433368846712979
final_time,9.20423857523515
