parameter,value
final_pop_size,4.229990119036403e7
fraction_subpop_on,0.007936443689048204
final_time,9.373018911488376
