parameter,value
final_pop_size,4.668904060783696e7
fraction_subpop_on,0.0075756913505568135
final_time,8.885342225237798
