parameter,value
final_pop_size,2.8464147630761363e7
fraction_subpop_on,0.009433965398700617
