parameter,value
final_pop_size,1.6363959670935426e7
fraction_subpop_on,0.01162787577916444
final_time,15.078684721131522
