parameter,value
final_pop_size,1.8598659435972977e7
fraction_subpop_on,0.011111107515049448
