parameter,value
final_pop_size,2.591773199392187e7
fraction_subpop_on,0.009803872639772632
final_time,12.077300471353212
