parameter,value
final_pop_size,2.0976065059888627e7
fraction_subpop_on,0.010638257120166876
final_time,13.399749064408605
