parameter,value
final_pop_size,4.817393266645384e7
fraction_subpop_on,0.007462619813734401
final_time,8.73453364972
