parameter,value
final_pop_size,2.8497454883219447e7
fraction_subpop_on,0.009433909840374326
final_time,11.515226486812077
