parameter,value
final_pop_size,3.2489091357525352e7
fraction_subpop_on,0.008928514506592563
final_time,10.76947460785984
