parameter,value
final_pop_size,2.3378565953244556e7
fraction_subpop_on,0.01020408073546376
