parameter,value
final_pop_size,2.340878977062691e7
fraction_subpop_on,0.010204036598935621
final_time,12.701680843236337
