parameter,value
final_pop_size,2.7199065164457913e7
fraction_subpop_on,0.009615333888836272
final_time,11.78909094037756
