parameter,value
final_pop_size,1.6338802335788779e7
fraction_subpop_on,0.01162790262962805
