parameter,value
final_pop_size,1.862556793952373e7
fraction_subpop_on,0.011111074991960753
final_time,14.185909771911142
