parameter,value
final_pop_size,1.9790137981652502e7
fraction_subpop_on,0.010869526740984825
final_time,13.780772520430872
