parameter,value
final_pop_size,2.465408609747774e7
fraction_subpop_on,0.009999952969129079
final_time,12.381051665071974
