parameter,value
final_pop_size,4.966919715067845e7
fraction_subpop_on,0.007352873955038745
final_time,8.58906576942609
