parameter,value
final_pop_size,3.38499688098017e7
fraction_subpop_on,0.008771871595103743
final_time,10.543243757122958
