parameter,value
final_pop_size,3.943197540156725e7
fraction_subpop_on,0.00819665874266499
final_time,9.731196230025077
