parameter,value
final_pop_size,3.110825932712975e7
fraction_subpop_on,0.009090914624677471
