parameter,value
final_pop_size,3.801661053339566e7
fraction_subpop_on,0.00833327172178534
final_time,9.921476122848587
