parameter,value
final_pop_size,4.521484432331186e7
fraction_subpop_on,0.007692242058699314
final_time,9.041799627087284
