parameter,value
final_pop_size,3.5225161825111024e7
fraction_subpop_on,0.008620630210211496
final_time,10.326927639269009
