parameter,value
final_pop_size,3.1143027851349525e7
fraction_subpop_on,0.009090853570953693
final_time,11.006339936490733
