parameter,value
final_pop_size,2.981230012897737e7
fraction_subpop_on,0.009259205238103564
final_time,11.2546322707166
