parameter,value
final_pop_size,1.7483208542856667e7
fraction_subpop_on,0.0113636026744338
final_time,14.617612613151866
