parameter,value
final_pop_size,4.0859871977422476e7
fraction_subpop_on,0.008064452682682355
final_time,9.548530455059295
