parameter,value
final_pop_size,4.664707256111234e7
fraction_subpop_on,0.007575778713461042
