parameter,value
final_pop_size,4.962605494219139e7
fraction_subpop_on,0.007352965316494301
