parameter,value
final_pop_size,4.375168076055718e7
fraction_subpop_on,0.0078124350245523215
final_time,9.20423857523515
