parameter,value
final_pop_size,2.0947468595751815e7
fraction_subpop_on,0.010638295437267423
