parameter,value
final_pop_size,2.218253888650267e7
fraction_subpop_on,0.010416623727032143
final_time,13.040685376719322
