parameter,value
final_pop_size,3.661419416852053e7
fraction_subpop_on,0.008474515699869182
final_time,10.119871038822568
