parameter,value
final_pop_size,5.7542914711329965e6
fraction_subpop_on,0.04716983544124971
