parameter,value
final_pop_size,4.672547234223162e6
fraction_subpop_on,0.049999649879894574
final_time,12.439962509035627
