parameter,value
final_pop_size,8.80331818231875e6
fraction_subpop_on,0.041666136555600634
final_time,9.764840349729969
