parameter,value
final_pop_size,6.5945891706040185e6
fraction_subpop_on,0.04545409242093682
final_time,10.923559551047438
