parameter,value
final_pop_size,1.289540939038405e7
fraction_subpop_on,0.036764102621483295
final_time,8.381864278308882
