parameter,value
final_pop_size,7.886444532567552e6
fraction_subpop_on,0.04310294585030685
final_time,10.194240192244857
