parameter,value
final_pop_size,1.4597157742235372e7
fraction_subpop_on,0.03521064992724885
final_time,7.9671994824279135
