parameter,value
final_pop_size,7.402709198936362e6
fraction_subpop_on,0.043859715443467874
