parameter,value
final_pop_size,5.03323123399896e6
fraction_subpop_on,0.04901923523592489
final_time,12.09994296731757
