parameter,value
final_pop_size,1.1283250163503714e7
fraction_subpop_on,0.038460956165722655
final_time,8.847176478546379
