parameter,value
final_pop_size,5.405913782085016e6
fraction_subpop_on,0.048076528878183644
final_time,11.779986887275726
