parameter,value
final_pop_size,1.2838046502465326e7
fraction_subpop_on,0.036764918567129413
