parameter,value
final_pop_size,6.186726613752979e6
fraction_subpop_on,0.04629586184518183
final_time,11.193288650877863
