parameter,value
final_pop_size,9.230542013236413e6
fraction_subpop_on,0.04098372297390912
