parameter,value
final_pop_size,4.293543505016721e6
fraction_subpop_on,0.05102040185926324
