parameter,value
final_pop_size,1.40201270033423e7
fraction_subpop_on,0.035713672175407274
final_time,8.100333840866561
