parameter,value
final_pop_size,7.013914650663255e6
fraction_subpop_on,0.04464238658374788
final_time,10.667863319542697
