parameter,value
final_pop_size,1.3452843460101971e7
fraction_subpop_on,0.036231275312882116
final_time,8.23845603914904
