parameter,value
final_pop_size,1.0259670970136972e7
fraction_subpop_on,0.03968197549571769
final_time,9.190533576232633
