parameter,value
final_pop_size,1.5183834906112863e7
fraction_subpop_on,0.03472160102329453
final_time,7.838777238720608
