parameter,value
final_pop_size,5.790457269481357e6
fraction_subpop_on,0.047169396491658126
final_time,11.478296924144853
