parameter,value
final_pop_size,1.0714500269718753e7
fraction_subpop_on,0.03906265698678099
