parameter,value
final_pop_size,1.5780059197566308e7
fraction_subpop_on,0.03424595120760545
final_time,7.714811755542912
