parameter,value
final_pop_size,3.9877385169403935e6
fraction_subpop_on,0.052083030504365316
final_time,13.188680228861386
