parameter,value
final_pop_size,7.444575041213969e6
fraction_subpop_on,0.04385916210102442
final_time,10.42508843481802
