parameter,value
final_pop_size,1.0766268183228526e7
fraction_subpop_on,0.0390619263208961
final_time,9.015250395415638
