parameter,value
final_pop_size,1.4535635634111635e7
fraction_subpop_on,0.035211522003102624
