parameter,value
final_pop_size,4.640662569025571e6
fraction_subpop_on,0.049999999999999996
