parameter,value
final_pop_size,1.1810506532950614e7
fraction_subpop_on,0.03787819780525809
final_time,8.685858620528448
