parameter,value
final_pop_size,9.763570647887388e6
fraction_subpop_on,0.040322026861659456
final_time,9.373521738543252
