parameter,value
final_pop_size,8.339399448768238e6
fraction_subpop_on,0.042372364573490875
final_time,9.974425559881315
