parameter,value
final_pop_size,9.278081132626688e6
fraction_subpop_on,0.04098306412200416
final_time,9.564758299415047
