parameter,value
final_pop_size,4.324002012159441e6
fraction_subpop_on,0.051020081339283554
final_time,12.802093425509584
