parameter,value
final_pop_size,1.2347928614656989e7
fraction_subpop_on,0.037312835786396756
final_time,8.530881609743139
