parameter,value
final_pop_size,4.6882952439305205e6
fraction_subpop_on,0.053190706320943894
final_time,12.439962509035627
