parameter,value
final_pop_size,1.5144621542608347e7
fraction_subpop_on,0.03623227138281847
