parameter,value
final_pop_size,1.3475865188352965e7
fraction_subpop_on,0.037877746345831395
final_time,8.23845603914904
