parameter,value
final_pop_size,7.905865354085427e6
fraction_subpop_on,0.045453571122468645
final_time,10.194240192244857
