parameter,value
final_pop_size,1.5207612550497076e7
fraction_subpop_on,0.03623084821291212
final_time,7.838777238720608
