parameter,value
final_pop_size,6.2044404398893025e6
fraction_subpop_on,0.04901871001375382
final_time,11.193288650877863
