parameter,value
final_pop_size,1.291816009039644e7
fraction_subpop_on,0.03846049675107112
final_time,8.381864278308882
