parameter,value
final_pop_size,7.862475498479342e6
fraction_subpop_on,0.04545464070338516
