parameter,value
final_pop_size,1.2370398184654538e7
fraction_subpop_on,0.03906145909658831
final_time,8.530881609743139
