parameter,value
final_pop_size,4.0023975898078494e6
fraction_subpop_on,0.055554845489343196
final_time,13.188680228861386
