parameter,value
final_pop_size,1.3983178476080742e7
fraction_subpop_on,0.037313780687000406
