parameter,value
final_pop_size,5.049496583516298e6
fraction_subpop_on,0.05208251773692652
final_time,12.09994296731757
