parameter,value
final_pop_size,5.807705078873925e6
fraction_subpop_on,0.049999127066734726
final_time,11.478296924144853
