parameter,value
final_pop_size,5.42267891867796e6
fraction_subpop_on,0.05101956261828123
final_time,11.779986887275726
