parameter,value
final_pop_size,4.339214719602747e6
fraction_subpop_on,0.05434707822813073
final_time,12.802093425509584
