parameter,value
final_pop_size,4.656305027489835e6
fraction_subpop_on,0.053191443742048254
