parameter,value
final_pop_size,7.463591717735933e6
fraction_subpop_on,0.04629533783402404
final_time,10.42508843481802
