parameter,value
final_pop_size,1.3417019107438447e7
fraction_subpop_on,0.03787911548771381
