parameter,value
final_pop_size,9.298630585093372e6
fraction_subpop_on,0.04310243780377648
final_time,9.564758299415047
