parameter,value
final_pop_size,5.016079521075924e6
fraction_subpop_on,0.05208330162238234
