parameter,value
final_pop_size,1.1832684508357769e7
fraction_subpop_on,0.03968150065278116
final_time,8.685858620528448
