parameter,value
final_pop_size,1.2314333959927319e7
fraction_subpop_on,0.03906278625732994
