parameter,value
final_pop_size,7.032512431849422e6
fraction_subpop_on,0.047168870826902215
final_time,10.667863319542697
