parameter,value
final_pop_size,1.404341000837848e7
fraction_subpop_on,0.03731239238749702
final_time,8.100333840866561
