parameter,value
final_pop_size,1.0787830061404953e7
fraction_subpop_on,0.04098257482590788
final_time,9.015250395415638
