parameter,value
final_pop_size,1.46206926106467e7
fraction_subpop_on,0.0367636673528446
final_time,7.9671994824279135
