parameter,value
final_pop_size,1.1305125704332406e7
fraction_subpop_on,0.040321544642303454
final_time,8.847176478546379
