parameter,value
final_pop_size,9.250991118412655e6
fraction_subpop_on,0.043103606612712016
