parameter,value
final_pop_size,1.0280907556865068e7
fraction_subpop_on,0.041665640546797715
final_time,9.190533576232633
