parameter,value
final_pop_size,6.612752828179655e6
fraction_subpop_on,0.048076002759337225
final_time,10.923559551047438
