parameter,value
final_pop_size,1.580407084477279e7
fraction_subpop_on,0.03571325325500828
final_time,7.714811755542912
