parameter,value
final_pop_size,9.784469901169792e6
fraction_subpop_on,0.04237186228787546
final_time,9.373521738543252
