parameter,value
final_pop_size,8.314401462630035e6
fraction_subpop_on,0.04464297314381829
