parameter,value
final_pop_size,8.823504929549022e6
fraction_subpop_on,0.043858648898261084
final_time,9.764840349729969
