parameter,value
final_pop_size,8.359210138335036e6
fraction_subpop_on,0.04464186892761882
final_time,9.974425559881315
