parameter,value
final_pop_size,5.3878348364893515e6
fraction_subpop_on,0.05102039170942946
