parameter,value
final_pop_size,4.230900014089369e7
fraction_subpop_on,0.009090941987907082
