parameter,value
final_pop_size,1.6382855026099283e7
fraction_subpop_on,0.01428558652218748
