parameter,value
final_pop_size,3.250241292040743e7
fraction_subpop_on,0.010416651827446508
