parameter,value
final_pop_size,2.851242142162706e7
fraction_subpop_on,0.011111072259808367
