parameter,value
final_pop_size,4.3760150298425965e7
fraction_subpop_on,0.008928610202881404
