parameter,value
final_pop_size,4.66962407900552e7
fraction_subpop_on,0.008620739517480528
