parameter,value
final_pop_size,2.7214546624822695e7
fraction_subpop_on,0.011363589074390034
