parameter,value
final_pop_size,3.38627144992937e7
fraction_subpop_on,0.010204074333128789
