parameter,value
final_pop_size,2.3425686557468407e7
fraction_subpop_on,0.012195048285534416
