parameter,value
final_pop_size,2.4670535049401507e7
fraction_subpop_on,0.011904697183711975
