parameter,value
final_pop_size,2.9826733796977215e7
fraction_subpop_on,0.010869534594810416
