parameter,value
final_pop_size,4.522268069071413e7
fraction_subpop_on,0.00877197425217355
