parameter,value
final_pop_size,2.59337083475256e7
fraction_subpop_on,0.011627851057024656
