parameter,value
final_pop_size,1.7501870177187916e7
fraction_subpop_on,0.013888769870638988
