parameter,value
final_pop_size,3.944231859157151e7
fraction_subpop_on,0.009433982715206693
