parameter,value
final_pop_size,9.799533563177516e7
fraction_subpop_on,0.0015898337446308074
