parameter,value
final_pop_size,5.00130269990749e7
fraction_subpop_on,0.0015845762963867193
final_time,8.529386030253097
