parameter,value
final_pop_size,4.4286596802460685e7
fraction_subpop_on,0.001584535320484739
final_time,8.407591604685894
