parameter,value
final_pop_size,8.336929902470924e7
fraction_subpop_on,0.0015847030873251706
final_time,9.041193676623715
