parameter,value
final_pop_size,7.072549828643523e7
fraction_subpop_on,0.0015917386877889038
