parameter,value
final_pop_size,7.992662560125108e7
fraction_subpop_on,0.001584694898941209
final_time,8.998955651506014
