parameter,value
final_pop_size,9.805252836979797e7
fraction_subpop_on,0.0015847315553040912
final_time,9.203674377128788
