parameter,value
final_pop_size,3.710656958910095e7
fraction_subpop_on,0.0015979407760409658
