parameter,value
final_pop_size,9.93825885381339e7
fraction_subpop_on,0.0015847337185315481
final_time,9.217169356925336
