parameter,value
final_pop_size,9.617902675907822e7
fraction_subpop_on,0.001584728406722906
final_time,9.184351733956523
