parameter,value
final_pop_size,9.694276251400079e7
fraction_subpop_on,0.0015847297049400902
final_time,9.192273698442822
