parameter,value
final_pop_size,6.024894399686249e7
fraction_subpop_on,0.0015929290356802184
