parameter,value
final_pop_size,7.597725273359361e7
fraction_subpop_on,0.0015846845914475954
final_time,8.948200175347008
