parameter,value
final_pop_size,9.981073953146292e7
fraction_subpop_on,0.001584734402615462
final_time,9.221475035637662
