parameter,value
final_pop_size,9.755812647591504e7
fraction_subpop_on,0.0015847307361645747
final_time,9.19861138415023
