parameter,value
final_pop_size,4.280439489845945e7
fraction_subpop_on,0.0015962039718617782
