parameter,value
final_pop_size,9.975927539686562e7
fraction_subpop_on,0.0015847343206984478
final_time,9.220958466831549
