parameter,value
final_pop_size,9.407149021989492e7
fraction_subpop_on,0.001584724714935271
final_time,9.162160277184894
