parameter,value
final_pop_size,9.06507693197835e7
fraction_subpop_on,0.0015902340304011374
