parameter,value
final_pop_size,9.091428384507017e7
fraction_subpop_on,0.001584718864167976
final_time,9.12796819162485
