parameter,value
final_pop_size,6.6618123588068955e7
fraction_subpop_on,0.0015846552852510191
final_time,8.816534205325546
