parameter,value
final_pop_size,9.969456137372942e7
fraction_subpop_on,0.0015847342175711481
final_time,9.220308524531417
