parameter,value
final_pop_size,9.951098489829127e7
fraction_subpop_on,0.0015847339242964908
final_time,9.2184625125846
