parameter,value
final_pop_size,9.84032005511645e7
fraction_subpop_on,0.0015898132668627967
