parameter,value
final_pop_size,9.509542386602828e7
fraction_subpop_on,0.0015899844055646747
