parameter,value
final_pop_size,9.264716476161261e7
fraction_subpop_on,0.0015847221248200764
final_time,9.146879384393118
