parameter,value
final_pop_size,9.389878287003036e7
fraction_subpop_on,0.0015900492877083286
