parameter,value
final_pop_size,9.523449913731776e7
fraction_subpop_on,0.0015847267723920406
final_time,9.174467014571501
