parameter,value
final_pop_size,9.975193572270253e7
fraction_subpop_on,0.001589746743067102
