parameter,value
final_pop_size,8.882285557829006e7
fraction_subpop_on,0.0015847147594235651
final_time,9.104658124440489
