parameter,value
final_pop_size,9.899027974663869e7
fraction_subpop_on,0.0015897840874996426
