parameter,value
final_pop_size,7.152829592966537e7
fraction_subpop_on,0.0015846716167655292
final_time,8.887763532050077
