parameter,value
final_pop_size,9.98516568377902e7
fraction_subpop_on,0.0015847344676845154
final_time,9.22188555112413
