parameter,value
final_pop_size,6.5684731381416254e7
fraction_subpop_on,0.0015922640236709432
