parameter,value
final_pop_size,9.876592443280423e7
fraction_subpop_on,0.0015847327228252996
final_time,9.210935195595116
