parameter,value
final_pop_size,8.849959936064135e7
fraction_subpop_on,0.0015903638507643505
