parameter,value
final_pop_size,9.87295460880665e7
fraction_subpop_on,0.0015897970038049193
