parameter,value
final_pop_size,3.870945582311108e7
fraction_subpop_on,0.0015844837593759003
final_time,8.272779824738638
