parameter,value
final_pop_size,6.131987144808085e7
fraction_subpop_on,0.0015846347292329578
final_time,8.733529964174139
