parameter,value
final_pop_size,9.922141789384668e7
fraction_subpop_on,0.0015847334594895337
final_time,9.215543745231388
