parameter,value
final_pop_size,5.5740300185385734e7
fraction_subpop_on,0.0015846088572158445
final_time,8.63797800033626
