parameter,value
final_pop_size,9.844883465487753e7
fraction_subpop_on,0.0015847322059752897
final_time,9.207714408741914
