parameter,value
final_pop_size,9.901925854525761e7
fraction_subpop_on,0.0015847331333760687
final_time,9.213500972783574
