parameter,value
final_pop_size,9.980490607603993e7
fraction_subpop_on,0.0015897441670986387
