parameter,value
final_pop_size,8.59287887235082e7
fraction_subpop_on,0.0015905275214824768
