parameter,value
final_pop_size,9.96132106421235e7
fraction_subpop_on,0.0015847340877417455
final_time,9.219490896004276
