parameter,value
final_pop_size,9.936422951726438e7
fraction_subpop_on,0.0015897656809856816
