parameter,value
final_pop_size,8.632300306706087e7
fraction_subpop_on,0.0015847095921302464
final_time,9.076064923204934
