parameter,value
final_pop_size,3.594149607980127e7
fraction_subpop_on,0.017974498436219444
final_time,8.251439082493928
