parameter,value
final_pop_size,2.163972980279504e7
fraction_subpop_on,0.038909701306933706
final_time,7.7171861037524225
