parameter,value
final_pop_size,4.583705417156559e7
fraction_subpop_on,0.011755515870809306
final_time,8.503472560386669
