parameter,value
final_pop_size,1.4273392327679344e7
fraction_subpop_on,0.07006042971724226
final_time,7.263567313659292
