parameter,value
final_pop_size,1.9637670392419033e7
fraction_subpop_on,0.04473076265203586
final_time,7.612987689001861
