parameter,value
final_pop_size,4.1240230742686994e7
fraction_subpop_on,0.014242736420968984
final_time,8.394181113706532
