parameter,value
final_pop_size,4.284832946409434e7
fraction_subpop_on,0.013307706755925058
final_time,8.43377757254167
