parameter,value
final_pop_size,2.580312937833869e7
fraction_subpop_on,0.03006651042861918
final_time,7.904179986875235
