parameter,value
final_pop_size,1.7726929042284988e7
fraction_subpop_on,0.051727496271830306
final_time,7.502163350872735
