parameter,value
final_pop_size,4.722409132295817e7
fraction_subpop_on,0.0111055873916803
final_time,8.534249134262337
