parameter,value
final_pop_size,4.854444596662929e7
fraction_subpop_on,0.010522988631091653
final_time,8.562698211296238
