parameter,value
final_pop_size,2.9990797868899137e7
fraction_subpop_on,0.02394843212032044
final_time,8.062445378657307
