parameter,value
final_pop_size,2.3704706271587513e7
fraction_subpop_on,0.03407741992869438
final_time,7.814315351960126
