parameter,value
final_pop_size,4.437962054188723e7
fraction_subpop_on,0.012484673995830984
final_time,8.470088172654119
