parameter,value
final_pop_size,1.593239178959899e7
fraction_subpop_on,0.060101333780288584
final_time,7.385395182773034
