parameter,value
final_pop_size,2.7906826165038623e7
fraction_subpop_on,0.02673137417871357
final_time,7.986814500388738
