parameter,value
final_pop_size,4.980190485311267e7
fraction_subpop_on,0.009997992044675903
final_time,8.58906576942609
