parameter,value
final_pop_size,3.2034384262919717e7
fraction_subpop_on,0.02161483806450083
final_time,8.131442585622983
