parameter,value
final_pop_size,3.778660454405404e7
fraction_subpop_on,0.016544494428146435
final_time,8.303476732915472
