parameter,value
final_pop_size,3.9553239571395084e7
fraction_subpop_on,0.015312294054797336
final_time,8.350896009844067
