parameter,value
final_pop_size,3.4021702165145785e7
fraction_subpop_on,0.019646298417057107
final_time,8.19426965000213
