parameter,value
final_pop_size,2.3418803294945944e7
fraction_subpop_on,0.011904712322675712
