parameter,value
final_pop_size,4.37532348976282e7
fraction_subpop_on,0.008771966793641285
