parameter,value
final_pop_size,1.8637233094370704e7
fraction_subpop_on,0.013157820250726086
