parameter,value
final_pop_size,3.523034295655379e7
fraction_subpop_on,0.009803927293159619
