parameter,value
final_pop_size,2.2193004850896314e7
fraction_subpop_on,0.012195065993448861
