parameter,value
final_pop_size,2.7207597510993615e7
fraction_subpop_on,0.011111080672929024
