parameter,value
final_pop_size,3.249543245652582e7
fraction_subpop_on,0.010204075772980955
