parameter,value
final_pop_size,3.943536356367511e7
fraction_subpop_on,0.009259281288343572
