parameter,value
final_pop_size,3.1149934917189647e7
fraction_subpop_on,0.010416654820877209
