parameter,value
final_pop_size,3.802060205998514e7
fraction_subpop_on,0.009433979007406381
