parameter,value
final_pop_size,2.4663625073335994e7
fraction_subpop_on,0.011627863795570445
