parameter,value
final_pop_size,2.981976205819398e7
fraction_subpop_on,0.010638279925041972
