parameter,value
final_pop_size,1.4644350159547426e7
fraction_subpop_on,0.042373773683008674
