parameter,value
final_pop_size,7.9364116761755105e6
fraction_subpop_on,0.05434725340842789
