parameter,value
final_pop_size,1.0815964316735815e7
fraction_subpop_on,0.048077164514424994
