parameter,value
final_pop_size,4.369726700961846e6
fraction_subpop_on,0.06756521200887028
