parameter,value
final_pop_size,6.235611260146141e6
fraction_subpop_on,0.05952253045147669
