parameter,value
final_pop_size,1.1332716649109833e7
fraction_subpop_on,0.04717016332475551
