parameter,value
final_pop_size,1.5230517072909357e7
fraction_subpop_on,0.041667631176598545
