parameter,value
final_pop_size,1.2943918651389722e7
fraction_subpop_on,0.04464350392734508
