parameter,value
final_pop_size,4.0325501913826913e6
fraction_subpop_on,0.06944185165637846
