parameter,value
final_pop_size,1.3500951178712366e7
fraction_subpop_on,0.043860382850589484
