parameter,value
final_pop_size,7.494377254388225e6
fraction_subpop_on,0.055554819339280984
