parameter,value
final_pop_size,8.853423449698081e6
fraction_subpop_on,0.05208306275511755
