parameter,value
final_pop_size,1.4067795174878778e7
fraction_subpop_on,0.04310426376156862
