parameter,value
final_pop_size,1.5826198246200595e7
fraction_subpop_on,0.040984638838677034
