parameter,value
final_pop_size,9.813578269248478e6
fraction_subpop_on,0.049999999999999996
