parameter,value
final_pop_size,5.453798616320749e6
fraction_subpop_on,0.062498314960654104
