parameter,value
final_pop_size,1.185969721310696e7
fraction_subpop_on,0.04629675251191019
