parameter,value
final_pop_size,4.719085570531281e6
fraction_subpop_on,0.06578734912027386
