parameter,value
final_pop_size,5.080488201966583e6
fraction_subpop_on,0.06410066328323578
