parameter,value
final_pop_size,4.994968300558234e6
fraction_subpop_on,0.04807693416463209
