parameter,value
final_pop_size,1.1223276344216254e7
fraction_subpop_on,0.03787893813887863
