parameter,value
final_pop_size,1.2830948609982563e7
fraction_subpop_on,0.03623207105511319
