parameter,value
final_pop_size,8.288580034687669e6
fraction_subpop_on,0.04166674771980579
