parameter,value
final_pop_size,7.8371736830997765e6
fraction_subpop_on,0.042372951891967714
