parameter,value
final_pop_size,1.2284956731579313e7
fraction_subpop_on,0.036764880568850904
