parameter,value
final_pop_size,6.143711726026527e6
fraction_subpop_on,0.04545457851041101
