parameter,value
final_pop_size,3.748412405629482e7
fraction_subpop_on,0.05011869168975481
