parameter,value
final_pop_size,4.301439274919844e7
fraction_subpop_on,0.050118695761881285
