parameter,value
final_pop_size,1.8701382690540103e6
fraction_subpop_on,0.05011808852537486
