parameter,value
final_pop_size,8.684963020016506e6
fraction_subpop_on,0.05011858666282135
