parameter,value
final_pop_size,9.378127122876085e7
fraction_subpop_on,0.05011871070312459
