parameter,value
final_pop_size,8.571072483882417e7
fraction_subpop_on,0.05011870951109279
