parameter,value
final_pop_size,7.503371030609052e7
fraction_subpop_on,0.05011870754005736
