parameter,value
final_pop_size,9.499813911121796e7
fraction_subpop_on,0.050118710865286346
