parameter,value
final_pop_size,1.3094902468868265e7
fraction_subpop_on,0.05011863269892655
