parameter,value
final_pop_size,8.265098839793894e7
fraction_subpop_on,0.05011870899830581
