parameter,value
final_pop_size,4.554487661383905e6
fraction_subpop_on,0.050118462689361626
