parameter,value
final_pop_size,2.926329592138882e6
fraction_subpop_on,0.050118317655307776
