parameter,value
final_pop_size,5.446922491374272e7
fraction_subpop_on,0.05011870156631596
