parameter,value
final_pop_size,2.340523784145664e6
fraction_subpop_on,0.05011821611147205
