parameter,value
final_pop_size,7.047663925646964e7
fraction_subpop_on,0.050118706516951946
