parameter,value
final_pop_size,1.0691183127462782e7
fraction_subpop_on,0.05011861231480921
