parameter,value
final_pop_size,2.3109481301939953e7
fraction_subpop_on,0.050118671988418476
