parameter,value
final_pop_size,8.830751627718283e7
fraction_subpop_on,0.05011870991841718
