parameter,value
final_pop_size,3.337990717271351e7
fraction_subpop_on,0.00316133030053559
final_time,8.135685281246001
