parameter,value
final_pop_size,9.961258578178653e7
fraction_subpop_on,0.003161960202526321
final_time,9.23248742483628
