parameter,value
final_pop_size,9.263638319978786e7
fraction_subpop_on,0.003161936295625536
final_time,9.159650570191879
