parameter,value
final_pop_size,9.406266020754617e7
fraction_subpop_on,0.003161941471753849
final_time,9.174978221825087
