parameter,value
final_pop_size,9.95101998628246e7
fraction_subpop_on,0.0031619598758945537
final_time,9.23145579307434
