parameter,value
final_pop_size,8.334737933352205e7
fraction_subpop_on,0.003161898250799368
final_time,9.053650602410917
