parameter,value
final_pop_size,9.515741145106833e7
fraction_subpop_on,0.0031671997909436494
