parameter,value
final_pop_size,9.076877281350712e7
fraction_subpop_on,0.0031674377742569623
