parameter,value
final_pop_size,3.2519609633254997e7
fraction_subpop_on,0.0031766805767064472
