parameter,value
final_pop_size,9.522731033999354e7
fraction_subpop_on,0.003161945583409215
final_time,9.187322870739278
