parameter,value
final_pop_size,9.61732024243665e7
fraction_subpop_on,0.003161948849483027
final_time,9.197238206319792
