parameter,value
final_pop_size,8.880715233159864e7
fraction_subpop_on,0.0031619215764997623
final_time,9.117301886079876
