parameter,value
final_pop_size,9.876398199144714e7
fraction_subpop_on,0.0031619574748542184
final_time,9.22390475043991
