parameter,value
final_pop_size,6.074401267224849e7
fraction_subpop_on,0.0031699883332502762
