parameter,value
final_pop_size,9.397585795585161e7
fraction_subpop_on,0.0031672616766337393
