parameter,value
final_pop_size,9.968942348640159e7
fraction_subpop_on,0.0031669760244182462
