parameter,value
final_pop_size,9.922018094191529e7
fraction_subpop_on,0.0031619589470164634
final_time,9.22852781534762
