parameter,value
final_pop_size,5.570136469321749e7
fraction_subpop_on,0.003161709940207193
final_time,8.649359791936513
