parameter,value
final_pop_size,9.901770766731128e7
fraction_subpop_on,0.003161958295305804
final_time,9.22647860478026
