parameter,value
final_pop_size,3.867206712867262e7
fraction_subpop_on,0.0031614599439470964
final_time,8.28331542118697
