parameter,value
final_pop_size,9.09012147033914e7
fraction_subpop_on,0.0031619297794859827
final_time,9.140681985354894
