parameter,value
final_pop_size,7.594841157839535e7
fraction_subpop_on,0.003161861288371465
final_time,8.960392880466303
