parameter,value
final_pop_size,2.847736431239563e7
fraction_subpop_on,0.0031611672070992404
final_time,7.976336940905661
