parameter,value
final_pop_size,8.630433324364623e7
fraction_subpop_on,0.0031619112501005044
final_time,9.088623825646636
