parameter,value
final_pop_size,4.997358801413505e7
fraction_subpop_on,0.0031616448703716423
final_time,8.540505608795266
