parameter,value
final_pop_size,9.969406421680784e7
fraction_subpop_on,0.0031619604619795997
final_time,9.233307637191057
