parameter,value
final_pop_size,3.7865299399351664e7
fraction_subpop_on,0.0031746472236163933
