parameter,value
final_pop_size,7.990126698849253e7
fraction_subpop_on,0.0031618818870124137
final_time,9.01129120949572
