parameter,value
final_pop_size,7.560553697277667e7
fraction_subpop_on,0.003168472672361295
