parameter,value
final_pop_size,9.804949421222343e7
fraction_subpop_on,0.0031619551416601937
final_time,9.216621130568111
