parameter,value
final_pop_size,7.109258968034673e7
fraction_subpop_on,0.003168865930837718
