parameter,value
final_pop_size,9.874569824747504e7
fraction_subpop_on,0.0031670209272849324
