parameter,value
final_pop_size,9.252894586850086e7
fraction_subpop_on,0.00316733961369008
