parameter,value
final_pop_size,9.8446404975346e7
fraction_subpop_on,0.003161956441972452
final_time,9.220673839062057
