parameter,value
final_pop_size,7.149612353426044e7
fraction_subpop_on,0.003161835359592649
final_time,8.899790181061437
