parameter,value
final_pop_size,4.424769165130308e7
fraction_subpop_on,0.0031615629838672764
final_time,8.418428226239715
