parameter,value
final_pop_size,9.842346930267204e7
fraction_subpop_on,0.0031670364562839475
