parameter,value
final_pop_size,9.755434520069432e7
fraction_subpop_on,0.003161953504678056
final_time,9.211542286730053
