parameter,value
final_pop_size,8.310743698420677e7
fraction_subpop_on,0.0031679134641396573
