parameter,value
final_pop_size,6.658300234045276e7
fraction_subpop_on,0.00316180272248924
final_time,8.828370457739174
