parameter,value
final_pop_size,9.950285986457716e7
fraction_subpop_on,0.003166984833650989
