parameter,value
final_pop_size,2.4036894972882416e7
fraction_subpop_on,0.003160962066925685
final_time,7.806279782155136
