parameter,value
final_pop_size,9.611706660328367e7
fraction_subpop_on,0.0031671506472449778
