parameter,value
final_pop_size,9.938160279103976e7
fraction_subpop_on,0.0031619594646904075
final_time,9.230158555112942
