parameter,value
final_pop_size,6.1282424545422696e7
fraction_subpop_on,0.003161761643107431
final_time,8.745151101063449
