parameter,value
final_pop_size,9.693806215854666e7
fraction_subpop_on,0.003161951443861827
final_time,9.20518481541803
