parameter,value
final_pop_size,9.960674875109711e7
fraction_subpop_on,0.0031669799241140556
