parameter,value
final_pop_size,6.425856075214054e7
fraction_subpop_on,0.09999221893559165
