parameter,value
final_pop_size,6.935669476341394e7
fraction_subpop_on,0.09999279089060246
