parameter,value
final_pop_size,8.504431994516194e7
fraction_subpop_on,0.09999412071258464
