parameter,value
final_pop_size,3.5001582356971446e6
fraction_subpop_on,0.09985714931545074
