parameter,value
final_pop_size,7.402208885144228e7
fraction_subpop_on,0.09999324525951969
