parameter,value
final_pop_size,5.881649488493571e7
fraction_subpop_on,0.09999149898338928
