parameter,value
final_pop_size,5.416284068947745e6
fraction_subpop_on,0.09990768578722327
