parameter,value
final_pop_size,7.820086378125264e7
fraction_subpop_on,0.09999360620873192
