parameter,value
final_pop_size,1.0221527184250526e7
fraction_subpop_on,0.09995108363055862
