parameter,value
final_pop_size,5.315059878185719e7
fraction_subpop_on,0.09999059276825738
