parameter,value
final_pop_size,1.2527820321447125e7
fraction_subpop_on,0.09996008882733223
