parameter,value
final_pop_size,1.848241233753266e7
fraction_subpop_on,0.09997294725434813
