parameter,value
final_pop_size,3.1125853543104902e7
fraction_subpop_on,0.09998393618349107
