parameter,value
final_pop_size,1.802112094163731e6
fraction_subpop_on,0.09972254778067396
