parameter,value
final_pop_size,2.6420375232358757e7
fraction_subpop_on,0.09998107521200578
