parameter,value
final_pop_size,3.2596466003608868e7
fraction_subpop_on,0.012193161354706054
final_time,10.76947460785984
