parameter,value
final_pop_size,3.95384703139819e7
fraction_subpop_on,0.010868031942513113
final_time,9.731196230025077
