parameter,value
final_pop_size,4.0966109157778e7
fraction_subpop_on,0.010636833555748562
final_time,9.548530455059295
