parameter,value
final_pop_size,3.2560919490197863e7
fraction_subpop_on,0.0121947689116627
