parameter,value
final_pop_size,2.2289116323182546e7
fraction_subpop_on,0.015148406633763866
final_time,13.040685376719322
