parameter,value
final_pop_size,4.240585874231391e7
fraction_subpop_on,0.010415266873461325
final_time,9.373018911488376
