parameter,value
final_pop_size,1.8730725461449094e7
fraction_subpop_on,0.01666286790181393
final_time,14.185909771911142
