parameter,value
final_pop_size,3.5332276580552526e7
fraction_subpop_on,0.011626135912700716
final_time,10.326927639269009
