parameter,value
final_pop_size,1.6467674944868043e7
fraction_subpop_on,0.01785275488044115
final_time,15.078684721131522
