parameter,value
final_pop_size,3.949955862145972e7
fraction_subpop_on,0.010869442513099795
