parameter,value
final_pop_size,2.1053559959302142e7
fraction_subpop_on,0.015623805369290023
