parameter,value
final_pop_size,2.1082256617628835e7
fraction_subpop_on,0.015621683066947424
final_time,13.399749064408605
