parameter,value
final_pop_size,3.1215639382861383e7
fraction_subpop_on,0.012499586524923742
