parameter,value
final_pop_size,4.092655781076536e7
fraction_subpop_on,0.010638209983510252
