parameter,value
final_pop_size,2.348536017986587e7
fraction_subpop_on,0.014704948037529239
