parameter,value
final_pop_size,3.12504775327102e7
fraction_subpop_on,0.012497933412525206
final_time,11.006339936490733
