parameter,value
final_pop_size,4.385733872204894e7
fraction_subpop_on,0.010202742293243736
final_time,9.20423857523515
