parameter,value
final_pop_size,4.2365678250568934e7
fraction_subpop_on,0.01041661065621055
