parameter,value
final_pop_size,1.7587700803156313e7
fraction_subpop_on,0.017237301171312287
final_time,14.617612613151866
