parameter,value
final_pop_size,4.827858919267552e7
fraction_subpop_on,0.009614205352841776
final_time,8.73453364972
