parameter,value
final_pop_size,2.6025029298950385e7
fraction_subpop_on,0.013886303237447781
final_time,12.077300471353212
