parameter,value
final_pop_size,4.3816539344229534e7
fraction_subpop_on,0.010204054837037147
