parameter,value
final_pop_size,2.351567575401781e7
fraction_subpop_on,0.01470296386818034
final_time,12.701680843236337
