parameter,value
final_pop_size,2.9885666304093882e7
fraction_subpop_on,0.012820032790121557
