parameter,value
final_pop_size,4.977349068889927e7
fraction_subpop_on,0.009432830163596464
final_time,8.58906576942609
