parameter,value
final_pop_size,2.9919783634816352e7
fraction_subpop_on,0.012818331711023435
final_time,11.2546322707166
