parameter,value
final_pop_size,1.9895858945712503e7
fraction_subpop_on,0.016125486159444778
final_time,13.780772520430872
