parameter,value
final_pop_size,2.7273839796613768e7
fraction_subpop_on,0.013512878979627392
