parameter,value
final_pop_size,2.5993152226323064e7
fraction_subpop_on,0.01388816460872455
