parameter,value
final_pop_size,2.857154339480274e7
fraction_subpop_on,0.013157341299310756
