parameter,value
final_pop_size,3.672113025829567e7
fraction_subpop_on,0.011361950194876421
final_time,10.119871038822568
