parameter,value
final_pop_size,4.532018451239812e7
fraction_subpop_on,0.009998717373792168
final_time,9.041799627087284
