parameter,value
final_pop_size,2.7306476901043132e7
fraction_subpop_on,0.013511073982290393
final_time,11.78909094037756
