parameter,value
final_pop_size,2.225960286584524e7
fraction_subpop_on,0.015150457792578072
