parameter,value
final_pop_size,4.6752039136492915e7
fraction_subpop_on,0.009803946163634841
