parameter,value
final_pop_size,2.476121000321715e7
fraction_subpop_on,0.014282969498061567
final_time,12.381051665071974
