parameter,value
final_pop_size,4.679404648174856e7
fraction_subpop_on,0.009802692211905523
final_time,8.885342225237798
