parameter,value
final_pop_size,3.395723073728631e7
fraction_subpop_on,0.011902899577103805
final_time,10.543243757122958
