parameter,value
final_pop_size,3.8123339178369716e7
fraction_subpop_on,0.011109504036583031
final_time,9.921476122848587
