parameter,value
final_pop_size,2.4763716622504868e7
fraction_subpop_on,0.015622728531590895
