parameter,value
final_pop_size,1.7623252705687676e7
fraction_subpop_on,0.019219857074227003
final_time,14.617612613151866
