parameter,value
final_pop_size,2.7306815456850775e7
fraction_subpop_on,0.014704159016743159
