parameter,value
final_pop_size,3.5363416436376594e7
fraction_subpop_on,0.012496465273647277
final_time,10.326927639269009
