parameter,value
final_pop_size,2.7339440609817095e7
fraction_subpop_on,0.014700503353947444
final_time,11.78909094037756
