parameter,value
final_pop_size,2.9952124767455664e7
fraction_subpop_on,0.013884251859296927
final_time,11.2546322707166
