parameter,value
final_pop_size,1.9930756339428663e7
fraction_subpop_on,0.017848183265969778
final_time,13.780772520430872
