parameter,value
final_pop_size,3.398866514198052e7
fraction_subpop_on,0.012816740823946623
final_time,10.543243757122958
