parameter,value
final_pop_size,3.815390185761308e7
fraction_subpop_on,0.011901641709624542
final_time,9.921476122848587
