parameter,value
final_pop_size,2.863757786118799e7
fraction_subpop_on,0.014280725835100564
final_time,11.515226486812077
