parameter,value
final_pop_size,1.8765950269783217e7
fraction_subpop_on,0.018508650369955675
final_time,14.185909771911142
