parameter,value
final_pop_size,2.479480903721255e7
fraction_subpop_on,0.015618698277741703
final_time,12.381051665071974
