parameter,value
final_pop_size,3.1282512667936455e7
fraction_subpop_on,0.013509193683563483
final_time,11.006339936490733
