parameter,value
final_pop_size,4.682297399249352e7
fraction_subpop_on,0.010414441975285823
final_time,8.885342225237798
