parameter,value
final_pop_size,2.11168270984545e7
fraction_subpop_on,0.017233214551865744
final_time,13.399749064408605
