parameter,value
final_pop_size,4.243558580434041e7
fraction_subpop_on,0.01110849276358497
final_time,9.373018911488376
