parameter,value
final_pop_size,4.530798192481297e7
fraction_subpop_on,0.010638156992556064
