parameter,value
final_pop_size,3.811565525129388e7
fraction_subpop_on,0.011904262172593535
