parameter,value
final_pop_size,4.388679528528389e7
fraction_subpop_on,0.010867088489449167
final_time,9.20423857523515
