parameter,value
final_pop_size,2.6026443588727396e7
fraction_subpop_on,0.015149535812642381
