parameter,value
final_pop_size,3.259266588948316e7
fraction_subpop_on,0.01315692583949951
