parameter,value
final_pop_size,3.6751979526253216e7
fraction_subpop_on,0.012191803729423458
final_time,10.119871038822568
