parameter,value
final_pop_size,4.534937456813194e7
fraction_subpop_on,0.010635952019068216
final_time,9.041799627087284
