parameter,value
final_pop_size,4.09961107315532e7
fraction_subpop_on,0.01136086448206983
final_time,9.548530455059295
