parameter,value
final_pop_size,1.650355263329238e7
fraction_subpop_on,0.019987881397148605
final_time,15.078684721131522
