parameter,value
final_pop_size,3.2628198861154124e7
fraction_subpop_on,0.013153862061059776
final_time,10.76947460785984
