parameter,value
final_pop_size,3.956875042571793e7
fraction_subpop_on,0.011624968317612514
final_time,9.731196230025077
