parameter,value
final_pop_size,2.2323361076893266e7
fraction_subpop_on,0.016659200646380004
final_time,13.040685376719322
