parameter,value
final_pop_size,2.354959653492426e7
fraction_subpop_on,0.016122183294756738
final_time,12.701680843236337
