parameter,value
final_pop_size,4.678098239504026e7
fraction_subpop_on,0.010416577599134235
