parameter,value
final_pop_size,2.6058309201885413e7
fraction_subpop_on,0.015145700685567219
final_time,12.077300471353212
