parameter,value
final_pop_size,3.532650352981737e7
fraction_subpop_on,0.012499292316037478
