parameter,value
final_pop_size,4.830725808617631e7
fraction_subpop_on,0.010201969303773942
final_time,8.73453364972
