parameter,value
final_pop_size,7.888793012053935e7
fraction_subpop_on,0.06308773629996911
final_time,9.507943464757645
