parameter,value
final_pop_size,5.9803894992911905e7
fraction_subpop_on,0.06308518400904617
final_time,9.212337251014421
