parameter,value
final_pop_size,2.321045627899419e6
fraction_subpop_on,0.06303931274613374
