parameter,value
final_pop_size,4.2728197287963144e7
fraction_subpop_on,0.0630809676807666
final_time,8.853488172921763
