parameter,value
final_pop_size,2.2929058307754483e7
fraction_subpop_on,0.06306821664349324
final_time,8.189129555004369
