parameter,value
final_pop_size,5.654730303227471e6
fraction_subpop_on,0.06298415399932489
final_time,6.69503571266145
