parameter,value
final_pop_size,1.9125330134864077e7
fraction_subpop_on,0.06306274378380433
final_time,7.995528616459222
