parameter,value
final_pop_size,4.842762162503454e7
fraction_subpop_on,0.06308270557475841
final_time,8.987129821319808
