parameter,value
final_pop_size,8.817600249049228e7
fraction_subpop_on,0.06308857878971481
final_time,9.626745044635518
