parameter,value
final_pop_size,9.220196289747864e7
fraction_subpop_on,0.06308889123856204
final_time,9.674397982789767
