parameter,value
final_pop_size,2.365610914710215e6
fraction_subpop_on,0.06282901377110807
final_time,5.765068168969772
