parameter,value
final_pop_size,9.037521760711011e7
fraction_subpop_on,0.06308875291744949
final_time,9.653039147424458
