parameter,value
final_pop_size,2.7237150749061808e7
fraction_subpop_on,0.06307256912686318
final_time,8.372896681185944
