parameter,value
final_pop_size,8.641802156940434e6
fraction_subpop_on,0.0630227222067042
final_time,7.1476727444462504
