parameter,value
final_pop_size,8.245622657064106e7
fraction_subpop_on,0.06309414624358739
