parameter,value
final_pop_size,1.0626411163922831e7
fraction_subpop_on,0.06303635811345568
final_time,7.368310894775616
