parameter,value
final_pop_size,2.7188904835548453e7
fraction_subpop_on,0.06309091787503589
