parameter,value
final_pop_size,1.5825187995419128e7
fraction_subpop_on,0.06305586399942416
final_time,7.7933698067954
