parameter,value
final_pop_size,9.370654158841836e7
fraction_subpop_on,0.06308900111506535
final_time,9.691674522568983
