parameter,value
final_pop_size,8.555517223452067e7
fraction_subpop_on,0.06308835958887288
final_time,9.594539881943861
