parameter,value
final_pop_size,1.525360494008831e6
fraction_subpop_on,0.0626820897083277
final_time,5.296878636450004
