parameter,value
final_pop_size,3.6658489972415324e6
fraction_subpop_on,0.06292361678988476
final_time,6.232482739196558
