parameter,value
final_pop_size,7.001044538229404e6
fraction_subpop_on,0.06300561113270046
final_time,6.922960858410959
