parameter,value
final_pop_size,4.556790015158742e6
fraction_subpop_on,0.06295726913748687
final_time,6.464654337059895
