parameter,value
final_pop_size,2.9457631716784122e6
fraction_subpop_on,0.06288154297786096
final_time,5.999110831823529
