parameter,value
final_pop_size,8.246950121490087e7
fraction_subpop_on,0.06308808365184396
final_time,9.555333507065427
