parameter,value
final_pop_size,3.2020778025081117e7
fraction_subpop_on,0.06307602982547748
final_time,8.545592483614044
