parameter,value
final_pop_size,3.721695672120289e7
fraction_subpop_on,0.06307878095692099
final_time,8.70609611997299
