parameter,value
final_pop_size,7.479885808015011e7
fraction_subpop_on,0.06308729906062606
final_time,9.451133867508693
