parameter,value
final_pop_size,9.219597998173434e7
fraction_subpop_on,0.06309431402443355
