parameter,value
final_pop_size,6.519156813900286e7
fraction_subpop_on,0.06308605593648031
final_time,9.304404730677286
