parameter,value
final_pop_size,5.4136484776057445e7
fraction_subpop_on,0.06309331542607836
