parameter,value
final_pop_size,7.021747620101225e7
fraction_subpop_on,0.06308674868865262
final_time,9.383672543372544
