parameter,value
final_pop_size,5.416954460734414e7
fraction_subpop_on,0.06308408662359966
final_time,9.106722641329359
