parameter,value
final_pop_size,1.8993590604158365e6
fraction_subpop_on,0.06276353957363784
final_time,5.530839382014023
