parameter,value
final_pop_size,5.604725483532808e6
fraction_subpop_on,0.06307236892461146
