parameter,value
final_pop_size,1.8563955845258678e6
fraction_subpop_on,0.0630251905695638
