parameter,value
final_pop_size,6.516591104215553e7
fraction_subpop_on,0.06309372484909888
