parameter,value
final_pop_size,1.3005132573921748e7
fraction_subpop_on,0.06304721842245067
final_time,7.5839038725227885
