parameter,value
final_pop_size,4.368599857838445e7
fraction_subpop_on,0.0072463859061074444
