parameter,value
final_pop_size,2.0925833178613093e7
fraction_subpop_on,0.009615384999408744
