parameter,value
final_pop_size,4.8106254159218594e7
fraction_subpop_on,0.006944455822165822
