parameter,value
final_pop_size,2.4600480563035574e7
fraction_subpop_on,0.009090910325279785
