parameter,value
final_pop_size,2.714339168103715e7
fraction_subpop_on,0.008771931809506014
