parameter,value
final_pop_size,2.975468955377185e7
fraction_subpop_on,0.00847457914811668
