parameter,value
final_pop_size,3.6552244181466125e7
fraction_subpop_on,0.00781250566377987
