parameter,value
final_pop_size,3.10844943552846e7
fraction_subpop_on,0.008333336706700287
