parameter,value
final_pop_size,4.079561771560862e7
fraction_subpop_on,0.007462694225119362
