parameter,value
final_pop_size,3.242966364310296e7
fraction_subpop_on,0.008196725213209154
