parameter,value
final_pop_size,3.795386958052429e7
fraction_subpop_on,0.007692313997195417
