parameter,value
final_pop_size,3.516402699252535e7
fraction_subpop_on,0.00793651298498923
