parameter,value
final_pop_size,4.662200916422622e7
fraction_subpop_on,0.007042264122747421
