parameter,value
final_pop_size,2.2131144084253523e7
fraction_subpop_on,0.0094339628946419
