parameter,value
final_pop_size,2.3356270968349606e7
fraction_subpop_on,0.009259260173183534
