parameter,value
final_pop_size,4.514847807343973e7
fraction_subpop_on,0.007142866982896782
