parameter,value
final_pop_size,1.863032518436813e7
fraction_subpop_on,0.01136358731762452
final_time,14.185909771911142
