parameter,value
final_pop_size,2.7171680762674276e7
fraction_subpop_on,0.009803922873546854
