parameter,value
final_pop_size,3.658204244188471e7
fraction_subpop_on,0.008620701690211926
