parameter,value
final_pop_size,2.4628147396605562e7
fraction_subpop_on,0.010204080407687159
