parameter,value
final_pop_size,4.23053593282958e7
fraction_subpop_on,0.008064437395126982
final_time,9.373018911488376
