parameter,value
final_pop_size,3.523053590001044e7
fraction_subpop_on,0.008771855471220887
final_time,10.326927639269009
