parameter,value
final_pop_size,1.979497165173195e7
fraction_subpop_on,0.011111059310840403
final_time,13.780772520430872
