parameter,value
final_pop_size,3.385531838108226e7
fraction_subpop_on,0.008928498257671563
final_time,10.543243757122958
