parameter,value
final_pop_size,4.81794206453619e7
fraction_subpop_on,0.007575676885300603
final_time,8.73453364972
