parameter,value
final_pop_size,2.8502674726209633e7
fraction_subpop_on,0.00961531735779873
final_time,11.515226486812077
