parameter,value
final_pop_size,2.846936178658785e7
fraction_subpop_on,0.009615387297075124
