parameter,value
final_pop_size,3.80220254376671e7
fraction_subpop_on,0.00847449987417821
final_time,9.921476122848587
