parameter,value
final_pop_size,3.249441345720603e7
fraction_subpop_on,0.009090837216107577
final_time,10.76947460785984
