parameter,value
final_pop_size,2.4659169054424897e7
fraction_subpop_on,0.010204020170486657
final_time,12.381051665071974
