parameter,value
final_pop_size,3.1148319314703804e7
fraction_subpop_on,0.009259188799020868
final_time,11.006339936490733
