parameter,value
final_pop_size,3.2458927997685436e7
fraction_subpop_on,0.00909091625708743
