parameter,value
final_pop_size,4.086531790606509e7
fraction_subpop_on,0.008196643265933954
final_time,9.548530455059295
