parameter,value
final_pop_size,2.098096915715438e7
fraction_subpop_on,0.010869510794949836
final_time,13.399749064408605
