parameter,value
final_pop_size,3.519366395145893e7
fraction_subpop_on,0.008771940204636649
