parameter,value
final_pop_size,2.7204243560816698e7
fraction_subpop_on,0.009803856107339548
final_time,11.78909094037756
