parameter,value
final_pop_size,4.37571490868006e7
fraction_subpop_on,0.007936428598475053
final_time,9.20423857523515
