parameter,value
final_pop_size,4.371638934452789e7
fraction_subpop_on,0.007936528513407544
