parameter,value
final_pop_size,1.6343380271598717e7
fraction_subpop_on,0.011904755027534871
