parameter,value
final_pop_size,2.2158083913722087e7
fraction_subpop_on,0.010638294470461954
