parameter,value
final_pop_size,2.9783507692567866e7
fraction_subpop_on,0.009433966386612362
