parameter,value
final_pop_size,2.981755758139153e7
fraction_subpop_on,0.00943389334154761
final_time,11.2546322707166
