parameter,value
final_pop_size,4.52203209420807e7
fraction_subpop_on,0.007812420137456577
final_time,9.041799627087284
