parameter,value
final_pop_size,2.341381817500863e7
fraction_subpop_on,0.010416607411699867
final_time,12.701680843236337
