parameter,value
final_pop_size,4.665255156438245e7
fraction_subpop_on,0.0076923317287074435
