parameter,value
final_pop_size,4.967468841074676e7
fraction_subpop_on,0.007462605564829816
final_time,8.58906576942609
