parameter,value
final_pop_size,2.592286485197247e7
fraction_subpop_on,0.009999936469639314
final_time,12.077300471353212
