parameter,value
final_pop_size,3.939854223224541e7
fraction_subpop_on,0.00833334874623224
