parameter,value
final_pop_size,4.669452374077169e7
fraction_subpop_on,0.007692227380395924
final_time,8.885342225237798
