parameter,value
final_pop_size,1.7487882976621468e7
fraction_subpop_on,0.011627860810364238
final_time,14.617612613151866
