parameter,value
final_pop_size,3.661958996346843e7
fraction_subpop_on,0.008620614228122372
final_time,10.119871038822568
