parameter,value
final_pop_size,3.9437406966447964e7
fraction_subpop_on,0.008333256065139363
final_time,9.731196230025077
