parameter,value
final_pop_size,1.6368544498970957e7
fraction_subpop_on,0.011904718733951913
final_time,15.078684721131522
