parameter,value
final_pop_size,2.2187507779767912e7
fraction_subpop_on,0.0106382409641985
final_time,13.040685376719322
