parameter,value
final_pop_size,2.092200060945098e7
fraction_subpop_on,0.009433962696401626
