parameter,value
final_pop_size,3.7949412251755565e7
fraction_subpop_on,0.007575763006447536
