parameter,value
final_pop_size,4.079110737714723e7
fraction_subpop_on,0.007352947776139483
