parameter,value
final_pop_size,2.8436606094437823e7
fraction_subpop_on,0.0084745783912555
