parameter,value
final_pop_size,3.378531438932022e7
fraction_subpop_on,0.007936511787606315
