parameter,value
final_pop_size,2.5858988317404848e7
fraction_subpop_on,0.008771931257183709
