parameter,value
final_pop_size,4.810164620645097e7
fraction_subpop_on,0.0068493249190869675
