parameter,value
final_pop_size,2.7139250806600053e7
fraction_subpop_on,0.008620691416093737
