parameter,value
final_pop_size,1.9737351596179772e7
fraction_subpop_on,0.009615384874624653
