parameter,value
final_pop_size,2.4596450997832537e7
fraction_subpop_on,0.008928572564133812
