parameter,value
final_pop_size,4.661741715271636e7
fraction_subpop_on,0.0069444536126323795
