parameter,value
final_pop_size,4.514390369860913e7
fraction_subpop_on,0.0070422620217046586
