parameter,value
final_pop_size,3.2425341399636727e7
fraction_subpop_on,0.00806451950498233
