parameter,value
final_pop_size,4.959626671470935e7
fraction_subpop_on,0.00675676730327248
