parameter,value
final_pop_size,2.7866918464037873e7
fraction_subpop_on,0.005028016255350748
