parameter,value
final_pop_size,9.92113851744203e7
fraction_subpop_on,0.005016406909354699
