parameter,value
final_pop_size,9.690405626024207e7
fraction_subpop_on,0.005016514879567602
