parameter,value
final_pop_size,9.752711717866115e7
fraction_subpop_on,0.005016485220254656
