parameter,value
final_pop_size,7.968905971091034e7
fraction_subpop_on,0.005017517794736777
