parameter,value
final_pop_size,9.900666290949951e7
fraction_subpop_on,0.005016416285774876
