parameter,value
final_pop_size,9.937460174070682e7
fraction_subpop_on,0.005016399461602105
