parameter,value
final_pop_size,6.0897737115728065e7
fraction_subpop_on,0.00501925982385346
