parameter,value
final_pop_size,2.3408143000258338e7
fraction_subpop_on,0.005031091343804946
