parameter,value
final_pop_size,8.316974393210405e7
fraction_subpop_on,0.005017281530233988
