parameter,value
final_pop_size,3.279430581880405e7
fraction_subpop_on,0.005025590610387841
