parameter,value
final_pop_size,6.624481477811811e7
fraction_subpop_on,0.005018663528581801
