parameter,value
final_pop_size,9.080201137623139e7
fraction_subpop_on,0.005016826866131907
