parameter,value
final_pop_size,3.811764239821187e7
fraction_subpop_on,0.005023674778615234
