parameter,value
final_pop_size,9.517460713339102e7
fraction_subpop_on,0.0050165992407505845
