parameter,value
final_pop_size,8.868584926090993e7
fraction_subpop_on,0.005016945087792686
