parameter,value
final_pop_size,4.949759760270803e7
fraction_subpop_on,0.00502096128802849
