parameter,value
final_pop_size,9.399732772390069e7
fraction_subpop_on,0.005016658443362479
