parameter,value
final_pop_size,1.6389840287798606e7
fraction_subpop_on,0.014705692698820758
