parameter,value
final_pop_size,4.087680373171536e7
fraction_subpop_on,0.00943398704493107
