parameter,value
final_pop_size,2.2207062937299687e7
fraction_subpop_on,0.012820391690554751
