parameter,value
final_pop_size,3.6633009663408644e7
fraction_subpop_on,0.009999999999999998
