parameter,value
final_pop_size,2.851970367665477e7
fraction_subpop_on,0.011363576333747105
