parameter,value
final_pop_size,4.522982835397366e7
fraction_subpop_on,0.008928617874298404
