parameter,value
final_pop_size,2.1000948685363706e7
fraction_subpop_on,0.013157760315321392
