parameter,value
final_pop_size,3.1164196871209655e7
fraction_subpop_on,0.010869526820955967
