parameter,value
final_pop_size,2.5940974007612895e7
fraction_subpop_on,0.011904678599115563
