parameter,value
final_pop_size,3.524458554630419e7
fraction_subpop_on,0.010204072626617829
