parameter,value
final_pop_size,3.8034807091995046e7
fraction_subpop_on,0.009803930194541219
