parameter,value
final_pop_size,1.750891501113644e7
fraction_subpop_on,0.014285538594835627
