parameter,value
final_pop_size,4.9682195078048326e7
fraction_subpop_on,0.008474641589001393
