parameter,value
final_pop_size,4.2316189411875546e7
fraction_subpop_on,0.009259291592052351
