parameter,value
final_pop_size,1.865104703408221e7
fraction_subpop_on,0.013888727118898932
