parameter,value
final_pop_size,1.9815341314369358e7
fraction_subpop_on,0.013513365525450812
