parameter,value
final_pop_size,2.722182257538036e7
fraction_subpop_on,0.011627835512169163
