parameter,value
final_pop_size,8.615697329681294e7
fraction_subpop_on,0.005017093982988278
