parameter,value
final_pop_size,4.9927263776953876e7
fraction_subpop_on,0.005010868501502475
final_time,8.55358341088914
