parameter,value
final_pop_size,9.754989650542672e7
fraction_subpop_on,0.005011358561013517
final_time,9.226753545437992
