parameter,value
final_pop_size,7.987145054551417e7
fraction_subpop_on,0.0050112448439332165
final_time,9.025800979085254
