parameter,value
final_pop_size,6.654172601354432e7
fraction_subpop_on,0.005011119143857
final_time,8.842292118081108
