parameter,value
final_pop_size,4.42020034647155e7
fraction_subpop_on,0.005010738479898935
final_time,8.431172929343518
