parameter,value
final_pop_size,9.87616966011658e7
fraction_subpop_on,0.005011364865005144
final_time,9.239161563737156
