parameter,value
final_pop_size,1.945555112430607e7
fraction_subpop_on,0.005034995879459083
