parameter,value
final_pop_size,2.4003179501009494e7
fraction_subpop_on,0.005009784332749665
final_time,7.817514496039136
