parameter,value
final_pop_size,7.591450500795126e7
fraction_subpop_on,0.005011212136705363
final_time,8.974734371511058
