parameter,value
final_pop_size,9.255569515476865e7
fraction_subpop_on,0.005016732990994026
