parameter,value
final_pop_size,1.663634771825893e7
fraction_subpop_on,0.005008859732532319
final_time,7.449072463297421
