parameter,value
final_pop_size,9.262370076918018e7
fraction_subpop_on,0.005011331235852999
final_time,9.174673605495071
