parameter,value
final_pop_size,9.802772799678664e7
fraction_subpop_on,0.005016461663046187
