parameter,value
final_pop_size,8.628237658132353e7
fraction_subpop_on,0.005011291467671876
final_time,9.103396724226512
