parameter,value
final_pop_size,9.088584229435831e7
fraction_subpop_on,0.005011320889291572
final_time,9.155637390797517
