parameter,value
final_pop_size,7.12029449260148e7
fraction_subpop_on,0.005018190632195805
