parameter,value
final_pop_size,3.8628168233379066e7
fraction_subpop_on,0.0050105748705720505
final_time,8.295705791778776
