parameter,value
final_pop_size,2.006660498439434e7
fraction_subpop_on,0.005009374717796569
final_time,7.637483303354608
