parameter,value
final_pop_size,8.878868292256376e7
fraction_subpop_on,0.00501130786429597
final_time,9.1321747708268
