parameter,value
final_pop_size,1.601530578126764e7
fraction_subpop_on,0.005039963044173131
