parameter,value
final_pop_size,9.950462966218857e7
fraction_subpop_on,0.0050163935457698565
