parameter,value
final_pop_size,5.565562281949518e7
fraction_subpop_on,0.0050109718212695015
final_time,8.662746307323623
