parameter,value
final_pop_size,6.123842302309506e7
fraction_subpop_on,0.005011053916710487
final_time,8.75881943917643
