parameter,value
final_pop_size,2.8439719909152582e7
fraction_subpop_on,0.005010110057195335
final_time,7.987968920108987
