parameter,value
final_pop_size,7.145830645287575e7
fraction_subpop_on,0.005011170966119267
final_time,8.91393607972754
