parameter,value
final_pop_size,8.332160328641535e7
fraction_subpop_on,0.005011270826923578
final_time,9.068303354076797
