parameter,value
final_pop_size,9.875012232448974e7
fraction_subpop_on,0.005016428090392796
