parameter,value
final_pop_size,9.405227288878152e7
fraction_subpop_on,0.005011339454697157
final_time,9.190056359166245
