parameter,value
final_pop_size,9.613081573553374e7
fraction_subpop_on,0.005016552222459013
