parameter,value
final_pop_size,9.921872557631429e7
fraction_subpop_on,0.005011367202558583
final_time,9.243801736346548
