parameter,value
final_pop_size,9.938044298009607e7
fraction_subpop_on,0.005011368024540358
final_time,9.245438520105928
