parameter,value
final_pop_size,9.842902730582692e7
fraction_subpop_on,0.0050164429521667485
