parameter,value
final_pop_size,4.373015181189566e7
fraction_subpop_on,0.005022160004117383
