parameter,value
final_pop_size,9.950927620120542e7
fraction_subpop_on,0.005011368677465465
final_time,9.246740569525763
