parameter,value
final_pop_size,9.901588295721589e7
fraction_subpop_on,0.005011366167748384
final_time,9.241744937785425
