parameter,value
final_pop_size,9.616635038202006e7
fraction_subpop_on,0.005011351169324374
final_time,9.21239710243036
