parameter,value
final_pop_size,5.527019436312282e7
fraction_subpop_on,0.00502001200869149
