parameter,value
final_pop_size,9.693253227667531e7
fraction_subpop_on,0.005011355288773958
final_time,9.220372755855417
