parameter,value
final_pop_size,9.521885335020141e7
fraction_subpop_on,0.005011345983333162
final_time,9.20244568564211
