parameter,value
final_pop_size,9.804592444493201e7
fraction_subpop_on,0.00501136116027386
final_time,9.231851070529844
