parameter,value
final_pop_size,3.333877387272113e7
fraction_subpop_on,0.005010369019937394
final_time,8.147703573311214
