parameter,value
final_pop_size,9.844354635351862e7
fraction_subpop_on,0.005011363224957467
final_time,9.235918719711592
