parameter,value
final_pop_size,9.517767623406829e7
fraction_subpop_on,0.006314163851742288
