parameter,value
final_pop_size,3.81911064237037e7
fraction_subpop_on,0.0063210133926448865
