parameter,value
final_pop_size,7.57179501502369e7
fraction_subpop_on,0.006315343599232751
