parameter,value
final_pop_size,3.287665150003692e7
fraction_subpop_on,0.006322862640800236
