parameter,value
final_pop_size,8.869382580929346e7
fraction_subpop_on,0.006314499427659988
