parameter,value
final_pop_size,6.09363669306094e7
fraction_subpop_on,0.0063167432891421665
