parameter,value
final_pop_size,8.318258882892106e7
fraction_subpop_on,0.00631482579714757
