parameter,value
final_pop_size,8.616710327425596e7
fraction_subpop_on,0.006314643874803057
