parameter,value
final_pop_size,7.122847034303898e7
fraction_subpop_on,0.006315707287961102
