parameter,value
final_pop_size,4.955280753452371e7
fraction_subpop_on,0.006318390387520011
