parameter,value
final_pop_size,7.970529860469952e7
fraction_subpop_on,0.006315054940677366
