parameter,value
final_pop_size,9.842997495056793e7
fraction_subpop_on,0.006314012176659491
