parameter,value
final_pop_size,9.80289248382873e7
fraction_subpop_on,0.006314030336135512
