parameter,value
final_pop_size,2.3505993917813797e7
fraction_subpop_on,0.006328160374887914
