parameter,value
final_pop_size,9.400122051332013e7
fraction_subpop_on,0.0063142213021719325
