parameter,value
final_pop_size,9.080828916646062e7
fraction_subpop_on,0.006314384726564447
