parameter,value
final_pop_size,6.2893634713846985e6
fraction_subpop_on,0.06756034601711873
