parameter,value
final_pop_size,9.385484746322094e6
fraction_subpop_on,0.056815894359015996
