parameter,value
final_pop_size,1.4704596275281485e7
fraction_subpop_on,0.04629725851595493
