parameter,value
final_pop_size,1.0367620294916332e7
fraction_subpop_on,0.054346444420943225
