parameter,value
final_pop_size,1.5886821426321357e7
fraction_subpop_on,0.044644185290299926
