parameter,value
final_pop_size,1.529095871966249e7
fraction_subpop_on,0.045455698855705835
