parameter,value
final_pop_size,6.698220502764718e6
fraction_subpop_on,0.06578317693131688
