parameter,value
final_pop_size,7.549859213650411e6
fraction_subpop_on,0.06249530227491564
