parameter,value
final_pop_size,5.891979141364144e6
fraction_subpop_on,0.06943620168871753
