parameter,value
final_pop_size,1.3003486120552227e7
fraction_subpop_on,0.04901988177644073
