parameter,value
final_pop_size,1.1391447981153244e7
fraction_subpop_on,0.05208270522559458
