parameter,value
final_pop_size,4.0816233954891916e6
fraction_subpop_on,0.08062991716901269
