parameter,value
final_pop_size,1.4127830982191931e7
fraction_subpop_on,0.04717056439271297
