parameter,value
final_pop_size,1.8297756058859506e6
fraction_subpop_on,0.09945348489903176
final_time,5.67178896070756
