parameter,value
final_pop_size,8.505171658934163e7
fraction_subpop_on,0.09998824244777058
final_time,9.936758040140269
