parameter,value
final_pop_size,2.2498515914067803e6
fraction_subpop_on,0.09977776311917207
