parameter,value
final_pop_size,6.42756740942118e7
fraction_subpop_on,0.09998444201458652
final_time,9.625564663984639
