parameter,value
final_pop_size,6.937149771265969e7
fraction_subpop_on,0.0999855848578599
final_time,9.710335304886382
