parameter,value
final_pop_size,9.001999983764356e7
fraction_subpop_on,0.09998889135745608
final_time,9.999837643612754
