parameter,value
final_pop_size,2.8074528699919083e6
fraction_subpop_on,0.09982190262022049
