parameter,value
final_pop_size,7.403473276788512e7
fraction_subpop_on,0.09998649282623691
final_time,9.782621136672311
