parameter,value
final_pop_size,4.7403011112388134e7
fraction_subpop_on,0.0999894521468517
