parameter,value
final_pop_size,9.001502838098614e7
fraction_subpop_on,0.09999444537196737
