parameter,value
final_pop_size,6.748440387207775e6
fraction_subpop_on,0.09985181761375626
final_time,7.121428587015177
