parameter,value
final_pop_size,1.5301686843371913e7
fraction_subpop_on,0.09993464772804228
final_time,8.030939283168314
