parameter,value
final_pop_size,2.2785661802760437e6
fraction_subpop_on,0.09956112751577888
final_time,5.915381738237512
