parameter,value
final_pop_size,3.625771006382352e7
fraction_subpop_on,0.09998620982960257
