parameter,value
final_pop_size,1.8515802841862474e7
fraction_subpop_on,0.09994599207992542
final_time,8.242771391616303
