parameter,value
final_pop_size,950983.579853453
fraction_subpop_on,0.09894845713303052
final_time,4.9452432072134
