parameter,value
final_pop_size,8.188139119015543e7
fraction_subpop_on,0.09998778721287627
final_time,9.8945499902759
