parameter,value
final_pop_size,2.2230806002530374e7
fraction_subpop_on,0.0999550173754435
final_time,8.445931816130903
