parameter,value
final_pop_size,7.821154111487052e7
fraction_subpop_on,0.09998721416320731
final_time,9.84360121996172
