parameter,value
final_pop_size,1.4698662480686044e6
fraction_subpop_on,0.09931966598912384
final_time,5.428596355981031
