parameter,value
final_pop_size,4.1724236838866234e7
fraction_subpop_on,0.09998801655733257
