parameter,value
final_pop_size,2.6451971612713557e7
fraction_subpop_on,0.09996219563461502
final_time,8.639091523275729
