parameter,value
final_pop_size,1.1816206511401683e6
fraction_subpop_on,0.09915370470291365
final_time,5.186262762174644
