parameter,value
final_pop_size,1.156139344426665e6
fraction_subpop_on,0.09956752617890713
