parameter,value
final_pop_size,3.1156055610195808e7
fraction_subpop_on,0.09996790351087727
final_time,8.820948844901551
