parameter,value
final_pop_size,1.5267876130916327e7
fraction_subpop_on,0.09996725150271636
