parameter,value
final_pop_size,8.187246518011673e7
fraction_subpop_on,0.09999389294069867
