parameter,value
final_pop_size,4.175073961625791e7
fraction_subpop_on,0.09997604832850408
final_time,9.146170499382105
