parameter,value
final_pop_size,4.389572965246235e6
fraction_subpop_on,0.09977218740685771
final_time,6.6436607903635965
