parameter,value
final_pop_size,8.3343662635922795e6
fraction_subpop_on,0.09988001487235228
final_time,7.355922731558514
