parameter,value
final_pop_size,3.6286201755581856e7
fraction_subpop_on,0.09997244131511102
final_time,8.990308714115978
