parameter,value
final_pop_size,8.775072305146326e7
fraction_subpop_on,0.09998860408250523
final_time,9.97146937177266
