parameter,value
final_pop_size,4.358022014294704e6
fraction_subpop_on,0.09988526905133567
