parameter,value
final_pop_size,5.448615505857339e6
fraction_subpop_on,0.09981646713758292
final_time,6.883750128581249
