parameter,value
final_pop_size,1.2561767099915933e7
fraction_subpop_on,0.09992039336567492
final_time,7.8117288467186485
