parameter,value
final_pop_size,2.837176057741605e6
fraction_subpop_on,0.09964753685367132
final_time,6.158900478889721
