parameter,value
final_pop_size,5.8836010804599725e7
fraction_subpop_on,0.09998300360635731
final_time,9.52731405681124
