parameter,value
final_pop_size,1.0255359352609722e7
fraction_subpop_on,0.09990249000882202
final_time,7.586353823893503
