parameter,value
final_pop_size,4.7427304276024334e7
fraction_subpop_on,0.0999789150993238
final_time,9.2878124446175
