parameter,value
final_pop_size,3.5308327684820434e6
fraction_subpop_on,0.09971678069578188
final_time,6.401842293128705
