parameter,value
final_pop_size,5.3172535471384406e7
fraction_subpop_on,0.09998119329854906
final_time,9.414858421059341
