parameter,value
final_pop_size,1.4432839490769487e6
fraction_subpop_on,0.09965356782335189
