parameter,value
final_pop_size,1.0768258839753615e7
fraction_subpop_on,0.04385996156705164
