parameter,value
final_pop_size,1.3510165647615638e7
fraction_subpop_on,0.040320442906920564
final_time,8.23845603914904
