parameter,value
final_pop_size,1.0312921669029264e7
fraction_subpop_on,0.0446405708971826
final_time,9.190533576232633
