parameter,value
final_pop_size,5.074837287986123e6
fraction_subpop_on,0.05681585112609264
final_time,12.09994296731757
