parameter,value
final_pop_size,6.640691664362729e6
fraction_subpop_on,0.05208095434598743
final_time,10.923559551047438
