parameter,value
final_pop_size,6.231769050251281e6
fraction_subpop_on,0.05318911442476423
final_time,11.193288650877863
