parameter,value
final_pop_size,4.712917483727495e6
fraction_subpop_on,0.05813723159991658
final_time,12.439962509035627
