parameter,value
final_pop_size,4.0254929373384058e6
fraction_subpop_on,0.06097338413951801
final_time,13.188680228861386
