parameter,value
final_pop_size,1.2403998473789675e7
fraction_subpop_on,0.041664475606440286
final_time,8.530881609743139
