parameter,value
final_pop_size,1.1865912428514505e7
fraction_subpop_on,0.042370664812181616
final_time,8.685858620528448
