parameter,value
final_pop_size,1.1284557901087357e7
fraction_subpop_on,0.04310380180532737
