parameter,value
final_pop_size,9.816044908229163e6
fraction_subpop_on,0.04545223890505696
final_time,9.373521738543252
