parameter,value
final_pop_size,1.4655637661401268e7
fraction_subpop_on,0.039060417812338426
final_time,7.9671994824279135
