parameter,value
final_pop_size,1.5242860403374005e7
fraction_subpop_on,0.03845948459549002
final_time,7.838777238720608
