parameter,value
final_pop_size,1.5839609176178232e7
fraction_subpop_on,0.03787676256856119
final_time,7.714811755542912
