parameter,value
final_pop_size,1.4078039435016561e7
fraction_subpop_on,0.03968042950211741
final_time,8.100333840866561
