parameter,value
final_pop_size,5.834397935306671e6
fraction_subpop_on,0.05434546017485826
final_time,11.478296924144853
