parameter,value
final_pop_size,6.601413269525775e6
fraction_subpop_on,0.052083239933878964
