parameter,value
final_pop_size,1.2894527052248092e7
fraction_subpop_on,0.040984076567181116
