parameter,value
final_pop_size,8.389353940827727e6
fraction_subpop_on,0.04807456791921617
final_time,9.974425559881315
