parameter,value
final_pop_size,4.363088849827497e6
fraction_subpop_on,0.05952154104079834
final_time,12.802093425509584
