parameter,value
final_pop_size,1.0820265558880841e7
fraction_subpop_on,0.043857384792844165
final_time,9.015250395415638
