parameter,value
final_pop_size,1.0262319010224497e7
fraction_subpop_on,0.044643127443887265
