parameter,value
final_pop_size,8.854145570589943e6
fraction_subpop_on,0.047167470025033846
final_time,9.764840349729969
