parameter,value
final_pop_size,1.4593896256845178e7
fraction_subpop_on,0.039063075868156494
