parameter,value
final_pop_size,1.295211769386175e7
fraction_subpop_on,0.040981441814983935
final_time,8.381864278308882
