parameter,value
final_pop_size,5.448709482510012e6
fraction_subpop_on,0.05555320419523211
final_time,11.779986887275726
