parameter,value
final_pop_size,7.492678346017717e6
fraction_subpop_on,0.04999762581676787
final_time,10.42508843481802
