parameter,value
final_pop_size,1.3451187705080047e7
fraction_subpop_on,0.04032308713588757
