parameter,value
final_pop_size,9.329748026037205e6
fraction_subpop_on,0.046293971304771385
final_time,9.564758299415047
