parameter,value
final_pop_size,7.061036953566054e6
fraction_subpop_on,0.051018029585752064
final_time,10.667863319542697
