parameter,value
final_pop_size,5.797968391413481e6
fraction_subpop_on,0.054347640549657295
