parameter,value
final_pop_size,7.93549144216807e6
fraction_subpop_on,0.04901724160047138
final_time,10.194240192244857
