parameter,value
final_pop_size,1.1337965577690165e7
fraction_subpop_on,0.043101207247747506
final_time,8.847176478546379
