parameter,value
final_pop_size,1.1839171714236092e7
fraction_subpop_on,0.0446433230827279
