parameter,value
final_pop_size,5.821306512795559e6
fraction_subpop_on,0.058138842662377274
