parameter,value
final_pop_size,7.917455530755884e6
fraction_subpop_on,0.05208315089326693
