parameter,value
final_pop_size,6.625680455722451e6
fraction_subpop_on,0.05555507541843016
