parameter,value
final_pop_size,1.2376120659154827e7
fraction_subpop_on,0.0438601811953083
