parameter,value
final_pop_size,9.793754595654024e6
fraction_subpop_on,0.04807709191293319
