parameter,value
final_pop_size,9.308541912353218e6
fraction_subpop_on,0.049019693973850406
