parameter,value
final_pop_size,5.436544899610511e6
fraction_subpop_on,0.059523008256170136
