parameter,value
final_pop_size,1.1312352899646401e7
fraction_subpop_on,0.04545494207525367
