parameter,value
final_pop_size,5.063575527853976e6
fraction_subpop_on,0.06097469816293187
