parameter,value
final_pop_size,1.5804753696102895e7
fraction_subpop_on,0.039683406731405496
