parameter,value
final_pop_size,1.5209183474600619e7
fraction_subpop_on,0.04032339873723837
