parameter,value
final_pop_size,7.475668329594556e6
fraction_subpop_on,0.05319121075237044
