parameter,value
final_pop_size,1.4046702496278854e7
fraction_subpop_on,0.04166737889670717
