parameter,value
final_pop_size,2.3537579098718405e7
fraction_subpop_on,0.015619850882106275
final_time,12.701680843236337
