parameter,value
final_pop_size,2.6046559995471187e7
fraction_subpop_on,0.014701447914660227
final_time,12.077300471353212
