parameter,value
final_pop_size,4.681293644435282e7
fraction_subpop_on,0.010202256766827077
final_time,8.885342225237798
