parameter,value
final_pop_size,4.383576559716211e7
fraction_subpop_on,0.010638176767704956
