parameter,value
final_pop_size,4.677093741697972e7
fraction_subpop_on,0.010204045109599854
