parameter,value
final_pop_size,4.533923758638207e7
fraction_subpop_on,0.01041474924124783
final_time,9.041799627087284
