parameter,value
final_pop_size,3.1271269638395924e7
fraction_subpop_on,0.013154518436759298
final_time,11.006339936490733
