parameter,value
final_pop_size,3.397766075389062e7
fraction_subpop_on,0.01249702052952988
final_time,10.543243757122958
