parameter,value
final_pop_size,3.535252792576016e7
fraction_subpop_on,0.012192316083970691
final_time,10.326927639269009
