parameter,value
final_pop_size,3.95581963753527e7
fraction_subpop_on,0.011361271768732391
final_time,9.731196230025077
