parameter,value
final_pop_size,1.8753364913185336e7
fraction_subpop_on,0.017849972917135144
final_time,14.185909771911142
