parameter,value
final_pop_size,4.979206069736738e7
fraction_subpop_on,0.009802263371912293
final_time,8.58906576942609
