parameter,value
final_pop_size,2.1104530984212395e7
fraction_subpop_on,0.016660626007905313
final_time,13.399749064408605
