parameter,value
final_pop_size,1.6465390200407531e7
fraction_subpop_on,0.019226624052687658
