parameter,value
final_pop_size,3.2617076316636737e7
fraction_subpop_on,0.012817343852177955
final_time,10.76947460785984
