parameter,value
final_pop_size,3.2581535865423445e7
fraction_subpop_on,0.012819815053687067
