parameter,value
final_pop_size,2.2311205618747886e7
fraction_subpop_on,0.016123462769483538
final_time,13.040685376719322
