parameter,value
final_pop_size,1.6490667561949402e7
fraction_subpop_on,0.01922214368412125
final_time,15.078684721131522
