parameter,value
final_pop_size,2.107583619416814e7
fraction_subpop_on,0.01666424785072096
