parameter,value
final_pop_size,4.8297318131675646e7
fraction_subpop_on,0.00999826135951199
final_time,8.73453364972
