parameter,value
final_pop_size,3.67412046642686e7
fraction_subpop_on,0.011902115433153698
final_time,10.119871038822568
