parameter,value
final_pop_size,2.7327821673486087e7
fraction_subpop_on,0.014281584778757397
final_time,11.78909094037756
