parameter,value
final_pop_size,4.242524425032595e7
fraction_subpop_on,0.01086744111810263
final_time,9.373018911488376
