parameter,value
final_pop_size,4.238507156692675e7
fraction_subpop_on,0.01086939516317259
