parameter,value
final_pop_size,3.8143238465670936e7
fraction_subpop_on,0.011625407165949855
final_time,9.921476122848587
