parameter,value
final_pop_size,4.09856639440777e7
fraction_subpop_on,0.011108871420476263
final_time,9.548530455059295
