parameter,value
final_pop_size,1.8726347653165575e7
fraction_subpop_on,0.01785398455768625
