parameter,value
final_pop_size,2.994075887553213e7
fraction_subpop_on,0.013509909810584766
final_time,11.2546322707166
