parameter,value
final_pop_size,4.38765569839012e7
fraction_subpop_on,0.010636280934077307
final_time,9.20423857523515
