parameter,value
final_pop_size,1.7610518783957742e7
fraction_subpop_on,0.018510668564365073
final_time,14.617612613151866
