parameter,value
final_pop_size,1.9918316924842138e7
fraction_subpop_on,0.017234808467217408
final_time,13.780772520430872
