parameter,value
final_pop_size,2.8626086682133958e7
fraction_subpop_on,0.01388503512116485
final_time,11.515226486812077
