parameter,value
final_pop_size,4.5297837497310035e7
fraction_subpop_on,0.010416589914631897
