parameter,value
final_pop_size,3.95192920819997e7
fraction_subpop_on,0.011363352393483028
