parameter,value
final_pop_size,3.531560752530629e7
fraction_subpop_on,0.012194616482331206
