parameter,value
final_pop_size,2.478292700890931e7
fraction_subpop_on,0.01514674246380429
final_time,12.381051665071974
