parameter,value
final_pop_size,4.016779241275741e6
fraction_subpop_on,0.06578823136817895
