parameter,value
final_pop_size,5.857869288166809e6
fraction_subpop_on,0.05813451559691485
final_time,11.478296924144853
