parameter,value
final_pop_size,9.843065991159156e6
fraction_subpop_on,0.04807265354378359
final_time,9.373521738543252
