parameter,value
final_pop_size,1.189408510948784e7
fraction_subpop_on,0.04463893391422736
final_time,8.685858620528448
