parameter,value
final_pop_size,8.370276010443319e6
fraction_subpop_on,0.05102031862313478
