parameter,value
final_pop_size,6.217728277248224e6
fraction_subpop_on,0.05681759679180643
