parameter,value
final_pop_size,1.2923094389398353e7
fraction_subpop_on,0.043104043379436865
