parameter,value
final_pop_size,8.415356132208016e6
fraction_subpop_on,0.05101587508148768
final_time,9.974425559881315
