parameter,value
final_pop_size,1.0847889705027036e7
fraction_subpop_on,0.04629220152285271
final_time,9.015250395415638
