parameter,value
final_pop_size,1.0340251425358802e7
fraction_subpop_on,0.047165629460118014
final_time,9.190533576232633
