parameter,value
final_pop_size,4.353554247270292e6
fraction_subpop_on,0.06410143102149982
