parameter,value
final_pop_size,7.085864141871713e6
fraction_subpop_on,0.05434303746149238
final_time,10.667863319542697
