parameter,value
final_pop_size,4.384420709658673e6
fraction_subpop_on,0.06409732333663538
final_time,12.802093425509584
