parameter,value
final_pop_size,5.471683847755518e6
fraction_subpop_on,0.05951872308219543
final_time,11.779986887275726
