parameter,value
final_pop_size,1.0289534971059393e7
fraction_subpop_on,0.047170059448099884
