parameter,value
final_pop_size,1.347998910109459e7
fraction_subpop_on,0.04237353648018042
