parameter,value
final_pop_size,1.5272397809219973e7
fraction_subpop_on,0.04031914100279608
final_time,7.838777238720608
