parameter,value
final_pop_size,8.834010569020871e6
fraction_subpop_on,0.049999999999999996
