parameter,value
final_pop_size,1.4684973883568143e7
fraction_subpop_on,0.04098009007702975
final_time,7.9671994824279135
