parameter,value
final_pop_size,4.734823352887683e6
fraction_subpop_on,0.062494801256415
final_time,12.439962509035627
