parameter,value
final_pop_size,6.255714131891188e6
fraction_subpop_on,0.056813235264473655
final_time,11.193288650877863
