parameter,value
final_pop_size,1.2980789254770389e7
fraction_subpop_on,0.04309969198173804
final_time,8.381864278308882
