parameter,value
final_pop_size,1.1365870490303947e7
fraction_subpop_on,0.045450536955029014
final_time,8.847176478546379
