parameter,value
final_pop_size,4.0462225337186605e6
fraction_subpop_on,0.06578420276723554
final_time,13.188680228861386
