parameter,value
final_pop_size,1.2432426517199682e7
fraction_subpop_on,0.043855810005330224
final_time,8.530881609743139
