parameter,value
final_pop_size,5.09729023379058e6
fraction_subpop_on,0.060970463009461885
final_time,12.09994296731757
