parameter,value
final_pop_size,7.517915992850421e6
fraction_subpop_on,0.05318678414637237
final_time,10.42508843481802
