parameter,value
final_pop_size,1.5869338316548366e7
fraction_subpop_on,0.03967917525952636
final_time,7.714811755542912
