parameter,value
final_pop_size,1.4107164594576161e7
fraction_subpop_on,0.04166307176388773
final_time,8.100333840866561
