parameter,value
final_pop_size,6.665088335648537e6
fraction_subpop_on,0.05555068620815752
final_time,10.923559551047438
