parameter,value
final_pop_size,1.3539069412639068e7
fraction_subpop_on,0.04236920649403342
final_time,8.23845603914904
