parameter,value
final_pop_size,1.4623133749283142e7
fraction_subpop_on,0.040984373076700636
