parameter,value
final_pop_size,7.9611204521209365e6
fraction_subpop_on,0.05207871350340351
final_time,10.194240192244857
