parameter,value
final_pop_size,8.880503627950424e6
fraction_subpop_on,0.04999555450449593
final_time,9.764840349729969
