parameter,value
final_pop_size,1.0795771138518283e7
fraction_subpop_on,0.04629662033470315
