parameter,value
final_pop_size,7.045035572443323e6
fraction_subpop_on,0.05434744817887969
