parameter,value
final_pop_size,9.356445454747885e6
fraction_subpop_on,0.04901525032415765
final_time,9.564758299415047
