parameter,value
final_pop_size,9.299324229264295e6
fraction_subpop_on,0.04807706256659509
