parameter,value
final_pop_size,8.361286169923073e6
fraction_subpop_on,0.049999999999999996
