parameter,value
final_pop_size,1.0786251144475969e7
fraction_subpop_on,0.04545487741856496
