parameter,value
final_pop_size,7.0364326212078575e6
fraction_subpop_on,0.05319126531933095
