parameter,value
final_pop_size,4.346113932438356e6
fraction_subpop_on,0.06249922267809082
