parameter,value
final_pop_size,1.2913234924248205e7
fraction_subpop_on,0.04237343773399156
