parameter,value
final_pop_size,1.028011082833088e7
fraction_subpop_on,0.046296566398685034
