parameter,value
final_pop_size,5.813152570336593e6
fraction_subpop_on,0.05681772101825342
