parameter,value
final_pop_size,7.908588327957915e6
fraction_subpop_on,0.05102033530746542
