parameter,value
final_pop_size,1.461306033184767e7
fraction_subpop_on,0.04032328193509454
