parameter,value
final_pop_size,6.209417152972706e6
fraction_subpop_on,0.055555174574965616
