parameter,value
final_pop_size,1.2366339884975266e7
fraction_subpop_on,0.04310395196832601
