parameter,value
final_pop_size,4.694900580187113e6
fraction_subpop_on,0.06097490984599525
