parameter,value
final_pop_size,6.985561917691801e6
fraction_subpop_on,0.046296354502440164
