parameter,value
final_pop_size,8.770343184367275e6
fraction_subpop_on,0.043103574837444675
