parameter,value
final_pop_size,7.855795368867431e6
fraction_subpop_on,0.04464294864406548
