parameter,value
final_pop_size,5.010461255714476e6
fraction_subpop_on,0.051020395977526126
