parameter,value
final_pop_size,1.0728569155493839e7
fraction_subpop_on,0.04032278007681524
