parameter,value
final_pop_size,9.24393346875189e6
fraction_subpop_on,0.042373025899533595
