parameter,value
final_pop_size,1.5136491691856425e7
fraction_subpop_on,0.03571462912114494
