parameter,value
final_pop_size,3.968184474945537e6
fraction_subpop_on,0.05434778476439225
