parameter,value
final_pop_size,6.160636515890102e6
fraction_subpop_on,0.048076950505947354
