parameter,value
final_pop_size,7.415078034609479e6
fraction_subpop_on,0.04545462004257367
