parameter,value
final_pop_size,1.2306637092322053e7
fraction_subpop_on,0.03846179295138745
