parameter,value
final_pop_size,8.307590782520752e6
fraction_subpop_on,0.043859757977062326
