parameter,value
final_pop_size,5.7654843474414395e6
fraction_subpop_on,0.049019621084947194
