parameter,value
final_pop_size,1.397521209434562e7
fraction_subpop_on,0.03676501435254947
