parameter,value
final_pop_size,1.177041641790148e7
fraction_subpop_on,0.039062736203337986
