parameter,value
final_pop_size,4.650861713564951e6
fraction_subpop_on,0.05208331012813186
