parameter,value
final_pop_size,3.393000998688173e7
fraction_subpop_on,0.011110187032766452
final_time,10.543243757122958
