parameter,value
final_pop_size,3.2533542205136757e7
fraction_subpop_on,0.01136352141866493
