parameter,value
final_pop_size,3.2569084054167476e7
fraction_subpop_on,0.011362678161851644
final_time,10.76947460785984
