parameter,value
final_pop_size,4.825306124353439e7
fraction_subpop_on,0.009090248581099272
final_time,8.73453364972
