parameter,value
final_pop_size,3.805835644608061e7
fraction_subpop_on,0.010416633422937685
