parameter,value
final_pop_size,2.9892089284445174e7
fraction_subpop_on,0.0119037300335881
final_time,11.2546322707166
