parameter,value
final_pop_size,2.1053654161023874e7
fraction_subpop_on,0.014284355215088454
final_time,13.399749064408605
