parameter,value
final_pop_size,3.1222937519796174e7
fraction_subpop_on,0.011626912879969553
final_time,11.006339936490733
