parameter,value
final_pop_size,4.383129650866935e7
fraction_subpop_on,0.009614657672414895
final_time,9.20423857523515
