parameter,value
final_pop_size,3.669423926840908e7
fraction_subpop_on,0.010637437128824229
final_time,10.119871038822568
