parameter,value
final_pop_size,3.809661586504274e7
fraction_subpop_on,0.010415835321668458
final_time,9.921476122848587
