parameter,value
final_pop_size,1.6438797058103357e7
fraction_subpop_on,0.016127425658931542
final_time,15.078684721131522
