parameter,value
final_pop_size,2.857708284922327e7
fraction_subpop_on,0.01219405031265197
final_time,11.515226486812077
