parameter,value
final_pop_size,1.7558866556733117e7
fraction_subpop_on,0.015623459996428161
final_time,14.617612613151866
