parameter,value
final_pop_size,4.237964528879115e7
fraction_subpop_on,0.009803170353259713
final_time,9.373018911488376
