parameter,value
final_pop_size,4.5294313765960865e7
fraction_subpop_on,0.009433258488870763
final_time,9.041799627087284
