parameter,value
final_pop_size,2.348729202957122e7
fraction_subpop_on,0.013512260421550607
final_time,12.701680843236337
