parameter,value
final_pop_size,2.7245858870621927e7
fraction_subpop_on,0.012499777382931591
