parameter,value
final_pop_size,4.8210462517971456e7
fraction_subpop_on,0.009090975125328032
