parameter,value
final_pop_size,2.4732950169564262e7
fraction_subpop_on,0.01315669062231771
final_time,12.381051665071974
