parameter,value
final_pop_size,1.9867164594329577e7
fraction_subpop_on,0.014704466019263219
final_time,13.780772520430872
