parameter,value
final_pop_size,4.672633849151363e7
fraction_subpop_on,0.00925931377725274
