parameter,value
final_pop_size,4.379049671539159e7
fraction_subpop_on,0.009615413685220255
