parameter,value
final_pop_size,1.870195316869906e7
fraction_subpop_on,0.015150038542147946
final_time,14.185909771911142
