parameter,value
final_pop_size,4.093972492631129e7
fraction_subpop_on,0.009999223341339788
final_time,9.548530455059295
