parameter,value
final_pop_size,2.599690136266234e7
fraction_subpop_on,0.012819355186664301
final_time,12.077300471353212
