parameter,value
final_pop_size,3.530521963931133e7
fraction_subpop_on,0.01086867359301682
final_time,10.326927639269009
