parameter,value
final_pop_size,3.389377116985072e7
fraction_subpop_on,0.011111018733858611
