parameter,value
final_pop_size,4.676834721911072e7
fraction_subpop_on,0.00925857760899032
final_time,8.885342225237798
