parameter,value
final_pop_size,2.226061793123501e7
fraction_subpop_on,0.013887584189184685
final_time,13.040685376719322
