parameter,value
final_pop_size,3.118810484029786e7
fraction_subpop_on,0.011627767852209953
