parameter,value
final_pop_size,3.951191603065195e7
fraction_subpop_on,0.010203278289206667
final_time,9.731196230025077
