parameter,value
final_pop_size,4.233946490416856e7
fraction_subpop_on,0.009803936588750421
