parameter,value
final_pop_size,4.974813371620275e7
fraction_subpop_on,0.008927931129134158
final_time,8.58906576942609
