parameter,value
final_pop_size,2.7278487793770786e7
fraction_subpop_on,0.012498886481941019
final_time,11.78909094037756
