parameter,value
final_pop_size,1.7532729919918027e7
fraction_subpop_on,0.0156244458893801
