parameter,value
final_pop_size,1.1987263983396474e7
fraction_subpop_on,0.05206510459315157
final_time,8.685858620528448
