parameter,value
final_pop_size,1.4141291515123999e7
fraction_subpop_on,0.048077524834262336
