parameter,value
final_pop_size,4.814857034543391e6
fraction_subpop_on,0.07807823230919846
final_time,12.439962509035627
