parameter,value
final_pop_size,9.446848944329074e6
fraction_subpop_on,0.058115886993149596
final_time,9.564758299415047
