parameter,value
final_pop_size,1.5965133811781427e7
fraction_subpop_on,0.04544138245886399
final_time,7.714811755542912
