parameter,value
final_pop_size,1.5900330429881115e7
fraction_subpop_on,0.045455860567028425
