parameter,value
final_pop_size,5.178598227351073e6
fraction_subpop_on,0.07571395230806967
final_time,12.09994296731757
