parameter,value
final_pop_size,8.458972674218822e6
fraction_subpop_on,0.06097085694150598
