parameter,value
final_pop_size,8.970236380157119e6
fraction_subpop_on,0.0594988172826628
final_time,9.764840349729969
