parameter,value
final_pop_size,8.50437386592559e6
fraction_subpop_on,0.060949165581881924
final_time,9.974425559881315
