parameter,value
final_pop_size,1.4780146404257495e7
fraction_subpop_on,0.04715542418551679
final_time,7.9671994824279135
