parameter,value
final_pop_size,6.750742731908338e6
fraction_subpop_on,0.06753399515406902
final_time,10.923559551047438
