parameter,value
final_pop_size,1.0431873898891678e7
fraction_subpop_on,0.05553431209011801
final_time,9.190533576232633
