parameter,value
final_pop_size,7.605359240132703e6
fraction_subpop_on,0.06407284745382726
final_time,10.42508843481802
