parameter,value
final_pop_size,7.562772207944129e6
fraction_subpop_on,0.06409603709532204
