parameter,value
final_pop_size,1.4201990942855766e7
fraction_subpop_on,0.04806186413685696
final_time,8.100333840866561
