parameter,value
final_pop_size,9.934098572773978e6
fraction_subpop_on,0.056795780581716686
final_time,9.373521738543252
