parameter,value
final_pop_size,5.554185836541909e6
fraction_subpop_on,0.07348865099702968
final_time,11.779986887275726
