parameter,value
final_pop_size,1.3074847356972555e7
fraction_subpop_on,0.04998346083284194
final_time,8.381864278308882
