parameter,value
final_pop_size,8.049376041860266e6
fraction_subpop_on,0.06247198519690565
final_time,10.194240192244857
