parameter,value
final_pop_size,1.145856407166807e7
fraction_subpop_on,0.05317232545884449
final_time,8.847176478546379
