parameter,value
final_pop_size,7.172441524412388e6
fraction_subpop_on,0.0657579098336525
final_time,10.667863319542697
