parameter,value
final_pop_size,4.1234423402534155e6
fraction_subpop_on,0.08327928507256793
final_time,13.188680228861386
