parameter,value
final_pop_size,8.923431017484153e6
fraction_subpop_on,0.059519816522778386
