parameter,value
final_pop_size,5.941490406016957e6
fraction_subpop_on,0.07139042266536637
final_time,11.478296924144853
