parameter,value
final_pop_size,6.340384518296368e6
fraction_subpop_on,0.06940868394616766
final_time,11.193288650877863
