parameter,value
final_pop_size,1.3633524752645774e7
fraction_subpop_on,0.04900383281720369
final_time,8.23845603914904
