parameter,value
final_pop_size,1.53678929712995e7
fraction_subpop_on,0.046282540106740204
final_time,7.838777238720608
