parameter,value
final_pop_size,1.0940065141332373e7
fraction_subpop_on,0.054327659383182014
final_time,9.015250395415638
