parameter,value
final_pop_size,4.463093822241591e6
fraction_subpop_on,0.08059493230036792
final_time,12.802093425509584
