parameter,value
final_pop_size,1.252605966214636e7
fraction_subpop_on,0.05100305262962044
final_time,8.530881609743139
