parameter,value
final_pop_size,1.5304453862331385e7
fraction_subpop_on,0.046297395765873155
