parameter,value
final_pop_size,1.5241750117361967e7
fraction_subpop_on,0.04237391424884934
