parameter,value
final_pop_size,1.5837479857019527e7
fraction_subpop_on,0.04166778023312087
