parameter,value
final_pop_size,6.245248200029879e6
fraction_subpop_on,0.06097376578204465
