parameter,value
final_pop_size,4.728079971343279e6
fraction_subpop_on,0.06756453628220421
