parameter,value
final_pop_size,1.4655531599715345e7
fraction_subpop_on,0.0431043947648808
