parameter,value
final_pop_size,7.504406881185314e6
fraction_subpop_on,0.056817068687205374
