parameter,value
final_pop_size,7.946557802143733e6
fraction_subpop_on,0.05555465819022218
