parameter,value
final_pop_size,1.032018631029602e7
fraction_subpop_on,0.049999999999999996
