parameter,value
final_pop_size,5.4631330868302565e6
fraction_subpop_on,0.06410015802259773
