parameter,value
final_pop_size,1.1870569179390054e7
fraction_subpop_on,0.04717022617556315
