parameter,value
final_pop_size,1.3512019655926067e7
fraction_subpop_on,0.04464361214088245
