parameter,value
final_pop_size,4.0411618256630595e6
fraction_subpop_on,0.0714248522873509
