parameter,value
final_pop_size,8.967024106816664e6
fraction_subpop_on,0.06409195061825965
