parameter,value
final_pop_size,8.502490583636614e6
fraction_subpop_on,0.06577704693799141
