parameter,value
final_pop_size,1.4761909242265295e7
fraction_subpop_on,0.049999999999999996
