parameter,value
final_pop_size,7.174479232256838e6
fraction_subpop_on,0.07140913631777063
