parameter,value
final_pop_size,1.1975921562485877e7
fraction_subpop_on,0.05555228569668632
