parameter,value
final_pop_size,1.093145660752971e7
fraction_subpop_on,0.058134355689983395
