parameter,value
final_pop_size,7.606102253754379e6
fraction_subpop_on,0.06942764587912949
