parameter,value
final_pop_size,1.3618052929011466e7
fraction_subpop_on,0.05208223536373251
