parameter,value
final_pop_size,1.3060755005761724e7
fraction_subpop_on,0.053189745708735074
