parameter,value
final_pop_size,1.2513343967485964e7
fraction_subpop_on,0.05434536161586004
