parameter,value
final_pop_size,1.1448590926906988e7
fraction_subpop_on,0.056814011191556144
