parameter,value
final_pop_size,1.534827087489808e7
fraction_subpop_on,0.049020073736260196
