parameter,value
final_pop_size,9.928202296981914e6
fraction_subpop_on,0.060968030574867244
