parameter,value
final_pop_size,9.44229866277518e6
fraction_subpop_on,0.062490993706277614
