parameter,value
final_pop_size,4.135157010474354e6
fraction_subpop_on,0.09253205387590997
