parameter,value
final_pop_size,4.473686995329408e6
fraction_subpop_on,0.08923328917638683
