parameter,value
final_pop_size,4.66318949370921e6
fraction_subpop_on,0.23619405636013158
final_time,6.184661387539454
