parameter,value
final_pop_size,1.202028600041425e7
fraction_subpop_on,0.07088346821965891
final_time,7.387626103534556
