parameter,value
final_pop_size,1.6041216905508764e7
fraction_subpop_on,0.049968830294924306
final_time,7.714811755542912
