parameter,value
final_pop_size,1.0230447707612762e7
fraction_subpop_on,0.041666867864868055
