parameter,value
final_pop_size,1.1251857219405854e7
fraction_subpop_on,0.040322824641358765
