parameter,value
final_pop_size,1.4559079406774871e7
fraction_subpop_on,0.036765073647016575
