parameter,value
final_pop_size,1.5739705981744742e7
fraction_subpop_on,0.03571469222525274
