parameter,value
final_pop_size,1.073596435006043e7
fraction_subpop_on,0.040983829194626134
