parameter,value
final_pop_size,1.286070314602655e7
fraction_subpop_on,0.03846184552811225
