parameter,value
final_pop_size,6.573630439335727e6
fraction_subpop_on,0.04807695898726119
