parameter,value
final_pop_size,3.973258763890166e6
fraction_subpop_on,0.05555548677082676
