parameter,value
final_pop_size,1.1778016476326935e7
fraction_subpop_on,0.03968280490189427
