parameter,value
final_pop_size,4.308650741118103e6
fraction_subpop_on,0.05434776805947346
