parameter,value
final_pop_size,6.991965967367711e6
fraction_subpop_on,0.04716986640887205
