parameter,value
final_pop_size,8.777279649266936e6
fraction_subpop_on,0.04385978618435159
