parameter,value
final_pop_size,9.735418853682328e6
fraction_subpop_on,0.04237306109744253
