parameter,value
final_pop_size,7.421622678414923e6
fraction_subpop_on,0.046296371203828894
