parameter,value
final_pop_size,6.166743347527942e6
fraction_subpop_on,0.04901962534545877
