parameter,value
final_pop_size,1.5795833597014364e7
fraction_subpop_on,0.035210394776896324
final_time,7.714811755542912
