parameter,value
final_pop_size,1.2910337982477704e7
fraction_subpop_on,0.03787791976720379
final_time,8.381864278308882
