parameter,value
final_pop_size,1.1297593103200844e7
fraction_subpop_on,0.03968168489937165
final_time,8.847176478546379
