parameter,value
final_pop_size,1.0223160847566206e7
fraction_subpop_on,0.040983787600753045
