parameter,value
final_pop_size,6.198297476591527e6
fraction_subpop_on,0.04807621843710417
final_time,11.193288650877863
