parameter,value
final_pop_size,1.4551029747416131e7
fraction_subpop_on,0.0362322101195429
