parameter,value
final_pop_size,1.4612612036308872e7
fraction_subpop_on,0.03623101085231527
final_time,7.9671994824279135
