parameter,value
final_pop_size,5.801718930655464e6
fraction_subpop_on,0.04901892687072073
final_time,11.478296924144853
