parameter,value
final_pop_size,5.382047781753637e6
fraction_subpop_on,0.049999999999999996
