parameter,value
final_pop_size,4.33391606967238e6
fraction_subpop_on,0.05319092206184922
final_time,12.802093425509584
