parameter,value
final_pop_size,1.1244357672832998e7
fraction_subpop_on,0.03968275751783603
