parameter,value
final_pop_size,8.81653379876682e6
fraction_subpop_on,0.04310263904711824
final_time,9.764840349729969
