parameter,value
final_pop_size,8.3523645034339335e6
fraction_subpop_on,0.043858853176518366
final_time,9.974425559881315
