parameter,value
final_pop_size,9.29153857161828e6
fraction_subpop_on,0.04237206033689405
final_time,9.564758299415047
