parameter,value
final_pop_size,7.899149995740577e6
fraction_subpop_on,0.044642076046395106
final_time,10.194240192244857
