parameter,value
final_pop_size,1.2852913039273856e7
fraction_subpop_on,0.03787906053242793
