parameter,value
final_pop_size,9.728244457911218e6
fraction_subpop_on,0.041666829393409134
