parameter,value
final_pop_size,1.3467953642902162e7
fraction_subpop_on,0.03731256219530344
final_time,8.23845603914904
