parameter,value
final_pop_size,1.0780401472525658e7
fraction_subpop_on,0.04032173244467991
final_time,9.015250395415638
