parameter,value
final_pop_size,1.4035412347217247e7
fraction_subpop_on,0.0367638335636212
final_time,8.100333840866561
