parameter,value
final_pop_size,1.2362668960025357e7
fraction_subpop_on,0.038460673791934824
final_time,8.530881609743139
