parameter,value
final_pop_size,5.043841787704024e6
fraction_subpop_on,0.05101978023747746
final_time,12.09994296731757
