parameter,value
final_pop_size,5.416855433466652e6
fraction_subpop_on,0.0499993445949667
final_time,11.779986887275726
