parameter,value
final_pop_size,1.0273586970207939e7
fraction_subpop_on,0.04098276612861985
final_time,9.190533576232633
