parameter,value
final_pop_size,3.997286717890514e6
fraction_subpop_on,0.05434729182649281
final_time,13.188680228861386
