parameter,value
final_pop_size,1.3409139203703543e7
fraction_subpop_on,0.03731372349378152
