parameter,value
final_pop_size,1.573149891601555e7
fraction_subpop_on,0.03521162808973381
