parameter,value
final_pop_size,1.5199452150751803e7
fraction_subpop_on,0.03571341235649177
final_time,7.838777238720608
