parameter,value
final_pop_size,7.0260726586531345e6
fraction_subpop_on,0.04629554988868498
final_time,10.667863319542697
