parameter,value
final_pop_size,1.1825051741472606e7
fraction_subpop_on,0.03906163975058135
final_time,8.685858620528448
