parameter,value
final_pop_size,9.777261455170978e6
fraction_subpop_on,0.04166583527312365
final_time,9.373521738543252
