parameter,value
final_pop_size,4.682815337764512e6
fraction_subpop_on,0.05208273478838659
final_time,12.439962509035627
