parameter,value
final_pop_size,6.606458716967251e6
fraction_subpop_on,0.047169084883804314
final_time,10.923559551047438
