parameter,value
final_pop_size,7.457011588220491e6
fraction_subpop_on,0.0454537808480531
final_time,10.42508843481802
