parameter,value
final_pop_size,1.184057344500258e7
fraction_subpop_on,0.040321325390609834
final_time,8.685858620528448
