parameter,value
final_pop_size,4.344762486242767e6
fraction_subpop_on,0.055554569258780856
final_time,12.802093425509584
