parameter,value
final_pop_size,9.791937737362748e6
fraction_subpop_on,0.04310219884209114
final_time,9.373521738543252
