parameter,value
final_pop_size,5.777639909589993e6
fraction_subpop_on,0.05102038632453381
