parameter,value
final_pop_size,6.210841753276833e6
fraction_subpop_on,0.04999885562117796
final_time,11.193288650877863
