parameter,value
final_pop_size,5.05540526602841e6
fraction_subpop_on,0.053190429596735464
final_time,12.09994296731757
