parameter,value
final_pop_size,5.813948407281019e6
fraction_subpop_on,0.051019288757423294
final_time,11.478296924144853
