parameter,value
final_pop_size,4.3141603516087625e6
fraction_subpop_on,0.055555459715086686
