parameter,value
final_pop_size,1.079551665107847e7
fraction_subpop_on,0.041665411384390776
final_time,9.015250395415638
