parameter,value
final_pop_size,5.42875810590627e6
fraction_subpop_on,0.05208224208240623
final_time,11.779986887275726
