parameter,value
final_pop_size,7.470432112692979e6
fraction_subpop_on,0.04716860948192603
final_time,10.42508843481802
