parameter,value
final_pop_size,1.3425151199389067e7
fraction_subpop_on,0.03846190635421975
