parameter,value
final_pop_size,1.0237992503311032e7
fraction_subpop_on,0.04237310277278621
