parameter,value
final_pop_size,4.694026853005298e6
fraction_subpop_on,0.05434680127090371
final_time,12.439962509035627
