parameter,value
final_pop_size,1.2926236175177986e7
fraction_subpop_on,0.03906124970373312
final_time,8.381864278308882
