parameter,value
final_pop_size,1.34840294999588e7
fraction_subpop_on,0.03846029222959445
final_time,8.23845603914904
