parameter,value
final_pop_size,4.0077545531489346e6
fraction_subpop_on,0.0568172376850938
final_time,13.188680228861386
