parameter,value
final_pop_size,7.039212074309315e6
fraction_subpop_on,0.04807573764988283
final_time,10.667863319542697
