parameter,value
final_pop_size,1.462902333811817e7
fraction_subpop_on,0.03731219743530014
final_time,7.9671994824279135
