parameter,value
final_pop_size,6.998628726109694e6
fraction_subpop_on,0.04807696943585864
