parameter,value
final_pop_size,1.0743616768414322e7
fraction_subpop_on,0.0416669132160822
