parameter,value
final_pop_size,8.830736303576995e6
fraction_subpop_on,0.044641620498333374
final_time,9.764840349729969
