parameter,value
final_pop_size,4.661998555482938e6
fraction_subpop_on,0.05434774633524056
