parameter,value
final_pop_size,1.4051659158861872e7
fraction_subpop_on,0.0378775466410917
final_time,8.100333840866561
