parameter,value
final_pop_size,1.1312915440639265e7
fraction_subpop_on,0.04098235061631045
final_time,8.847176478546379
