parameter,value
final_pop_size,8.366316207507169e6
fraction_subpop_on,0.04545331817184757
final_time,9.974425559881315
