parameter,value
final_pop_size,1.0288486899759272e7
fraction_subpop_on,0.04237162819963361
final_time,9.190533576232633
