parameter,value
final_pop_size,6.173107262137391e6
fraction_subpop_on,0.05000000000000002
