parameter,value
final_pop_size,1.5216021714048972e7
fraction_subpop_on,0.03676347708108519
final_time,7.838777238720608
