parameter,value
final_pop_size,9.305982488909299e6
fraction_subpop_on,0.04385840514492987
final_time,9.564758299415047
