parameter,value
final_pop_size,1.5812555419582855e7
fraction_subpop_on,0.03623066254300858
final_time,7.714811755542912
