parameter,value
final_pop_size,9.742851774214836e6
fraction_subpop_on,0.04310364441140494
