parameter,value
final_pop_size,6.619306177692356e6
fraction_subpop_on,0.049018441512883565
final_time,10.923559551047438
