parameter,value
final_pop_size,7.912841159894427e6
fraction_subpop_on,0.04629508056123679
final_time,10.194240192244857
