parameter,value
final_pop_size,6.643853599296988e6
fraction_subpop_on,0.05813844558999445
