parameter,value
final_pop_size,1.036034195524693e7
fraction_subpop_on,0.04901334331767764
final_time,9.190533576232633
