parameter,value
final_pop_size,8.899998752281755e6
fraction_subpop_on,0.05207650477153977
final_time,9.764840349729969
