parameter,value
final_pop_size,6.273689974238053e6
fraction_subpop_on,0.05951572401609466
final_time,11.193288650877863
