parameter,value
final_pop_size,1.0868158470366461e7
fraction_subpop_on,0.048070835835410886
final_time,9.015250395415638
