parameter,value
final_pop_size,6.6833525375878485e6
fraction_subpop_on,0.058131668266417226
final_time,10.923559551047438
