parameter,value
final_pop_size,1.1914683031390257e7
fraction_subpop_on,0.04629054752207569
final_time,8.685858620528448
