parameter,value
final_pop_size,8.38946658080273e6
fraction_subpop_on,0.053191071813425445
