parameter,value
final_pop_size,8.43463067228439e6
fraction_subpop_on,0.053184462333053954
final_time,9.974425559881315
