parameter,value
final_pop_size,1.4706255314339248e7
fraction_subpop_on,0.0423678883563944
final_time,7.9671994824279135
