parameter,value
final_pop_size,7.980162314564265e6
fraction_subpop_on,0.0543405956598138
final_time,10.194240192244857
