parameter,value
final_pop_size,5.4890340259494325e6
fraction_subpop_on,0.06249147159594547
final_time,11.779986887275726
