parameter,value
final_pop_size,1.5890845129037198e7
fraction_subpop_on,0.04097888208689156
final_time,7.714811755542912
