parameter,value
final_pop_size,4.751475996499403e6
fraction_subpop_on,0.06578050447165062
final_time,12.439962509035627
