parameter,value
final_pop_size,1.3560099384273065e7
fraction_subpop_on,0.043854368796503625
final_time,8.23845603914904
