parameter,value
final_pop_size,4.400694911476416e6
fraction_subpop_on,0.06755838331651823
final_time,12.802093425509584
