parameter,value
final_pop_size,1.0309548289487202e7
fraction_subpop_on,0.04901973204988206
