parameter,value
final_pop_size,5.1143011562751345e6
fraction_subpop_on,0.06409381421158132
final_time,12.09994296731757
