parameter,value
final_pop_size,5.875540770767307e6
fraction_subpop_on,0.06096730327876509
final_time,11.478296924144853
