parameter,value
final_pop_size,9.86296852780458e6
fraction_subpop_on,0.04999355279873066
final_time,9.373521738543252
