parameter,value
final_pop_size,1.2453176266762774e7
fraction_subpop_on,0.045448957975262
final_time,8.530881609743139
