parameter,value
final_pop_size,1.1386308230563777e7
fraction_subpop_on,0.04716389598201419
final_time,8.847176478546379
