parameter,value
final_pop_size,1.3001682891256617e7
fraction_subpop_on,0.04463742577793286
final_time,8.381864278308882
