parameter,value
final_pop_size,9.376149710888587e6
fraction_subpop_on,0.0510137729236584
final_time,9.564758299415047
