parameter,value
final_pop_size,7.536712400699504e6
fraction_subpop_on,0.05554811710110138
final_time,10.42508843481802
