parameter,value
final_pop_size,1.5293795034679264e7
fraction_subpop_on,0.04166181021356858
final_time,7.838777238720608
