parameter,value
final_pop_size,9.32816562761058e6
fraction_subpop_on,0.051020276669935735
