parameter,value
final_pop_size,1.2396799524524242e7
fraction_subpop_on,0.04545509983122597
