parameter,value
final_pop_size,7.104401588913655e6
fraction_subpop_on,0.05681053111926326
final_time,10.667863319542697
