parameter,value
final_pop_size,1.4128323715904087e7
fraction_subpop_on,0.04309831402937697
final_time,8.100333840866561
