parameter,value
final_pop_size,4.06209692116021e6
fraction_subpop_on,0.06943505202246525
final_time,13.188680228861386
