parameter,value
final_pop_size,6.392023027514816e6
fraction_subpop_on,0.1550635452252588
final_time,6.622870674837065
