parameter,value
final_pop_size,1.3950768968249228e7
fraction_subpop_on,0.05880371773398459
