parameter,value
final_pop_size,1.3258030902016185e7
fraction_subpop_on,0.062457284239687744
