parameter,value
final_pop_size,1.463522472877273e7
fraction_subpop_on,0.05554738483596935
