parameter,value
final_pop_size,3.7847481998798316e6
fraction_subpop_on,0.29397227493610034
