parameter,value
final_pop_size,1.5310598412463514e7
fraction_subpop_on,0.052629050860107156
