parameter,value
final_pop_size,7.057975147546786e6
fraction_subpop_on,0.13185549148961842
