parameter,value
final_pop_size,1.2558201215903835e7
fraction_subpop_on,0.06658028605799629
