parameter,value
final_pop_size,1.270043364530358e7
fraction_subpop_on,0.06632857000664856
final_time,7.4507111931666286
