parameter,value
final_pop_size,5.894588449942294e6
fraction_subpop_on,0.16462031829096144
