parameter,value
final_pop_size,1.0436299219832072e7
fraction_subpop_on,0.08274599970455951
