parameter,value
final_pop_size,1.114465474643884e7
fraction_subpop_on,0.07660603513338134
