parameter,value
final_pop_size,1.1340923877101852e7
fraction_subpop_on,0.07604375022441365
final_time,7.320523573077776
