parameter,value
final_pop_size,3.9509445194695126e6
fraction_subpop_on,0.23280088701820711
