parameter,value
final_pop_size,1.185297170349657e7
fraction_subpop_on,0.07126078991604286
