parameter,value
final_pop_size,9.731781736086436e6
fraction_subpop_on,0.08983689435457838
