parameter,value
final_pop_size,8.354041270550487e6
fraction_subpop_on,0.10764286993506676
