parameter,value
final_pop_size,8.08033009391365e6
fraction_subpop_on,0.11517828911562103
final_time,6.918140842101706
