parameter,value
final_pop_size,5.4464576761208875e6
fraction_subpop_on,0.19131145384385617
final_time,6.408204414103806
