parameter,value
final_pop_size,1.3378856929232609e7
fraction_subpop_on,0.062290215133026156
final_time,7.510032663257908
