parameter,value
final_pop_size,5.899418665901109e6
fraction_subpop_on,0.17213211620187951
final_time,6.516970845140766
