parameter,value
final_pop_size,4.483574328350774e6
fraction_subpop_on,0.23381951435075188
