parameter,value
final_pop_size,9.407475772300863e7
fraction_subpop_on,0.0009998937015598868
final_time,9.157416970145684
