parameter,value
final_pop_size,8.632991290659602e7
fraction_subpop_on,0.0009998841652949328
final_time,9.071417372381603
