parameter,value
final_pop_size,7.154020699586764e7
fraction_subpop_on,0.0009998602184642744
final_time,8.883312765596637
