parameter,value
final_pop_size,9.600435620878866e7
fraction_subpop_on,0.0010051039350645126
