parameter,value
final_pop_size,9.975942170193487e7
fraction_subpop_on,0.000999899758841527
final_time,9.216147437895682
