parameter,value
final_pop_size,9.61811819271987e7
fraction_subpop_on,0.0009998960295579693
final_time,9.17958309730067
