parameter,value
final_pop_size,6.133373834869758e7
fraction_subpop_on,0.0009998369575983915
final_time,8.72922915044099
