parameter,value
final_pop_size,9.680280112460698e7
fraction_subpop_on,0.0010050618369954942
