parameter,value
final_pop_size,6.6631127783104636e7
fraction_subpop_on,0.0009998499199948625
final_time,8.812153842214048
