parameter,value
final_pop_size,4.789336582248136e7
fraction_subpop_on,0.0010102310621019246
