parameter,value
final_pop_size,9.959505471113096e7
fraction_subpop_on,0.00100491992299639
