parameter,value
final_pop_size,9.93829532669958e7
fraction_subpop_on,0.0009998993791221606
final_time,9.212362751775343
