parameter,value
final_pop_size,5.575472007020253e7
fraction_subpop_on,0.0009998206429879405
final_time,8.63376570258635
