parameter,value
final_pop_size,8.337741218452157e7
fraction_subpop_on,0.0009998800634399895
final_time,9.036583825101877
