parameter,value
final_pop_size,8.262177912829678e7
fraction_subpop_on,0.0010059306396590555
