parameter,value
final_pop_size,9.876664315053028e7
fraction_subpop_on,0.000999898751241502
final_time,9.206135850668757
