parameter,value
final_pop_size,7.99360123144619e7
fraction_subpop_on,0.000999874899939208
final_time,8.99439067010701
