parameter,value
final_pop_size,9.901983237845808e7
fraction_subpop_on,0.000999899010129993
final_time,9.208698642514916
