parameter,value
final_pop_size,8.882866715047479e7
fraction_subpop_on,0.00099988742373019
final_time,9.099979203718581
