parameter,value
final_pop_size,7.598792945584345e7
fraction_subpop_on,0.0009998684001515554
final_time,8.9436880101194
