parameter,value
final_pop_size,9.988425605730438e7
fraction_subpop_on,0.0009998998841219354
final_time,9.217399261342752
