parameter,value
final_pop_size,9.968012662522742e7
fraction_subpop_on,0.0010049157240925493
