parameter,value
final_pop_size,9.805365104801805e7
fraction_subpop_on,0.0009998980150163392
final_time,9.198883459744167
