parameter,value
final_pop_size,9.981085586576666e7
fraction_subpop_on,0.000999899810497433
final_time,9.216663402959057
