parameter,value
final_pop_size,9.74461727413767e7
fraction_subpop_on,0.0010050284170862252
