parameter,value
final_pop_size,9.991009217658153e7
fraction_subpop_on,0.0009998999100112697
final_time,9.217658147332669
