parameter,value
final_pop_size,9.980162012409176e7
fraction_subpop_on,0.0010049097399359925
