parameter,value
final_pop_size,9.755952561251003e7
fraction_subpop_on,0.000999897498476574
final_time,9.19382632539953
