parameter,value
final_pop_size,9.501698304868148e7
fraction_subpop_on,0.0010051569728303093
