parameter,value
final_pop_size,9.897395251327045e7
fraction_subpop_on,0.0010049507975336673
