parameter,value
final_pop_size,5.0027635171148725e7
fraction_subpop_on,0.0009998001104796223
final_time,8.525270712623563
