parameter,value
final_pop_size,9.694450174925731e7
fraction_subpop_on,0.0009998968481985098
final_time,9.187495952712277
