parameter,value
final_pop_size,9.961344184083562e7
fraction_subpop_on,0.00099989961194177
final_time,9.21468158145033
