parameter,value
final_pop_size,9.969474532177378e7
fraction_subpop_on,0.0009998996938106644
final_time,9.215498254997984
