parameter,value
final_pop_size,9.837748526050344e7
fraction_subpop_on,0.0010049808144485751
