parameter,value
final_pop_size,9.918534904447648e7
fraction_subpop_on,0.001004940245759283
