parameter,value
final_pop_size,9.935388673727548e7
fraction_subpop_on,0.0010049318654366862
