parameter,value
final_pop_size,9.844973366053449e7
fraction_subpop_on,0.0009998984253219568
final_time,9.202918805890995
