parameter,value
final_pop_size,9.951127536254512e7
fraction_subpop_on,0.0009998995088751142
final_time,9.213654398615715
