parameter,value
final_pop_size,9.09191203488472e7
fraction_subpop_on,0.0009998900121342834
final_time,9.123263383071395
