parameter,value
final_pop_size,9.265115454947966e7
fraction_subpop_on,0.000999892068263492
final_time,9.14215336111743
