parameter,value
final_pop_size,9.985174932126808e7
fraction_subpop_on,0.0009998998515292124
final_time,9.217073438542043
