parameter,value
final_pop_size,9.984440976256526e7
fraction_subpop_on,0.0010049076358021971
