parameter,value
final_pop_size,7.02698883235635e7
fraction_subpop_on,0.0010069731148247137
