parameter,value
final_pop_size,9.523715924963379e7
fraction_subpop_on,0.0009998949989680627
final_time,9.169709694346507
