parameter,value
final_pop_size,6.515440049018803e7
fraction_subpop_on,0.0010075205971709278
