parameter,value
final_pop_size,9.922187557072073e7
fraction_subpop_on,0.0009998992157733114
final_time,9.210739035421067
