parameter,value
final_pop_size,1.6071482622244846e7
fraction_subpop_on,0.03981705703230404
