parameter,value
final_pop_size,4.326634756239528e7
fraction_subpop_on,0.039813072068776725
