parameter,value
final_pop_size,1.3201338368806308e7
fraction_subpop_on,0.03981843542651786
