parameter,value
final_pop_size,9.602795408575387e7
fraction_subpop_on,0.03981177813001718
