parameter,value
final_pop_size,8.280110118636683e7
fraction_subpop_on,0.03981194762871152
