parameter,value
final_pop_size,7.069376787633067e7
fraction_subpop_on,0.039812158382251765
