parameter,value
final_pop_size,6.5706396211619325e7
fraction_subpop_on,0.03981226778458343
