parameter,value
final_pop_size,4.898294994738599e7
fraction_subpop_on,0.039812797224664895
