parameter,value
final_pop_size,3.772354860514068e7
fraction_subpop_on,0.039813418095766495
