parameter,value
final_pop_size,2.350845816724258e6
fraction_subpop_on,0.03985406010606008
