parameter,value
final_pop_size,6.0346532002799794e7
fraction_subpop_on,0.03981240551740488
