parameter,value
final_pop_size,9.057542856950168e7
fraction_subpop_on,0.03981184200536162
