parameter,value
final_pop_size,9.384249682892674e7
fraction_subpop_on,0.03981180284092545
