parameter,value
final_pop_size,2.942172883662716e6
fraction_subpop_on,0.03984534888477495
