parameter,value
final_pop_size,5.4726285172304645e7
fraction_subpop_on,0.039812578918056576
