parameter,value
final_pop_size,3.2484179882851172e7
fraction_subpop_on,0.03981385374618859
