parameter,value
final_pop_size,1.077780622975206e7
fraction_subpop_on,0.03982017100425867
