parameter,value
final_pop_size,4.585780498770935e6
fraction_subpop_on,0.03983293635465413
