parameter,value
final_pop_size,7.522945567241085e7
fraction_subpop_on,0.03981207148266195
