parameter,value
final_pop_size,3.1114951313792016e7
fraction_subpop_on,0.008196707937068035
final_time,11.006339936490733
