parameter,value
final_pop_size,3.79875919277979e7
fraction_subpop_on,0.007575740532995341
final_time,9.921476122848587
