parameter,value
final_pop_size,2.2127241572623767e7
fraction_subpop_on,0.009259259894850526
