parameter,value
final_pop_size,2.8469882315277006e7
fraction_subpop_on,0.008474564433886651
final_time,11.515226486812077
