parameter,value
final_pop_size,1.85741068199613e7
fraction_subpop_on,0.009803921684218338
