parameter,value
final_pop_size,3.2460792157214645e7
fraction_subpop_on,0.008064501997151273
final_time,10.76947460785984
