parameter,value
final_pop_size,1.7459127492728606e7
fraction_subpop_on,0.009999994862282917
final_time,14.617612613151866
