parameter,value
final_pop_size,3.382146505248246e7
fraction_subpop_on,0.007936493057355333
final_time,10.543243757122958
