parameter,value
final_pop_size,4.3681443628482506e7
fraction_subpop_on,0.007142864991926297
