parameter,value
final_pop_size,3.515963201384355e7
fraction_subpop_on,0.007812504352740264
