parameter,value
final_pop_size,2.2156625488267314e7
fraction_subpop_on,0.009259251268395398
final_time,13.040685376719322
