parameter,value
final_pop_size,4.2270497554038934e7
fraction_subpop_on,0.0072463577494668975
final_time,9.373018911488376
