parameter,value
final_pop_size,3.519647060797451e7
fraction_subpop_on,0.007812484385588384
final_time,10.326927639269009
