parameter,value
final_pop_size,4.8144182562368706e7
fraction_subpop_on,0.006849293575809853
final_time,8.73453364972
