parameter,value
final_pop_size,3.940281511598389e7
fraction_subpop_on,0.007462668833861177
final_time,9.731196230025077
