parameter,value
final_pop_size,2.589074942102308e7
fraction_subpop_on,0.008771919537291116
final_time,12.077300471353212
