parameter,value
final_pop_size,2.4627433964943524e7
fraction_subpop_on,0.008928561913938166
final_time,12.381051665071974
