parameter,value
final_pop_size,1.634042049187896e7
fraction_subpop_on,0.010204077143259254
final_time,15.078684721131522
