parameter,value
final_pop_size,4.66593612126338e7
fraction_subpop_on,0.006944423529906617
final_time,8.885342225237798
