parameter,value
final_pop_size,2.3382493541627154e7
fraction_subpop_on,0.009090900342946058
final_time,12.701680843236337
