parameter,value
final_pop_size,3.108021273053354e7
fraction_subpop_on,0.008196724239881931
