parameter,value
final_pop_size,1.6315298974283226e7
fraction_subpop_on,0.010204081543473624
