parameter,value
final_pop_size,4.51852458347062e7
fraction_subpop_on,0.007042233204610617
final_time,9.041799627087284
