parameter,value
final_pop_size,3.6547816797404185e7
fraction_subpop_on,0.007692312571994618
