parameter,value
final_pop_size,1.9765077238366097e7
fraction_subpop_on,0.009615378094452438
final_time,13.780772520430872
