parameter,value
final_pop_size,3.658533163550614e7
fraction_subpop_on,0.00769229135623491
final_time,10.119871038822568
