parameter,value
final_pop_size,2.9750451586667873e7
fraction_subpop_on,0.00833333584281471
