parameter,value
final_pop_size,4.0830583601103656e7
fraction_subpop_on,0.0073529227697702315
final_time,9.548530455059295
