parameter,value
final_pop_size,2.7171776221030354e7
fraction_subpop_on,0.00862067859265026
final_time,11.78909094037756
