parameter,value
final_pop_size,4.963938596652577e7
fraction_subpop_on,0.006756734705993473
final_time,8.58906576942609
