parameter,value
final_pop_size,2.0950562954909157e7
fraction_subpop_on,0.00943395501697775
final_time,13.399749064408605
