parameter,value
final_pop_size,4.37221739788271e7
fraction_subpop_on,0.007142837443946731
final_time,9.20423857523515
