parameter,value
final_pop_size,2.3352302861469712e7
fraction_subpop_on,0.009090909960820405
