parameter,value
final_pop_size,4.223038909199904e7
fraction_subpop_on,0.007246384026581065
