parameter,value
final_pop_size,2.978446542647136e7
fraction_subpop_on,0.008333320724552597
final_time,11.2546322707166
