parameter,value
final_pop_size,1.8600980301162306e7
fraction_subpop_on,0.00980391575228358
final_time,14.185909771911142
