parameter,value
final_pop_size,3.936398173380527e7
fraction_subpop_on,0.007462692571621734
