parameter,value
final_pop_size,9.984587567504275e7
fraction_subpop_on,0.0012638070430341837
