parameter,value
final_pop_size,9.058544362711118e7
fraction_subpop_on,0.0012643060858447187
