parameter,value
final_pop_size,8.583089622761878e7
fraction_subpop_on,0.0012646041448297572
