parameter,value
final_pop_size,9.98034647731842e7
fraction_subpop_on,0.0012638091174549855
