parameter,value
final_pop_size,9.238044227260433e7
fraction_subpop_on,0.0012642015366306752
