parameter,value
final_pop_size,5.4224906975705884e7
fraction_subpop_on,0.0012679140993377058
