parameter,value
final_pop_size,9.839191968567109e7
fraction_subpop_on,0.0012638791798214523
