parameter,value
final_pop_size,5.998067792135986e7
fraction_subpop_on,0.0012670515411206998
