parameter,value
final_pop_size,9.959872732025102e7
fraction_subpop_on,0.0012638191565135636
