parameter,value
final_pop_size,8.277322903307755e7
fraction_subpop_on,0.001264813918882459
