parameter,value
final_pop_size,9.968304648292041e7
fraction_subpop_on,0.0012638150170287505
