parameter,value
final_pop_size,9.506100248519814e7
fraction_subpop_on,0.001264052758793879
