parameter,value
final_pop_size,9.949277214604308e7
fraction_subpop_on,0.0012638243681240464
