parameter,value
final_pop_size,8.841940139482437e7
fraction_subpop_on,0.0012644378981737754
