parameter,value
final_pop_size,7.512506829508312e7
fraction_subpop_on,0.0012654134025134245
