parameter,value
final_pop_size,7.921052043944152e7
fraction_subpop_on,0.0012650787705043237
