parameter,value
final_pop_size,6.5451325026507035e7
fraction_subpop_on,0.001266372331252019
