parameter,value
final_pop_size,9.683112060832638e7
fraction_subpop_on,0.0012639590284952858
