parameter,value
final_pop_size,9.385601884820691e7
fraction_subpop_on,0.0012641185869561179
