parameter,value
final_pop_size,9.746882377535066e7
fraction_subpop_on,0.0012639260953666446
