parameter,value
final_pop_size,9.935969272173062e7
fraction_subpop_on,0.0012638309296407967
