parameter,value
final_pop_size,9.407331168106343e7
fraction_subpop_on,0.0012587915879296412
final_time,9.159516138881246
