parameter,value
final_pop_size,9.798119532815856e7
fraction_subpop_on,0.0012638999453692032
