parameter,value
final_pop_size,9.975012223506258e7
fraction_subpop_on,0.0012638117290733931
