parameter,value
final_pop_size,7.993185800819585e7
fraction_subpop_on,0.0012587679119632907
final_time,8.996410932309928
