parameter,value
final_pop_size,7.052508531655389e7
fraction_subpop_on,0.0012658365802627246
