parameter,value
final_pop_size,9.844933580895036e7
fraction_subpop_on,0.0012587975363340185
final_time,9.2050411142574
