parameter,value
final_pop_size,9.969466391658755e7
fraction_subpop_on,0.001258799133680341
final_time,9.217627052971846
