parameter,value
final_pop_size,5.002116935537381e7
fraction_subpop_on,0.0012586737332692512
final_time,8.52709199519377
