parameter,value
final_pop_size,9.694373205342431e7
fraction_subpop_on,0.0012587955503389574
final_time,9.189610359762826
