parameter,value
final_pop_size,9.618022815854876e7
fraction_subpop_on,0.0012587945194646422
final_time,9.181693473809151
