parameter,value
final_pop_size,9.951114681912446e7
fraction_subpop_on,0.0012587989007999687
final_time,9.215782242812228
