parameter,value
final_pop_size,9.26493888503305e7
fraction_subpop_on,0.0012587895311987941
final_time,9.144244882152567
