parameter,value
final_pop_size,9.755890642805128e7
fraction_subpop_on,0.0012587963692025797
final_time,9.195943968276655
