parameter,value
final_pop_size,9.922167302804697e7
fraction_subpop_on,0.0012587985317110792
final_time,9.212865373371244
