parameter,value
final_pop_size,7.15349353342561e7
fraction_subpop_on,0.0012587494242985598
final_time,8.885282488032848
