parameter,value
final_pop_size,9.876632508502404e7
fraction_subpop_on,0.0012587979467486967
final_time,9.208259814803482
