parameter,value
final_pop_size,6.662537222643717e7
fraction_subpop_on,0.0012587364559400048
final_time,8.814092410934794
