parameter,value
final_pop_size,9.975935695545207e7
fraction_subpop_on,0.0012587992155705535
final_time,9.218276571883893
