parameter,value
final_pop_size,9.988422352581456e7
fraction_subpop_on,0.0012587993733300983
final_time,9.219529043577941
