parameter,value
final_pop_size,8.882609518006468e7
fraction_subpop_on,0.0012587836825636702
final_time,9.10204988273739
