parameter,value
final_pop_size,5.5748337713051386e7
fraction_subpop_on,0.0012586995888434862
final_time,8.63562990058971
