parameter,value
final_pop_size,6.132760085882776e7
fraction_subpop_on,0.0012587201330299298
final_time,8.73113251791661
