parameter,value
final_pop_size,9.603970144513491e7
fraction_subpop_on,0.0012640005082235383
