parameter,value
final_pop_size,8.33738215590748e7
fraction_subpop_on,0.0012587744141082928
final_time,9.038623941932052
