parameter,value
final_pop_size,9.901957843119936e7
fraction_subpop_on,0.00125879827275442
final_time,9.210823927582856
