parameter,value
final_pop_size,8.632685486180456e7
fraction_subpop_on,0.0012587795793746023
final_time,9.073474170691972
