parameter,value
final_pop_size,4.832352568285973e7
fraction_subpop_on,0.001269011818756293
