parameter,value
final_pop_size,9.98108043826858e7
fraction_subpop_on,0.0012587992806183314
final_time,9.218792804086515
