parameter,value
final_pop_size,4.243132053980903e7
fraction_subpop_on,0.0012704124628611915
