parameter,value
final_pop_size,9.898311765770516e7
fraction_subpop_on,0.0012638495923758255
