parameter,value
final_pop_size,9.987958875396775e7
fraction_subpop_on,0.0012638053953019357
