parameter,value
final_pop_size,9.805315421033594e7
fraction_subpop_on,0.0012587970196560527
final_time,9.201003694915219
