parameter,value
final_pop_size,9.091697991951613e7
fraction_subpop_on,0.001258786942015155
final_time,9.12534551700441
