parameter,value
final_pop_size,9.938279185809764e7
fraction_subpop_on,0.001258798737408365
final_time,9.214489928361218
