parameter,value
final_pop_size,9.985170839323927e7
fraction_subpop_on,0.0012587993322876621
final_time,9.219203052013324
