parameter,value
final_pop_size,7.598320416533378e7
fraction_subpop_on,0.0012587597270977107
final_time,8.945684901444004
