parameter,value
final_pop_size,4.429462982616699e7
fraction_subpop_on,0.0012586411955321205
final_time,8.405355915012429
