parameter,value
final_pop_size,9.872055434619863e7
fraction_subpop_on,0.0012638626890320239
