parameter,value
final_pop_size,9.91926454063156e7
fraction_subpop_on,0.0012638391908741135
