parameter,value
final_pop_size,9.961333952510144e7
fraction_subpop_on,0.0012587990305868116
final_time,9.216809956872387
