parameter,value
final_pop_size,9.523598201453044e7
fraction_subpop_on,0.001258793221692783
final_time,9.171815063601603
