parameter,value
final_pop_size,2.757247698863899e7
fraction_subpop_on,0.003179264789166304
