parameter,value
final_pop_size,9.920858547835162e7
fraction_subpop_on,0.003166998796158173
