parameter,value
final_pop_size,8.610619994967432e7
fraction_subpop_on,0.0031677171897687103
