parameter,value
final_pop_size,9.937237554247053e7
fraction_subpop_on,0.003166991014567341
