parameter,value
final_pop_size,9.751836032170501e7
fraction_subpop_on,0.003167080624675301
