parameter,value
final_pop_size,9.689307771128495e7
fraction_subpop_on,0.003167111619770674
