parameter,value
final_pop_size,4.929453458213263e7
fraction_subpop_on,0.0031717792657189486
