parameter,value
final_pop_size,8.864468385478182e7
fraction_subpop_on,0.003167561420040157
