parameter,value
final_pop_size,6.611378870798779e7
fraction_subpop_on,0.0031693620707361515
