parameter,value
final_pop_size,9.900314292598236e7
fraction_subpop_on,0.003167008593041374
