parameter,value
final_pop_size,4.3501987661704496e7
fraction_subpop_on,0.0031730444606888676
