parameter,value
final_pop_size,7.96130715933563e7
fraction_subpop_on,0.0031681608300301164
