parameter,value
final_pop_size,9.802074919553076e7
fraction_subpop_on,0.0031670560078880445
