parameter,value
final_pop_size,2.30971537580692e7
fraction_subpop_on,0.003182556229047659
