parameter,value
final_pop_size,5.509222769191098e7
fraction_subpop_on,0.0031707793534746943
