parameter,value
final_pop_size,1.751638002767215e7
fraction_subpop_on,0.014705623951641801
