parameter,value
final_pop_size,1.982288290522887e7
fraction_subpop_on,0.013888673124308009
