parameter,value
final_pop_size,1.63972549884706e7
fraction_subpop_on,0.015151234490272815
