parameter,value
final_pop_size,4.232365247672887e7
fraction_subpop_on,0.009433992066302424
