parameter,value
final_pop_size,2.4685403908434115e7
fraction_subpop_on,0.01249986061805785
