parameter,value
final_pop_size,4.377475648921184e7
fraction_subpop_on,0.009259298000205154
