parameter,value
final_pop_size,3.1171808317275956e7
fraction_subpop_on,0.011111049968169903
