parameter,value
final_pop_size,4.0884291515824236e7
fraction_subpop_on,0.009615404997293665
