parameter,value
final_pop_size,3.945705472212418e7
fraction_subpop_on,0.009803932024767396
