parameter,value
final_pop_size,2.72294489241153e7
fraction_subpop_on,0.011904656054050219
