parameter,value
final_pop_size,4.5237238256768845e7
fraction_subpop_on,0.009090956312444458
