parameter,value
final_pop_size,1.8658554086709104e7
fraction_subpop_on,0.014285477541632077
