parameter,value
final_pop_size,4.235658051694367e7
fraction_subpop_on,0.01020405888818866
