parameter,value
final_pop_size,1.7551291580755517e7
fraction_subpop_on,0.016665488657546104
