parameter,value
final_pop_size,3.5322844954326905e7
fraction_subpop_on,0.011362228153591931
final_time,10.326927639269009
