parameter,value
final_pop_size,2.1072139255424973e7
fraction_subpop_on,0.015149053693283867
final_time,13.399749064408605
