parameter,value
final_pop_size,3.3947732277361415e7
fraction_subpop_on,0.011626433372127666
final_time,10.543243757122958
