parameter,value
final_pop_size,4.972154467765928e7
fraction_subpop_on,0.009259334142511432
