parameter,value
final_pop_size,2.6015142405501414e7
fraction_subpop_on,0.0135115368457636
final_time,12.077300471353212
