parameter,value
final_pop_size,4.531122089042001e7
fraction_subpop_on,0.009802871905916465
final_time,9.041799627087284
