parameter,value
final_pop_size,4.8269757083183095e7
fraction_subpop_on,0.009432990523792662
final_time,8.73453364972
