parameter,value
final_pop_size,2.2279053048961557e7
fraction_subpop_on,0.014703556862580089
final_time,13.040685376719322
