parameter,value
final_pop_size,2.2249542283867065e7
fraction_subpop_on,0.01470513808985619
