parameter,value
final_pop_size,2.475126234569042e7
fraction_subpop_on,0.01388680483782134
final_time,12.381051665071974
