parameter,value
final_pop_size,4.674313981715114e7
fraction_subpop_on,0.00961542500462566
