parameter,value
final_pop_size,4.822715840717398e7
fraction_subpop_on,0.009434020575972393
