parameter,value
final_pop_size,3.391148949162984e7
fraction_subpop_on,0.01162770064422473
