parameter,value
final_pop_size,1.7577441914337073e7
fraction_subpop_on,0.01666372207418801
final_time,14.617612613151866
