parameter,value
final_pop_size,4.239676222086789e7
fraction_subpop_on,0.010202944557416407
final_time,9.373018911488376
