parameter,value
final_pop_size,3.124084652094621e7
fraction_subpop_on,0.012193503632945071
final_time,11.006339936490733
