parameter,value
final_pop_size,4.678514881247466e7
fraction_subpop_on,0.009614375013302296
final_time,8.885342225237798
