parameter,value
final_pop_size,1.9885690579738285e7
fraction_subpop_on,0.015622390926753658
final_time,13.780772520430872
