parameter,value
final_pop_size,3.671176566361524e7
fraction_subpop_on,0.011109764159835073
final_time,10.119871038822568
