parameter,value
final_pop_size,2.9910087211226e7
fraction_subpop_on,0.012498301496843164
final_time,11.2546322707166
