parameter,value
final_pop_size,4.976472370742402e7
fraction_subpop_on,0.009258323336651964
final_time,8.58906576942609
