parameter,value
final_pop_size,1.872050971356397e7
fraction_subpop_on,0.016126262628704466
final_time,14.185909771911142
