parameter,value
final_pop_size,2.8595166127122197e7
fraction_subpop_on,0.012818728253636742
final_time,11.515226486812077
