parameter,value
final_pop_size,3.8114041701977976e7
fraction_subpop_on,0.010868275722038762
final_time,9.921476122848587
