parameter,value
final_pop_size,2.3505669184052944e7
fraction_subpop_on,0.014283514260044154
final_time,12.701680843236337
