parameter,value
final_pop_size,4.095694579882558e7
fraction_subpop_on,0.01041548184966746
final_time,9.548530455059295
