parameter,value
final_pop_size,3.2586901034043435e7
fraction_subpop_on,0.011903218400685995
final_time,10.76947460785984
