parameter,value
final_pop_size,3.9529239944840044e7
fraction_subpop_on,0.01063706233095662
final_time,9.731196230025077
