parameter,value
final_pop_size,2.729665231130423e7
fraction_subpop_on,0.013156017660014655
final_time,11.78909094037756
