parameter,value
final_pop_size,2.1043445708967958e7
fraction_subpop_on,0.015150678135604029
