parameter,value
final_pop_size,4.384830879901153e7
fraction_subpop_on,0.009998907908189036
final_time,9.20423857523515
