parameter,value
final_pop_size,1.6457377870775051e7
fraction_subpop_on,0.017238243684755218
final_time,15.078684721131522
