parameter,value
final_pop_size,2.8445136666568905e7
fraction_subpop_on,0.008771932530487884
