parameter,value
final_pop_size,4.373142692591984e7
fraction_subpop_on,0.00735291187877697
final_time,9.20423857523515
