parameter,value
final_pop_size,4.227970941877466e7
fraction_subpop_on,0.007462658012501421
final_time,9.373018911488376
