parameter,value
final_pop_size,4.0839750387135394e7
fraction_subpop_on,0.007575729796643479
final_time,9.548530455059295
