parameter,value
final_pop_size,3.112367039578243e7
fraction_subpop_on,0.008474554801267879
final_time,11.006339936490733
