parameter,value
final_pop_size,2.9759074928470634e7
fraction_subpop_on,0.00862069291355661
