parameter,value
final_pop_size,2.3390591225220025e7
fraction_subpop_on,0.009433947180927006
final_time,12.701680843236337
