parameter,value
final_pop_size,1.6347591993958397e7
fraction_subpop_on,0.010638289320906465
final_time,15.078684721131522
