parameter,value
final_pop_size,3.38303382923744e7
fraction_subpop_on,0.008196697889156425
final_time,10.543243757122958
