parameter,value
final_pop_size,2.9793098368972797e7
fraction_subpop_on,0.00862066920092635
final_time,11.2546322707166
