parameter,value
final_pop_size,2.84784226351293e7
fraction_subpop_on,0.008771910409466559
final_time,11.515226486812077
