parameter,value
final_pop_size,1.9772755873775713e7
fraction_subpop_on,0.009999988235570476
final_time,13.780772520430872
