parameter,value
final_pop_size,4.662673332737449e7
fraction_subpop_on,0.007142869376619371
