parameter,value
final_pop_size,3.799665566739508e7
fraction_subpop_on,0.007812473869120284
final_time,9.921476122848587
