parameter,value
final_pop_size,1.7466478625513785e7
fraction_subpop_on,0.010416657067134424
final_time,14.617612613151866
