parameter,value
final_pop_size,3.659433692631707e7
fraction_subpop_on,0.007936482677647886
final_time,10.119871038822568
