parameter,value
final_pop_size,4.815353682750401e7
fraction_subpop_on,0.007042222187896702
final_time,8.73453364972
