parameter,value
final_pop_size,2.336039023981153e7
fraction_subpop_on,0.009433963164607756
