parameter,value
final_pop_size,4.964876732480872e7
fraction_subpop_on,0.006944412496116372
final_time,8.58906576942609
