parameter,value
final_pop_size,4.519453607816703e7
fraction_subpop_on,0.0072463468032965
final_time,9.041799627087284
