parameter,value
final_pop_size,2.09583904327402e7
fraction_subpop_on,0.009803908701263428
final_time,13.399749064408605
