parameter,value
final_pop_size,2.7180217082204416e7
fraction_subpop_on,0.008928553073473167
final_time,11.78909094037756
