parameter,value
final_pop_size,2.5867312480167862e7
fraction_subpop_on,0.009090910810464026
