parameter,value
final_pop_size,3.520541249032674e7
fraction_subpop_on,0.00806449177332785
final_time,10.326927639269009
