parameter,value
final_pop_size,3.2469591231701046e7
fraction_subpop_on,0.008333310873442613
final_time,10.76947460785984
