parameter,value
final_pop_size,1.860850031504886e7
fraction_subpop_on,0.010204070959736288
final_time,14.185909771911142
