parameter,value
final_pop_size,4.666868516581493e7
fraction_subpop_on,0.007142826456159392
final_time,8.885342225237798
