parameter,value
final_pop_size,2.4635653903785784e7
fraction_subpop_on,0.009259243073902142
final_time,12.381051665071974
