parameter,value
final_pop_size,3.94119326050142e7
fraction_subpop_on,0.007692280721199372
final_time,9.731196230025077
