parameter,value
final_pop_size,3.243413117299349e7
fraction_subpop_on,0.008333337806652772
