parameter,value
final_pop_size,2.2164592497557327e7
fraction_subpop_on,0.009615370639866358
final_time,13.040685376719322
