parameter,value
final_pop_size,2.589908361757984e7
fraction_subpop_on,0.00909089181357471
final_time,12.077300471353212
