parameter,value
final_pop_size,4.6658203143737234e7
fraction_subpop_on,0.007812527217469127
