parameter,value
final_pop_size,3.382467419180397e7
fraction_subpop_on,0.009090918263954485
