parameter,value
final_pop_size,2.4633438034211844e7
fraction_subpop_on,0.010416663462779523
