parameter,value
final_pop_size,4.227085478676546e7
fraction_subpop_on,0.008196742494724105
