parameter,value
final_pop_size,2.338882637150357e7
fraction_subpop_on,0.010638293207753197
