parameter,value
final_pop_size,1.9772253902670283e7
fraction_subpop_on,0.011363628021346715
