parameter,value
final_pop_size,3.658762411802094e7
fraction_subpop_on,0.00877194294472669
