parameter,value
final_pop_size,3.798941200390746e7
fraction_subpop_on,0.008620704778781137
