parameter,value
final_pop_size,2.589640402758662e7
fraction_subpop_on,0.010204079987355348
