parameter,value
final_pop_size,4.518459755655533e7
fraction_subpop_on,0.007936533152155664
