parameter,value
final_pop_size,1.634818425867445e7
fraction_subpop_on,0.012195111235376243
