parameter,value
final_pop_size,3.9404154628875725e7
fraction_subpop_on,0.008474593410007242
