parameter,value
final_pop_size,3.1119032744625084e7
fraction_subpop_on,0.009433967616210783
