parameter,value
final_pop_size,2.09574840178472e7
fraction_subpop_on,0.011111103865405394
