parameter,value
final_pop_size,3.519922643507532e7
fraction_subpop_on,0.008928582563038764
