parameter,value
final_pop_size,1.1293483000142565e7
fraction_subpop_on,0.04386002496113607
