parameter,value
final_pop_size,4.687654260624286e6
fraction_subpop_on,0.05952333609450819
