parameter,value
final_pop_size,8.3526667939700205e6
fraction_subpop_on,0.04901966553229315
