parameter,value
final_pop_size,5.048331055548645e6
fraction_subpop_on,0.058139118433641536
