parameter,value
final_pop_size,8.816165140951984e6
fraction_subpop_on,0.04807703730653886
