parameter,value
final_pop_size,5.80538197827489e6
fraction_subpop_on,0.055555257194645935
