parameter,value
final_pop_size,1.0777086890941383e7
fraction_subpop_on,0.04464318372043854
