parameter,value
final_pop_size,1.2903718329670662e7
fraction_subpop_on,0.041667180551608916
