parameter,value
final_pop_size,7.028207511173265e6
fraction_subpop_on,0.05208321522091225
