parameter,value
final_pop_size,1.4603319908730546e7
fraction_subpop_on,0.03968317698991588
