parameter,value
final_pop_size,6.609139050852226e6
fraction_subpop_on,0.05319131127987447
