parameter,value
final_pop_size,1.1811107031038903e7
fraction_subpop_on,0.042373274863916316
