parameter,value
final_pop_size,1.2347798716213666e7
fraction_subpop_on,0.04166709901002777
