parameter,value
final_pop_size,1.5179743015641207e7
fraction_subpop_on,0.03846214722825872
