parameter,value
final_pop_size,6.193914574471291e6
fraction_subpop_on,0.053191349586685636
