parameter,value
final_pop_size,1.577511974516031e7
fraction_subpop_on,0.03787942836078154
