parameter,value
final_pop_size,8.344395494947195e6
fraction_subpop_on,0.048077015736274695
