parameter,value
final_pop_size,5.413705566038619e6
fraction_subpop_on,0.055555325221120035
