parameter,value
final_pop_size,4.332362365584694e6
fraction_subpop_on,0.05952345483440497
