parameter,value
final_pop_size,8.807772211475851e6
fraction_subpop_on,0.047169949554861264
