parameter,value
final_pop_size,3.9961910629664054e6
fraction_subpop_on,0.06097521863475023
