parameter,value
final_pop_size,7.4505562946950225e6
fraction_subpop_on,0.05000000000000001
