parameter,value
final_pop_size,7.891950169245865e6
fraction_subpop_on,0.04901965436840035
