parameter,value
final_pop_size,2.8615219360026337e7
fraction_subpop_on,0.013510534096949212
final_time,11.515226486812077
