parameter,value
final_pop_size,1.987884505659809e7
fraction_subpop_on,0.01666473537462473
