parameter,value
final_pop_size,2.603548522888914e7
fraction_subpop_on,0.01428232949293525
final_time,12.077300471353212
