parameter,value
final_pop_size,4.97825964202513e7
fraction_subpop_on,0.009614014737790375
final_time,8.58906576942609
