parameter,value
final_pop_size,3.673093290483186e7
fraction_subpop_on,0.01162579509583687
final_time,10.119871038822568
