parameter,value
final_pop_size,3.2606512186039712e7
fraction_subpop_on,0.012497508156683733
final_time,10.76947460785984
