parameter,value
final_pop_size,2.7316851111069668e7
fraction_subpop_on,0.013885716113103672
final_time,11.78909094037756
