parameter,value
final_pop_size,1.990671102471858e7
fraction_subpop_on,0.0166618421623528
final_time,13.780772520430872
