parameter,value
final_pop_size,3.2570967452315133e7
fraction_subpop_on,0.012499501325759643
