parameter,value
final_pop_size,1.6478742160067052e7
fraction_subpop_on,0.018512370451415433
final_time,15.078684721131522
