parameter,value
final_pop_size,4.0975673035014965e7
fraction_subpop_on,0.010867754664928586
final_time,9.548530455059295
