parameter,value
final_pop_size,2.8581836728458248e7
fraction_subpop_on,0.013512738359618595
