parameter,value
final_pop_size,2.9929993747773945e7
fraction_subpop_on,0.013155092100211497
final_time,11.2546322707166
