parameter,value
final_pop_size,3.8094802819398746e7
fraction_subpop_on,0.01136339576683721
