parameter,value
final_pop_size,4.973942268792945e7
fraction_subpop_on,0.009615439437709743
