parameter,value
final_pop_size,4.6803301776156396e7
fraction_subpop_on,0.009998502491472067
final_time,8.885342225237798
