parameter,value
final_pop_size,3.1225769017851714e7
fraction_subpop_on,0.01281993151740687
