parameter,value
final_pop_size,3.126060559233494e7
fraction_subpop_on,0.012817872185957167
final_time,11.006339936490733
