parameter,value
final_pop_size,4.5288110657324664e7
fraction_subpop_on,0.010204050258144278
