parameter,value
final_pop_size,3.9548113149949215e7
fraction_subpop_on,0.011109207476775435
final_time,9.731196230025077
