parameter,value
final_pop_size,2.3526293454607308e7
fraction_subpop_on,0.015147640329500181
final_time,12.701680843236337
