parameter,value
final_pop_size,4.2415344352418415e7
fraction_subpop_on,0.010636573928422731
final_time,9.373018911488376
