parameter,value
final_pop_size,3.393095458112278e7
fraction_subpop_on,0.012194697815297785
