parameter,value
final_pop_size,2.229981356985902e7
fraction_subpop_on,0.015620841096094866
final_time,13.040685376719322
