parameter,value
final_pop_size,4.3866746793178484e7
fraction_subpop_on,0.010415023432947043
final_time,9.20423857523515
