parameter,value
final_pop_size,4.532951580322505e7
fraction_subpop_on,0.010202513724216895
final_time,9.041799627087284
