parameter,value
final_pop_size,2.4771747174548224e7
fraction_subpop_on,0.01470226447799049
final_time,12.381051665071974
