parameter,value
final_pop_size,2.3495977866753653e7
fraction_subpop_on,0.015150196769595132
