parameter,value
final_pop_size,4.382595040857048e7
fraction_subpop_on,0.010416600902496078
