parameter,value
final_pop_size,2.4740644139587916e7
fraction_subpop_on,0.014704723824371262
