parameter,value
final_pop_size,1.7598699282090783e7
fraction_subpop_on,0.017851488314770705
final_time,14.617612613151866
