parameter,value
final_pop_size,3.534215996728637e7
fraction_subpop_on,0.01190253331301375
final_time,10.326927639269009
