parameter,value
final_pop_size,3.81330616212114e7
fraction_subpop_on,0.01136163252863006
final_time,9.921476122848587
