parameter,value
final_pop_size,1.8741652034336522e7
fraction_subpop_on,0.017236163405705527
final_time,14.185909771911142
