parameter,value
final_pop_size,4.828776929510299e7
fraction_subpop_on,0.009802489946855647
final_time,8.73453364972
