parameter,value
final_pop_size,3.396719533011559e7
fraction_subpop_on,0.012192767056176378
final_time,10.543243757122958
