parameter,value
final_pop_size,2.1093032112453964e7
fraction_subpop_on,0.01612455830098348
final_time,13.399749064408605
