parameter,value
final_pop_size,4.237516673566425e7
fraction_subpop_on,0.010638194379973445
