parameter,value
final_pop_size,3.669333540234837e7
fraction_subpop_on,0.011627611142335875
