parameter,value
final_pop_size,3.395243628294635e7
fraction_subpop_on,0.012819682095790442
