parameter,value
final_pop_size,4.239542059274362e7
fraction_subpop_on,0.011110849028297549
