parameter,value
final_pop_size,4.0956574477571845e7
fraction_subpop_on,0.01136330341675762
