parameter,value
final_pop_size,4.82646770663827e7
fraction_subpop_on,0.010204039348803868
