parameter,value
final_pop_size,2.108813943329307e7
fraction_subpop_on,0.017237945446805916
