parameter,value
final_pop_size,1.990289971625266e7
fraction_subpop_on,0.01785319511939149
