parameter,value
final_pop_size,3.9529853621374846e7
fraction_subpop_on,0.011627495159642018
