parameter,value
final_pop_size,2.8604206511357214e7
fraction_subpop_on,0.014284216004584196
