parameter,value
final_pop_size,2.9918020252291482e7
fraction_subpop_on,0.0138875890405513
