parameter,value
final_pop_size,1.6478281972595396e7
fraction_subpop_on,0.019993931406188683
