parameter,value
final_pop_size,2.3519291296463173e7
fraction_subpop_on,0.016126426298479764
