parameter,value
final_pop_size,2.2293857314047497e7
fraction_subpop_on,0.01666367630632985
