parameter,value
final_pop_size,3.124768771249825e7
fraction_subpop_on,0.01351238910599068
