parameter,value
final_pop_size,1.8738939952690206e7
fraction_subpop_on,0.018513972627160723
