parameter,value
final_pop_size,3.671439412932733e7
fraction_subpop_on,0.012194524059846583
