parameter,value
final_pop_size,1.759710427371647e7
fraction_subpop_on,0.019225523612463408
