parameter,value
final_pop_size,4.38460113583214e7
fraction_subpop_on,0.010869366894855126
