parameter,value
final_pop_size,1.2868746614356248e7
fraction_subpop_on,0.03906284436079291
