parameter,value
final_pop_size,1.5748159934252039e7
fraction_subpop_on,0.03623234141280517
