parameter,value
final_pop_size,1.178587201086435e7
fraction_subpop_on,0.04032287675113998
