parameter,value
final_pop_size,1.1259613166457476e7
fraction_subpop_on,0.040983878022917544
