parameter,value
final_pop_size,7.428426479470742e6
fraction_subpop_on,0.04716988186917288
