parameter,value
final_pop_size,5.393876216121607e6
fraction_subpop_on,0.05208329079113561
