parameter,value
final_pop_size,1.3991395805349309e7
fraction_subpop_on,0.03787917886145432
