parameter,value
final_pop_size,1.2322285287757272e7
fraction_subpop_on,0.039682860101754064
