parameter,value
final_pop_size,6.580146635909372e6
fraction_subpop_on,0.049019630632961365
