parameter,value
final_pop_size,8.784475398509175e6
fraction_subpop_on,0.04464300258680248
