parameter,value
final_pop_size,5.02195024026435e6
fraction_subpop_on,0.053191427446803434
