parameter,value
final_pop_size,7.869415018287628e6
fraction_subpop_on,0.04629639150866766
