parameter,value
final_pop_size,1.5152999684185673e7
fraction_subpop_on,0.036765141616191516
