parameter,value
final_pop_size,8.321471569520943e6
fraction_subpop_on,0.045454665672288015
