parameter,value
final_pop_size,3.978577543959858e6
fraction_subpop_on,0.056818071852653175
