parameter,value
final_pop_size,1.5128599257371917e7
fraction_subpop_on,0.035211571370420115
