parameter,value
final_pop_size,3.9633382091046916e6
fraction_subpop_on,0.05319146607892453
