parameter,value
final_pop_size,5.41127188787548e6
fraction_subpop_on,0.049019099639435425
final_time,11.779986887275726
