parameter,value
final_pop_size,1.3460283344989957e7
fraction_subpop_on,0.03676397794525136
final_time,8.23845603914904
