parameter,value
final_pop_size,1.2845364512567755e7
fraction_subpop_on,0.037313674038415755
