parameter,value
final_pop_size,1.0266512153774472e7
fraction_subpop_on,0.040321892135140217
final_time,9.190533576232633
