parameter,value
final_pop_size,1.2902758097501587e7
fraction_subpop_on,0.03731270924042808
final_time,8.381864278308882
