parameter,value
final_pop_size,5.376499334607828e6
fraction_subpop_on,0.049019617699087276
