parameter,value
final_pop_size,1.1817662907986853e7
fraction_subpop_on,0.03846082607115609
final_time,8.685858620528448
