parameter,value
final_pop_size,1.0773218151367357e7
fraction_subpop_on,0.039681842199478116
final_time,9.015250395415638
