parameter,value
final_pop_size,1.572352807880175e7
fraction_subpop_on,0.034722541224513556
