parameter,value
final_pop_size,7.4506771891120365e6
fraction_subpop_on,0.044642247001383285
final_time,10.42508843481802
