parameter,value
final_pop_size,1.1290305154173454e7
fraction_subpop_on,0.03906179457444671
final_time,8.847176478546379
