parameter,value
final_pop_size,6.561357103681593e6
fraction_subpop_on,0.04629634092080996
