parameter,value
final_pop_size,7.019877963668227e6
fraction_subpop_on,0.045453952897289304
final_time,10.667863319542697
