parameter,value
final_pop_size,8.809809153443245e6
fraction_subpop_on,0.04237222647501859
final_time,9.764840349729969
