parameter,value
final_pop_size,4.328850160024529e6
fraction_subpop_on,0.0520829028268818
final_time,12.802093425509584
