parameter,value
final_pop_size,4.677570946463807e6
fraction_subpop_on,0.0510199504679858
final_time,12.439962509035627
