parameter,value
final_pop_size,6.600408800584351e6
fraction_subpop_on,0.046295722712208935
final_time,10.923559551047438
