parameter,value
final_pop_size,1.3967485340287441e7
fraction_subpop_on,0.03623215681570536
