parameter,value
final_pop_size,1.4027654887910107e7
fraction_subpop_on,0.03623115255428609
final_time,8.100333840866561
