parameter,value
final_pop_size,9.284692949558621e6
fraction_subpop_on,0.04166599940581987
final_time,9.564758299415047
