parameter,value
final_pop_size,3.992405393593583e6
fraction_subpop_on,0.05319108721153232
final_time,13.188680228861386
