parameter,value
final_pop_size,1.1237102024650112e7
fraction_subpop_on,0.03906269337317274
