parameter,value
final_pop_size,4.298357927176945e6
fraction_subpop_on,0.05208331669425244
