parameter,value
final_pop_size,1.2355182856238853e7
fraction_subpop_on,0.03787806944891904
final_time,8.530881609743139
