parameter,value
final_pop_size,9.770299157899633e6
fraction_subpop_on,0.04098292810392816
final_time,9.373521738543252
