parameter,value
final_pop_size,8.345765285463264e6
fraction_subpop_on,0.04310280701145259
final_time,9.974425559881315
