parameter,value
final_pop_size,1.4604770554516843e7
fraction_subpop_on,0.03571355137207811
final_time,7.9671994824279135
