parameter,value
final_pop_size,7.892680808110319e6
fraction_subpop_on,0.043859022757611534
final_time,10.194240192244857
