parameter,value
final_pop_size,6.979401805919002e6
fraction_subpop_on,0.04545460312921954
