parameter,value
final_pop_size,1.5787833056373956e7
fraction_subpop_on,0.03472148420769594
final_time,7.714811755542912
