parameter,value
final_pop_size,6.19239757264004e6
fraction_subpop_on,0.04716925811770026
final_time,11.193288650877863
