parameter,value
final_pop_size,1.5191529676755331e7
fraction_subpop_on,0.035210531107644126
final_time,7.838777238720608
