parameter,value
final_pop_size,5.038424896284962e6
fraction_subpop_on,0.049999516382183674
final_time,12.09994296731757
