parameter,value
final_pop_size,1.1763059577141682e7
fraction_subpop_on,0.03846174779691635
