parameter,value
final_pop_size,5.795974431548564e6
fraction_subpop_on,0.04807639166981756
final_time,11.478296924144853
