parameter,value
final_pop_size,1.454321863926935e7
fraction_subpop_on,0.03571457405686198
