parameter,value
final_pop_size,3.387258902928609e7
fraction_subpop_on,0.009433816798177355
final_time,10.543243757122958
