parameter,value
final_pop_size,4.3774656065658234e7
fraction_subpop_on,0.008333188676816067
final_time,9.20423857523515
