parameter,value
final_pop_size,2.851962498494847e7
fraction_subpop_on,0.010203939285002387
final_time,11.515226486812077
