parameter,value
final_pop_size,4.523783621399896e7
fraction_subpop_on,0.008196577221650445
final_time,9.041799627087284
