parameter,value
final_pop_size,4.6712042163816944e7
fraction_subpop_on,0.008064372689112673
final_time,8.885342225237798
