parameter,value
final_pop_size,4.084327060425692e7
fraction_subpop_on,0.008620712890413225
