parameter,value
final_pop_size,1.6383727488321519e7
fraction_subpop_on,0.012820398034861631
final_time,15.078684721131522
