parameter,value
final_pop_size,3.2511619041778844e7
fraction_subpop_on,0.009615239626899365
final_time,10.76947460785984
