parameter,value
final_pop_size,2.467575776079087e7
fraction_subpop_on,0.010869427694372418
final_time,12.381051665071974
