parameter,value
final_pop_size,3.945485441865911e7
fraction_subpop_on,0.00877178405818682
final_time,9.731196230025077
