parameter,value
final_pop_size,4.228270054825966e7
fraction_subpop_on,0.008474602344857494
