parameter,value
final_pop_size,3.1165450277752884e7
fraction_subpop_on,0.009803777247980781
final_time,11.006339936490733
