parameter,value
final_pop_size,4.964904138679967e7
fraction_subpop_on,0.007812539669613377
