parameter,value
final_pop_size,4.3733883264102295e7
fraction_subpop_on,0.008333362210476864
