parameter,value
final_pop_size,4.8196937419960074e7
fraction_subpop_on,0.007936365221621043
final_time,8.73453364972
