parameter,value
final_pop_size,4.0882791381341554e7
fraction_subpop_on,0.008620544150571641
final_time,9.548530455059295
