parameter,value
final_pop_size,1.750332579364268e7
fraction_subpop_on,0.012499880806696258
final_time,14.617612613151866
