parameter,value
final_pop_size,3.8039440095709056e7
fraction_subpop_on,0.008928425522955486
final_time,9.921476122848587
