parameter,value
final_pop_size,3.6636964573789194e7
fraction_subpop_on,0.009090763180367872
final_time,10.119871038822568
