parameter,value
final_pop_size,4.232285250571959e7
fraction_subpop_on,0.008474431139931023
final_time,9.373018911488376
