parameter,value
final_pop_size,2.343025865935537e7
fraction_subpop_on,0.011110975771527741
final_time,12.701680843236337
