parameter,value
final_pop_size,1.9810869723266877e7
fraction_subpop_on,0.011904635127489856
final_time,13.780772520430872
