parameter,value
final_pop_size,3.659940193545836e7
fraction_subpop_on,0.00909092365144519
