parameter,value
final_pop_size,2.217434048151277e7
fraction_subpop_on,0.011363620468268167
