parameter,value
final_pop_size,2.722108621447233e7
fraction_subpop_on,0.010416525659587674
final_time,11.78909094037756
