parameter,value
final_pop_size,3.5247862691892594e7
fraction_subpop_on,0.00925911349075293
final_time,10.326927639269009
