parameter,value
final_pop_size,1.864600587602735e7
fraction_subpop_on,0.012194998765921884
final_time,14.185909771911142
