parameter,value
final_pop_size,1.8619069138537433e7
fraction_subpop_on,0.012195099846499496
