parameter,value
final_pop_size,2.5907769401460778e7
fraction_subpop_on,0.010638289529510209
