parameter,value
final_pop_size,2.9834603680611122e7
fraction_subpop_on,0.009999856553877463
final_time,11.2546322707166
