parameter,value
final_pop_size,2.5939587290504273e7
fraction_subpop_on,0.01063815846690793
final_time,12.077300471353212
