parameter,value
final_pop_size,2.2203784509242106e7
fraction_subpop_on,0.01136350352911102
final_time,13.040685376719322
