parameter,value
final_pop_size,4.9692199057290465e7
fraction_subpop_on,0.007812358077801234
final_time,8.58906576942609
