parameter,value
final_pop_size,2.0997065481263325e7
fraction_subpop_on,0.01162777698955151
final_time,13.399749064408605
