parameter,value
final_pop_size,9.960550380173528e7
fraction_subpop_on,0.002516654050943844
