parameter,value
final_pop_size,8.631203740039055e7
fraction_subpop_on,0.0025115954076261023
final_time,9.083441075186965
