parameter,value
final_pop_size,6.65974925674666e7
fraction_subpop_on,0.0025115092571844403
final_time,8.82348604016433
