parameter,value
final_pop_size,7.954931879148406e7
fraction_subpop_on,0.0025178560757868566
