parameter,value
final_pop_size,6.062082060867561e7
fraction_subpop_on,0.0025197200624455644
