parameter,value
final_pop_size,9.844740770279403e7
fraction_subpop_on,0.002511631281425883
final_time,9.215325720543147
