parameter,value
final_pop_size,9.975904316865665e7
fraction_subpop_on,0.0025116346361483046
final_time,9.228594282659985
