parameter,value
final_pop_size,9.951052384974594e7
fraction_subpop_on,0.002511634007310175
final_time,9.22609369801833
