parameter,value
final_pop_size,9.406630420049076e7
fraction_subpop_on,0.002511619397904628
final_time,9.169688520812386
