parameter,value
final_pop_size,9.805074640281938e7
fraction_subpop_on,0.0025116302492240116
final_time,9.21127824623262
