parameter,value
final_pop_size,9.841856678661698e7
fraction_subpop_on,0.00251671154887503
