parameter,value
final_pop_size,3.868748884410225e7
fraction_subpop_on,0.0025112371553465203
final_time,8.27896787955698
