parameter,value
final_pop_size,7.100194409699142e7
fraction_subpop_on,0.002518574715073142
