parameter,value
final_pop_size,9.901834771721096e7
fraction_subpop_on,0.0025116327526218366
final_time,9.221122970908386
