parameter,value
final_pop_size,7.150939773863561e7
fraction_subpop_on,0.002511535164891353
final_time,8.894827165261956
