parameter,value
final_pop_size,2.8490592217683278e7
fraction_subpop_on,0.0025110047768172805
final_time,7.9722553585703695
