parameter,value
final_pop_size,9.969426939558303e7
fraction_subpop_on,0.002511634472550781
final_time,9.227943134055732
