parameter,value
final_pop_size,9.090660795302019e7
fraction_subpop_on,0.002511610116455254
final_time,9.13543528572188
