parameter,value
final_pop_size,9.876478363832568e7
fraction_subpop_on,0.002511632101338543
final_time,9.218552451574803
