parameter,value
final_pop_size,6.1297873522823796e7
fraction_subpop_on,0.0025114766478927667
final_time,8.740355483301293
