parameter,value
final_pop_size,9.523027706407267e7
fraction_subpop_on,0.0025116226617811956
final_time,9.182017516746816
