parameter,value
final_pop_size,9.264083250437634e7
fraction_subpop_on,0.002511615289037777
final_time,9.154380174882817
