parameter,value
final_pop_size,9.961284366410896e7
fraction_subpop_on,0.002511634266593981
final_time,9.227123988553295
