parameter,value
final_pop_size,9.250573101630719e7
fraction_subpop_on,0.0025170199635671897
