parameter,value
final_pop_size,9.395715156312907e7
fraction_subpop_on,0.0025169406623774216
