parameter,value
final_pop_size,8.30546930052662e7
fraction_subpop_on,0.0025176041232919666
