parameter,value
final_pop_size,8.606288292444603e7
fraction_subpop_on,0.0025174042705541043
