parameter,value
final_pop_size,4.998985712603006e7
fraction_subpop_on,0.0025113839522916096
final_time,8.535917024746688
