parameter,value
final_pop_size,3.2312922708135013e7
fraction_subpop_on,0.0025265827540915456
