parameter,value
final_pop_size,8.335642430898915e7
fraction_subpop_on,0.0025115850886374093
final_time,9.048509953475284
