parameter,value
final_pop_size,8.881363247261396e7
fraction_subpop_on,0.002511603604835163
final_time,9.112084100481592
