parameter,value
final_pop_size,9.755590571802753e7
fraction_subpop_on,0.0025116289497699533
final_time,9.206205947068336
