parameter,value
final_pop_size,9.610501647938256e7
fraction_subpop_on,0.0025168277046405895
