parameter,value
final_pop_size,9.920611052565159e7
fraction_subpop_on,0.002516673244873884
