parameter,value
final_pop_size,9.938200961187541e7
fraction_subpop_on,0.002511633680891905
final_time,9.224798145621103
