parameter,value
final_pop_size,7.991173067065421e7
fraction_subpop_on,0.0025115720988815125
final_time,9.006200666755309
