parameter,value
final_pop_size,4.42637396936196e7
fraction_subpop_on,0.0025113189497629187
final_time,8.41395643620398
