parameter,value
final_pop_size,9.694000196554966e7
fraction_subpop_on,0.0025116273138718055
final_time,9.199856645018652
