parameter,value
final_pop_size,3.3394359258688763e7
fraction_subpop_on,0.002511134242670725
final_time,8.131468219498114
