parameter,value
final_pop_size,2.7353311245774258e7
fraction_subpop_on,0.002529247442445989
