parameter,value
final_pop_size,9.968843384061806e7
fraction_subpop_on,0.0025166500847980254
