parameter,value
final_pop_size,6.6007448342642635e7
fraction_subpop_on,0.002519080788322462
