parameter,value
final_pop_size,9.922069143498857e7
fraction_subpop_on,0.002511633269956764
final_time,9.223169523211224
