parameter,value
final_pop_size,8.860932790209052e7
fraction_subpop_on,0.002517245699511359
