parameter,value
final_pop_size,5.571742696412236e7
fraction_subpop_on,0.0025114356055169996
final_time,8.644662972951135
