parameter,value
final_pop_size,7.596031181883933e7
fraction_subpop_on,0.002511555747449527
final_time,8.955361312539553
