parameter,value
final_pop_size,9.617560607342474e7
fraction_subpop_on,0.002511625254425903
final_time,9.191920211365835
