parameter,value
final_pop_size,5.5262047983999185e7
fraction_subpop_on,0.015855111765807985
