parameter,value
final_pop_size,9.751616025362599e7
fraction_subpop_on,0.015852434017801287
