parameter,value
final_pop_size,4.951634313639896e7
fraction_subpop_on,0.015855828853162845
