parameter,value
final_pop_size,5.7248983291591145e6
fraction_subpop_on,0.01590858550466066
