parameter,value
final_pop_size,7.115262795145197e7
fraction_subpop_on,0.01585373161635248
