parameter,value
final_pop_size,1.0896964791175205e7
fraction_subpop_on,0.015880271906642686
