parameter,value
final_pop_size,3.8206173991192125e7
fraction_subpop_on,0.015857870550102203
