parameter,value
final_pop_size,9.515443568717672e7
fraction_subpop_on,0.015852520939440423
