parameter,value
final_pop_size,9.689054847785725e7
fraction_subpop_on,0.015852456630437647
