parameter,value
final_pop_size,1.6287402531819519e7
fraction_subpop_on,0.0158698997050836
