parameter,value
final_pop_size,9.397297016317114e7
fraction_subpop_on,0.015852566061961063
