parameter,value
final_pop_size,2.8035031490410518e7
fraction_subpop_on,0.015861113493976255
