parameter,value
final_pop_size,7.963628374596557e7
fraction_subpop_on,0.015853220305041382
