parameter,value
final_pop_size,4.379444451728742e7
fraction_subpop_on,0.006319549693396192
