parameter,value
final_pop_size,9.875087309809157e7
fraction_subpop_on,0.006313997752677345
