parameter,value
final_pop_size,2.795749441146635e7
fraction_subpop_on,0.006325200891922972
