parameter,value
final_pop_size,7.14317135491237e7
fraction_subpop_on,0.006308690143375812
final_time,8.923889385545133
