parameter,value
final_pop_size,3.3309883946390055e7
fraction_subpop_on,0.006307679240230411
final_time,8.15615857902142
