parameter,value
final_pop_size,6.627640482155403e7
fraction_subpop_on,0.0063161655987778184
