parameter,value
final_pop_size,7.589065860299316e7
fraction_subpop_on,0.006308742041627818
final_time,8.984825477747336
