parameter,value
final_pop_size,5.531675780516153e7
fraction_subpop_on,0.006317471670997523
