parameter,value
final_pop_size,2.0045812160851408e7
fraction_subpop_on,0.006306425867944394
final_time,7.645101381427138
