parameter,value
final_pop_size,9.404496331683177e7
fraction_subpop_on,0.006308902534503041
final_time,9.200666580822878
