parameter,value
final_pop_size,9.261477652720614e7
fraction_subpop_on,0.006308892174093152
final_time,9.185244989170474
