parameter,value
final_pop_size,9.692864053555469e7
fraction_subpop_on,0.006308922494431644
final_time,9.231060374735726
