parameter,value
final_pop_size,1.6124056256094487e7
fraction_subpop_on,0.006336669868841436
