parameter,value
final_pop_size,8.877568813729784e7
fraction_subpop_on,0.006308862712666006
final_time,9.142640329213622
