parameter,value
final_pop_size,9.901459870415695e7
fraction_subpop_on,0.006308936208118918
final_time,9.252487816687545
