parameter,value
final_pop_size,4.9894710873351194e7
fraction_subpop_on,0.006308308867187518
final_time,8.56278441544227
