parameter,value
final_pop_size,9.690596946138042e7
fraction_subpop_on,0.00631408198300634
