parameter,value
final_pop_size,9.804341207663989e7
fraction_subpop_on,0.006308929895856503
final_time,9.242568295126324
