parameter,value
final_pop_size,1.3180914510597352e7
fraction_subpop_on,0.0063427201786799715
