parameter,value
final_pop_size,9.087502579129262e7
fraction_subpop_on,0.0063088791315525136
final_time,9.166161108161747
