parameter,value
final_pop_size,9.521290193386418e7
fraction_subpop_on,0.006308910764291554
final_time,9.213087398670421
