parameter,value
final_pop_size,9.256063703785092e7
fraction_subpop_on,0.006314293639903584
