parameter,value
final_pop_size,6.1207491247748844e7
fraction_subpop_on,0.006308542594931077
final_time,8.768436341581358
