parameter,value
final_pop_size,9.921770126580477e7
fraction_subpop_on,0.00630893751256763
final_time,9.2545499642769
