parameter,value
final_pop_size,6.651270509469631e7
fraction_subpop_on,0.006308624818004115
final_time,8.852087457126196
