parameter,value
final_pop_size,2.397950650691888e7
fraction_subpop_on,0.006306942209066124
final_time,7.825417889935848
