parameter,value
final_pop_size,9.844153445731908e7
fraction_subpop_on,0.006308932498530666
final_time,9.246646476276338
