parameter,value
final_pop_size,9.937962668168974e7
fraction_subpop_on,0.006308938548731632
final_time,9.256191008666384
