parameter,value
final_pop_size,9.613323776404634e7
fraction_subpop_on,0.006314118223233553
