parameter,value
final_pop_size,9.75286297876181e7
fraction_subpop_on,0.006314053198762418
