parameter,value
final_pop_size,9.754676560514604e7
fraction_subpop_on,0.006308926619312058
final_time,9.237457601410815
