parameter,value
final_pop_size,8.626692944551046e7
fraction_subpop_on,0.006308842043616638
final_time,9.113791818015034
