parameter,value
final_pop_size,9.616152826669525e7
fraction_subpop_on,0.006308917301585559
final_time,9.223064248243759
