parameter,value
final_pop_size,4.416990335388268e7
fraction_subpop_on,0.006308144966819027
final_time,8.440139377447819
