parameter,value
final_pop_size,1.955950229804767e7
fraction_subpop_on,0.006331910632062344
