parameter,value
final_pop_size,2.8413284521560073e7
fraction_subpop_on,0.006307352802749789
final_time,7.996151966548497
