parameter,value
final_pop_size,9.921185706289499e7
fraction_subpop_on,0.006313977195306016
