parameter,value
final_pop_size,1.6618393235867256e7
fraction_subpop_on,0.006305776703832302
final_time,7.456401263516188
