parameter,value
final_pop_size,5.562347331648531e7
fraction_subpop_on,0.006308439108330545
final_time,8.672164718928913
