parameter,value
final_pop_size,9.87600881287579e7
fraction_subpop_on,0.00630893456592238
final_time,9.24989773191808
