parameter,value
final_pop_size,3.859733071623108e7
fraction_subpop_on,0.006307938727237862
final_time,8.3044227550934
