parameter,value
final_pop_size,1.36788405868778e7
fraction_subpop_on,0.006304960792578427
final_time,7.260506117765072
