parameter,value
final_pop_size,9.937497605643137e7
fraction_subpop_on,0.006313969966772451
