parameter,value
final_pop_size,8.33034708049722e7
fraction_subpop_on,0.006308816024566754
final_time,9.0786137803413
