parameter,value
final_pop_size,7.985047808879529e7
fraction_subpop_on,0.006308783271268118
final_time,9.036010653090495
