parameter,value
final_pop_size,1.3263185212265754e7
fraction_subpop_on,0.007974991711908751
