parameter,value
final_pop_size,9.517732785128526e7
fraction_subpop_on,0.007947701122029019
