parameter,value
final_pop_size,9.842978551372483e7
fraction_subpop_on,0.007947555110556608
