parameter,value
final_pop_size,3.8235137397912376e7
fraction_subpop_on,0.007954281841560064
