parameter,value
final_pop_size,1.0779269654811282e7
fraction_subpop_on,0.007982298643336664
