parameter,value
final_pop_size,9.400089093076786e7
fraction_subpop_on,0.007947756423736806
