parameter,value
final_pop_size,9.875071618417308e7
fraction_subpop_on,0.007947541224472051
