parameter,value
final_pop_size,2.801721825216987e7
fraction_subpop_on,0.007958293372703738
