parameter,value
final_pop_size,4.3830582230470754e7
fraction_subpop_on,0.007952877637908043
