parameter,value
final_pop_size,7.572303575231503e7
fraction_subpop_on,0.007948836366206122
