parameter,value
final_pop_size,1.6202278948610857e7
fraction_subpop_on,0.007969239632502591
