parameter,value
final_pop_size,1.5364102636722613e7
fraction_subpop_on,0.049999999999999996
