parameter,value
final_pop_size,7.622305142133176e6
fraction_subpop_on,0.07140578237472447
