parameter,value
final_pop_size,8.065000630774648e6
fraction_subpop_on,0.06942480933991857
