parameter,value
final_pop_size,1.0440714727103231e7
fraction_subpop_on,0.060966873337666525
