parameter,value
final_pop_size,4.1513354745687325e6
fraction_subpop_on,0.09606861161091051
