parameter,value
final_pop_size,1.1991934413008388e7
fraction_subpop_on,0.056813408344176766
