parameter,value
final_pop_size,5.577471788034508e6
fraction_subpop_on,0.08328619364155518
