parameter,value
final_pop_size,8.518663527341032e6
fraction_subpop_on,0.06755069783742568
