parameter,value
final_pop_size,7.190693529086375e6
fraction_subpop_on,0.07350301611337531
