parameter,value
final_pop_size,1.3633978897121212e7
fraction_subpop_on,0.0531895062641918
