parameter,value
final_pop_size,4.8405122658979995e6
fraction_subpop_on,0.08922254538354829
