parameter,value
final_pop_size,1.2529328798073288e7
fraction_subpop_on,0.05555182123012218
