parameter,value
final_pop_size,9.690966816516043e7
fraction_subpop_on,0.012587955046924688
final_time,9.28314954868148
