parameter,value
final_pop_size,9.082231945743455e7
fraction_subpop_on,0.012587867976936562
final_time,9.217448282746677
