parameter,value
final_pop_size,1.994504243905954e7
fraction_subpop_on,0.012582942146354548
final_time,7.682201204515104
