parameter,value
final_pop_size,7.130232551534225e7
fraction_subpop_on,0.012587488501739547
final_time,8.972387411889969
