parameter,value
final_pop_size,9.257128494216876e7
fraction_subpop_on,0.012587894165541121
final_time,9.236765375353219
