parameter,value
final_pop_size,3.316972988851502e7
fraction_subpop_on,0.012585458713468906
final_time,8.19734097790871
