parameter,value
final_pop_size,5.546723901948233e7
fraction_subpop_on,0.012586984444105285
final_time,8.718049614930255
