parameter,value
final_pop_size,5.531222476235595e7
fraction_subpop_on,0.012596017676276706
