parameter,value
final_pop_size,9.613802167415406e7
fraction_subpop_on,0.012587944620003325
final_time,9.27505322872833
