parameter,value
final_pop_size,6.625204810039383e7
fraction_subpop_on,0.012594900848413366
