parameter,value
final_pop_size,9.059390591282828e6
fraction_subpop_on,0.012575357759250555
final_time,6.882968381390767
