parameter,value
final_pop_size,1.3604841510297216e7
fraction_subpop_on,0.012580000607631826
final_time,7.294771846529895
