parameter,value
final_pop_size,3.844766761042642e7
fraction_subpop_on,0.012585979730989131
final_time,8.346883401933066
