parameter,value
final_pop_size,7.967488174736045e7
fraction_subpop_on,0.01259394954328296
