parameter,value
final_pop_size,1.9699631132804424e7
fraction_subpop_on,0.012608244699861637
