parameter,value
final_pop_size,1.0878181260994164e7
fraction_subpop_on,0.012623644743529247
