parameter,value
final_pop_size,8.321516669048353e7
fraction_subpop_on,0.01258774126221854
final_time,9.128857680232459
