parameter,value
final_pop_size,7.568719326512155e7
fraction_subpop_on,0.012594196928510831
