parameter,value
final_pop_size,2.8285086383252833e7
fraction_subpop_on,0.012584803272733936
final_time,8.036007547289213
