parameter,value
final_pop_size,3.295104101053394e7
fraction_subpop_on,0.012600607551622298
