parameter,value
final_pop_size,9.516604297970249e7
fraction_subpop_on,0.012593185220329744
