parameter,value
final_pop_size,7.577459401416722e7
fraction_subpop_on,0.012587592709618511
final_time,9.033997048056456
