parameter,value
final_pop_size,4.95638473374396e7
fraction_subpop_on,0.012596802108642913
