parameter,value
final_pop_size,9.843172525611165e7
fraction_subpop_on,0.012587975134556473
final_time,9.298932093452953
