parameter,value
final_pop_size,9.875224566888934e7
fraction_subpop_on,0.012587979285756069
final_time,9.302224519678434
