parameter,value
final_pop_size,9.753150163572589e7
fraction_subpop_on,0.012587963329436751
final_time,9.289627220281451
