parameter,value
final_pop_size,8.867091485172524e7
fraction_subpop_on,0.012593473172853267
