parameter,value
final_pop_size,4.382441706466993e7
fraction_subpop_on,0.012597790625301683
