parameter,value
final_pop_size,9.400933678886218e7
fraction_subpop_on,0.012587914968603113
final_time,9.252377002155283
