parameter,value
final_pop_size,7.119950253700049e7
fraction_subpop_on,0.012594508472894873
