parameter,value
final_pop_size,9.518389239623685e7
fraction_subpop_on,0.012587931493514263
final_time,9.264951919332407
