parameter,value
final_pop_size,9.689817903719398e7
fraction_subpop_on,0.012593114948584084
