parameter,value
final_pop_size,9.842586658758785e7
fraction_subpop_on,0.012593055023859913
