parameter,value
final_pop_size,4.9736585644311205e7
fraction_subpop_on,0.012586722932104359
final_time,8.6076077322795
