parameter,value
final_pop_size,1.1129446391873391e7
fraction_subpop_on,0.012577942455461202
final_time,7.091382106865369
