parameter,value
final_pop_size,9.398717337656316e7
fraction_subpop_on,0.012593234527665474
