parameter,value
final_pop_size,3.8242561212759376e7
fraction_subpop_on,0.012599036607580362
