parameter,value
final_pop_size,6.1057110296271086e7
fraction_subpop_on,0.012587192236195739
final_time,8.81529069922801
