parameter,value
final_pop_size,7.344705434444341e6
fraction_subpop_on,0.012572113533842957
final_time,6.670474376355964
