parameter,value
final_pop_size,2.3864743669798538e7
fraction_subpop_on,0.012583978865757059
final_time,7.863909320631346
