parameter,value
final_pop_size,6.092003596586986e7
fraction_subpop_on,0.01259539507719899
