parameter,value
final_pop_size,8.619168570508246e7
fraction_subpop_on,0.012587793506745253
final_time,9.16444980189962
