parameter,value
final_pop_size,9.803116314791492e7
fraction_subpop_on,0.012587969908541961
final_time,9.29480236473437
