parameter,value
final_pop_size,6.637155676505509e7
fraction_subpop_on,0.012587357333425605
final_time,8.899813553915351
