parameter,value
final_pop_size,1.6531402179496055e7
fraction_subpop_on,0.012581638760223529
final_time,7.492090291334806
