parameter,value
final_pop_size,8.871237773180616e7
fraction_subpop_on,0.012587835008856808
final_time,9.193642986404292
