parameter,value
final_pop_size,4.401404596026774e7
fraction_subpop_on,0.012586393836901095
final_time,8.483817658260417
