parameter,value
final_pop_size,7.974837050518787e7
fraction_subpop_on,0.012587675495828373
final_time,9.08576188871892
