parameter,value
final_pop_size,3.664318872352716e7
fraction_subpop_on,0.009259077338648145
final_time,10.119871038822568
