parameter,value
final_pop_size,4.671826732956307e7
fraction_subpop_on,0.00819654719048999
final_time,8.885342225237798
