parameter,value
final_pop_size,1.9816692135627545e7
fraction_subpop_on,0.012194950919175867
final_time,13.780772520430872
