parameter,value
final_pop_size,4.524406674513777e7
fraction_subpop_on,0.008333157828871658
final_time,9.041799627087284
