parameter,value
final_pop_size,2.343624237811837e7
fraction_subpop_on,0.01136345796186068
final_time,12.701680843236337
