parameter,value
final_pop_size,4.9698409115859196e7
fraction_subpop_on,0.007936336761970775
final_time,8.58906576942609
