parameter,value
final_pop_size,3.942220526635531e7
fraction_subpop_on,0.008928593016199542
