parameter,value
final_pop_size,4.088902782926174e7
fraction_subpop_on,0.008771750639788299
final_time,9.548530455059295
