parameter,value
final_pop_size,1.750900790138884e7
fraction_subpop_on,0.01282034911125127
final_time,14.617612613151866
