parameter,value
final_pop_size,3.8045670629461214e7
fraction_subpop_on,0.009090727955621653
final_time,9.921476122848587
