parameter,value
final_pop_size,2.5913826703884877e7
fraction_subpop_on,0.010869550745988277
