parameter,value
final_pop_size,2.2209720370713938e7
fraction_subpop_on,0.01162773059685871
final_time,13.040685376719322
