parameter,value
final_pop_size,1.8651761752590135e7
fraction_subpop_on,0.012499832364518348
final_time,14.185909771911142
