parameter,value
final_pop_size,2.9840753943282682e7
fraction_subpop_on,0.010203898346475955
final_time,11.2546322707166
