parameter,value
final_pop_size,2.852575047975724e7
fraction_subpop_on,0.010416483759018989
final_time,11.515226486812077
