parameter,value
final_pop_size,4.084950248701271e7
fraction_subpop_on,0.008771954866634193
