parameter,value
final_pop_size,3.251780811296396e7
fraction_subpop_on,0.009803738241606384
final_time,10.76947460785984
