parameter,value
final_pop_size,3.38787926505717e7
fraction_subpop_on,0.009615201581345458
final_time,10.543243757122958
