parameter,value
final_pop_size,1.8624817325203784e7
fraction_subpop_on,0.012499966565827466
