parameter,value
final_pop_size,2.7227182991968174e7
fraction_subpop_on,0.010638115614684975
final_time,11.78909094037756
