parameter,value
final_pop_size,2.5945651092812363e7
fraction_subpop_on,0.010869383907995014
final_time,12.077300471353212
