parameter,value
final_pop_size,4.820315572537233e7
fraction_subpop_on,0.008064343454095966
final_time,8.73453364972
