parameter,value
final_pop_size,2.4681783996849265e7
fraction_subpop_on,0.011110931076869108
final_time,12.381051665071974
