parameter,value
final_pop_size,4.2329088807958424e7
fraction_subpop_on,0.008620511608447658
final_time,9.373018911488376
