parameter,value
final_pop_size,3.8007439361507565e7
fraction_subpop_on,0.00909092717135814
