parameter,value
final_pop_size,3.1171621644397028e7
fraction_subpop_on,0.009999816581768507
final_time,11.006339936490733
