parameter,value
final_pop_size,4.378089035072121e7
fraction_subpop_on,0.0084743994548462
final_time,9.20423857523515
