parameter,value
final_pop_size,1.7482930233328406e7
fraction_subpop_on,0.012820476907810834
