parameter,value
final_pop_size,2.0974316902818244e7
fraction_subpop_on,0.011904734147378401
