parameter,value
final_pop_size,3.94610889957765e7
fraction_subpop_on,0.008928391209952743
final_time,9.731196230025077
