parameter,value
final_pop_size,3.525407793587228e7
fraction_subpop_on,0.009433779705013386
final_time,10.326927639269009
