parameter,value
final_pop_size,2.100294772523287e7
fraction_subpop_on,0.011904587969825664
final_time,13.399749064408605
