parameter,value
final_pop_size,2.2180269253420096e7
fraction_subpop_on,0.011627882345640241
