parameter,value
final_pop_size,1.6389328024100345e7
fraction_subpop_on,0.013157735518912474
final_time,15.078684721131522
