parameter,value
final_pop_size,9.937374971004623e7
fraction_subpop_on,0.003985702599350366
