parameter,value
final_pop_size,2.3274176992529385e7
fraction_subpop_on,0.004000844232103469
