parameter,value
final_pop_size,9.84268958141839e7
fraction_subpop_on,0.003985747147944672
