parameter,value
final_pop_size,4.941298851309669e7
fraction_subpop_on,0.0039903848294077105
