parameter,value
final_pop_size,4.363434239472198e7
fraction_subpop_on,0.003991618198450615
