parameter,value
final_pop_size,9.921031327591349e7
fraction_subpop_on,0.0039857102281617976
