parameter,value
final_pop_size,7.965884574460337e7
fraction_subpop_on,0.003986848707180466
