parameter,value
final_pop_size,9.900531465174067e7
fraction_subpop_on,0.003985719832603338
