parameter,value
final_pop_size,7.115843094455065e7
fraction_subpop_on,0.003987538813885118
