parameter,value
final_pop_size,6.083472341779213e7
fraction_subpop_on,0.00398863628801502
