parameter,value
final_pop_size,8.314512352356288e7
fraction_subpop_on,0.003986606477310425
