parameter,value
final_pop_size,9.802504936044899e7
fraction_subpop_on,0.003985766314575694
