parameter,value
final_pop_size,6.61915428291228e7
fraction_subpop_on,0.003988024093457592
