parameter,value
final_pop_size,9.516796778498648e7
fraction_subpop_on,0.003985907253604933
