parameter,value
final_pop_size,2.7740768840328895e7
fraction_subpop_on,0.003997660621494493
