parameter,value
final_pop_size,9.96076173509968e7
fraction_subpop_on,0.003985691726525166
