parameter,value
final_pop_size,7.566069267534332e7
fraction_subpop_on,0.003987153982430313
