parameter,value
final_pop_size,9.689983248930533e7
fraction_subpop_on,0.003985820829151832
