parameter,value
final_pop_size,9.950395249765936e7
fraction_subpop_on,0.003985696539738976
