parameter,value
final_pop_size,3.2677329447261464e7
fraction_subpop_on,0.003995154535764028
