parameter,value
final_pop_size,8.5958506363345e7
fraction_subpop_on,0.03161909775965412
final_time,9.321682592791058
