parameter,value
final_pop_size,8.902449031921992e6
fraction_subpop_on,0.0315872551665278
final_time,6.980130821319599
