parameter,value
final_pop_size,6.59363828450777e7
fraction_subpop_on,0.03161798064909476
final_time,9.04785008745326
