parameter,value
final_pop_size,4.353629505058297e7
fraction_subpop_on,0.03161551305834255
final_time,8.619202176776575
