parameter,value
final_pop_size,7.94324692544793e7
fraction_subpop_on,0.031618795512225226
final_time,9.240147046197803
