parameter,value
final_pop_size,3.780767488380871e6
fraction_subpop_on,0.03153913544496398
final_time,6.095816657366689
