parameter,value
final_pop_size,2.3514788895004086e7
fraction_subpop_on,0.031609328564049737
final_time,7.9831287334745324
