parameter,value
final_pop_size,3.687810234654637e6
fraction_subpop_on,0.03167260894724654
