parameter,value
final_pop_size,9.509378195149052e7
fraction_subpop_on,0.03161945117115061
final_time,9.42597926564985
