parameter,value
final_pop_size,1.6165669485701147e7
fraction_subpop_on,0.031634144657559586
