parameter,value
final_pop_size,2.780039210739499e7
fraction_subpop_on,0.03162938702046038
