parameter,value
final_pop_size,8.294172481399103e7
fraction_subpop_on,0.03161896395169699
final_time,9.284789627832202
