parameter,value
final_pop_size,3.274131752974773e7
fraction_subpop_on,0.031613118231469166
final_time,8.324942185990185
