parameter,value
final_pop_size,4.918075463040938e7
fraction_subpop_on,0.03162651327134988
