parameter,value
final_pop_size,5.732188997756679e6
fraction_subpop_on,0.03165483629721286
