parameter,value
final_pop_size,5.498691174844062e7
fraction_subpop_on,0.03161702563739135
final_time,8.86032584420467
