parameter,value
final_pop_size,3.0382449071601965e6
fraction_subpop_on,0.03151869422001943
final_time,5.870051427897075
