parameter,value
final_pop_size,4.69901061502902e6
fraction_subpop_on,0.03155547993182621
final_time,6.3203242858802415
