parameter,value
final_pop_size,7.215473716532272e6
fraction_subpop_on,0.03157895026699806
final_time,6.763180253979535
