parameter,value
final_pop_size,7.090289966087586e7
fraction_subpop_on,0.03161831658992786
final_time,9.122842147408162
