parameter,value
final_pop_size,5.829879778360112e6
fraction_subpop_on,0.0315685340138365
final_time,6.542996727046465
