parameter,value
final_pop_size,8.851605115292636e7
fraction_subpop_on,0.03161920405453671
final_time,9.351959119727791
