parameter,value
final_pop_size,1.0940521085723534e7
fraction_subpop_on,0.03159387233254166
final_time,7.193002601116183
