parameter,value
final_pop_size,1.626663835096716e7
fraction_subpop_on,0.03160333633632632
final_time,7.602587909382433
