parameter,value
final_pop_size,2.78937147718293e7
fraction_subpop_on,0.0316114397192139
final_time,8.159474959266955
