parameter,value
final_pop_size,9.064488100643072e7
fraction_subpop_on,0.031624803988469924
