parameter,value
final_pop_size,9.065878666249496e7
fraction_subpop_on,0.03161928849228305
final_time,9.376659071088957
