parameter,value
final_pop_size,9.243628155831376e7
fraction_subpop_on,0.03161935556655899
final_time,9.396709757290264
