parameter,value
final_pop_size,6.059410906725051e7
fraction_subpop_on,0.031617557814397616
final_time,8.96059868998907
