parameter,value
final_pop_size,9.606498655694276e7
fraction_subpop_on,0.03161948479082376
final_time,9.43647237482934
