parameter,value
final_pop_size,3.79895639437587e7
fraction_subpop_on,0.03161445253230292
final_time,8.47846944185639
