parameter,value
final_pop_size,1.9638070000026304e7
fraction_subpop_on,0.03160667380919876
final_time,7.7970888691761715
