parameter,value
final_pop_size,2.9480667786535565e6
fraction_subpop_on,0.03168511312516888
