parameter,value
final_pop_size,3.7906168209350705e7
fraction_subpop_on,0.0316276246842694
