parameter,value
final_pop_size,4.603527708125026e6
fraction_subpop_on,0.03166269647305956
