parameter,value
final_pop_size,8.801609443473171e6
fraction_subpop_on,0.03164365599143215
