parameter,value
final_pop_size,7.1159684344231635e6
fraction_subpop_on,0.03164860193180951
