parameter,value
final_pop_size,1.3379791623507211e7
fraction_subpop_on,0.03159914187141929
final_time,7.400841661578187
