parameter,value
final_pop_size,9.685070907444884e7
fraction_subpop_on,0.03161951149635788
final_time,9.444884156594616
