parameter,value
final_pop_size,3.2652502532571964e7
fraction_subpop_on,0.03162840472264634
