parameter,value
final_pop_size,7.541588243270406e7
fraction_subpop_on,0.031618583482730375
final_time,9.186563481903601
