parameter,value
final_pop_size,9.389870619800712e7
fraction_subpop_on,0.03161940884744285
final_time,9.41291934284752
