parameter,value
final_pop_size,4.925116518810415e7
fraction_subpop_on,0.0316163558852437
final_time,8.7465670026677
