parameter,value
final_pop_size,1.3401499939480478e7
fraction_subpop_on,0.03676496291747575
