parameter,value
final_pop_size,8.301025516262672e6
fraction_subpop_on,0.04310354836697877
