parameter,value
final_pop_size,1.2299182666763706e7
fraction_subpop_on,0.03787901316998612
