parameter,value
final_pop_size,7.408778027439162e6
fraction_subpop_on,0.04464292846322654
