parameter,value
final_pop_size,5.759774861140009e6
fraction_subpop_on,0.048076943710007224
