parameter,value
final_pop_size,1.0721418435911244e7
fraction_subpop_on,0.039682717128941745
