parameter,value
final_pop_size,1.0216118924946265e7
fraction_subpop_on,0.040322742245995705
