parameter,value
final_pop_size,6.154771508290606e6
fraction_subpop_on,0.04716984357079995
