parameter,value
final_pop_size,7.849360361965697e6
fraction_subpop_on,0.043859734606793814
