parameter,value
final_pop_size,9.237121294528581e6
fraction_subpop_on,0.04166679702361978
