parameter,value
final_pop_size,4.645652485422425e6
fraction_subpop_on,0.05102039930706945
