parameter,value
final_pop_size,1.5333076629391909e7
fraction_subpop_on,0.04807770432010569
