parameter,value
final_pop_size,4.809242481296062e6
fraction_subpop_on,0.08330065333154206
