parameter,value
final_pop_size,1.5928950582338482e7
fraction_subpop_on,0.04717092639365912
