parameter,value
final_pop_size,9.426995230337122e6
fraction_subpop_on,0.06096907655374574
