parameter,value
final_pop_size,5.932138167703623e6
fraction_subpop_on,0.07573587560568815
