parameter,value
final_pop_size,1.3045497189109951e7
fraction_subpop_on,0.052082370722977334
