parameter,value
final_pop_size,7.159221997180889e6
fraction_subpop_on,0.06943018817198642
