parameter,value
final_pop_size,5.171755062239564e6
fraction_subpop_on,0.08061664150837537
