parameter,value
final_pop_size,1.2498073862722907e7
fraction_subpop_on,0.05318996394767479
