parameter,value
final_pop_size,1.091616024547696e7
fraction_subpop_on,0.056814558474073094
