parameter,value
final_pop_size,4.120222421514085e6
fraction_subpop_on,0.08924275068217552
