parameter,value
final_pop_size,4.4586878178219255e6
fraction_subpop_on,0.08616943897612261
