parameter,value
final_pop_size,8.033525633756796e6
fraction_subpop_on,0.06577885702878913
