parameter,value
final_pop_size,1.0409323501419496e7
fraction_subpop_on,0.05813504658162992
