parameter,value
final_pop_size,8.95172345845732e6
fraction_subpop_on,0.062492258667684486
