parameter,value
final_pop_size,1.360280895173731e7
fraction_subpop_on,0.051019952057898256
