parameter,value
final_pop_size,7.590828736338591e6
fraction_subpop_on,0.06755523990726574
