parameter,value
final_pop_size,9.912898791411078e6
fraction_subpop_on,0.059518355633391716
