parameter,value
final_pop_size,5.546096137668841e6
fraction_subpop_on,0.07810011479262761
