parameter,value
final_pop_size,5.531931407333145e6
fraction_subpop_on,0.07573955347887733
