parameter,value
final_pop_size,7.144841010400322e6
fraction_subpop_on,0.06755715668775707
