parameter,value
final_pop_size,9.898346350190423e6
fraction_subpop_on,0.05813566974177461
