parameter,value
final_pop_size,1.5914363201806549e7
fraction_subpop_on,0.046297546786675685
