parameter,value
final_pop_size,1.531848248955727e7
fraction_subpop_on,0.04717079418038824
