parameter,value
final_pop_size,1.4155305870371027e7
fraction_subpop_on,0.04901996859752482
