parameter,value
final_pop_size,6.315469929159011e6
fraction_subpop_on,0.07141480130340014
