parameter,value
final_pop_size,5.157661779572317e6
fraction_subpop_on,0.07810443149838532
