parameter,value
final_pop_size,8.472710280535236e6
fraction_subpop_on,0.06249339368120928
