parameter,value
final_pop_size,5.917909580769265e6
fraction_subpop_on,0.07351364286205393
