parameter,value
final_pop_size,1.0394755583111905e7
fraction_subpop_on,0.05681505289938554
