parameter,value
final_pop_size,1.3588204517017815e7
fraction_subpop_on,0.049999999999999996
