parameter,value
final_pop_size,1.1946043748577522e7
fraction_subpop_on,0.053190161997157176
