parameter,value
final_pop_size,1.3030893054939292e7
fraction_subpop_on,0.05102000944180262
