parameter,value
final_pop_size,1.4732097839650055e7
fraction_subpop_on,0.048077610344926254
