parameter,value
final_pop_size,1.3647548547915753e7
fraction_subpop_on,0.04998104682045732
final_time,8.23845603914904
