parameter,value
final_pop_size,1.479418715691237e7
fraction_subpop_on,0.04805974254147999
final_time,7.9671994824279135
