parameter,value
final_pop_size,5.191820295870174e6
fraction_subpop_on,0.07806784222670812
final_time,12.09994296731757
