parameter,value
final_pop_size,4.1363245775331142e6
fraction_subpop_on,0.08613433514118551
final_time,13.188680228861386
