parameter,value
final_pop_size,6.353862356935967e6
fraction_subpop_on,0.07138265802564918
final_time,11.193288650877863
