parameter,value
final_pop_size,1.0901579868180668e7
fraction_subpop_on,0.055553089974635025
