parameter,value
final_pop_size,1.2001244393823976e7
fraction_subpop_on,0.05316936665643885
final_time,8.685858620528448
