parameter,value
final_pop_size,6.724487959417165e6
fraction_subpop_on,0.06943245105479547
