parameter,value
final_pop_size,7.186053083339862e6
fraction_subpop_on,0.06752751703183861
final_time,10.667863319542697
