parameter,value
final_pop_size,1.2540057146390378e7
fraction_subpop_on,0.05206234364108629
final_time,8.530881609743139
