parameter,value
final_pop_size,1.0445785094676234e7
fraction_subpop_on,0.05679210621255368
final_time,9.190533576232633
