parameter,value
final_pop_size,5.954890988238783e6
fraction_subpop_on,0.07348011818080485
final_time,11.478296924144853
