parameter,value
final_pop_size,7.6190283559268e6
fraction_subpop_on,0.06575197188089946
final_time,10.42508843481802
