parameter,value
final_pop_size,8.518141833859716e6
fraction_subpop_on,0.06246696395022926
final_time,9.974425559881315
