parameter,value
final_pop_size,1.2483472123153597e7
fraction_subpop_on,0.052082493731724085
