parameter,value
final_pop_size,4.444763333676635e6
fraction_subpop_on,0.08330660507402313
