parameter,value
final_pop_size,6.764290704456334e6
fraction_subpop_on,0.06940160025673983
final_time,10.923559551047438
