parameter,value
final_pop_size,8.06309715283235e6
fraction_subpop_on,0.06406739272911333
final_time,10.194240192244857
