parameter,value
final_pop_size,7.576408210377278e6
fraction_subpop_on,0.06578047493987779
