parameter,value
final_pop_size,8.984046451010939e6
fraction_subpop_on,0.06094453420345694
final_time,9.764840349729969
