parameter,value
final_pop_size,1.1418711370905355e7
fraction_subpop_on,0.054345958741753034
