parameter,value
final_pop_size,4.827976333228366e6
fraction_subpop_on,0.08058341588917439
final_time,12.439962509035627
