parameter,value
final_pop_size,9.947979953276828e6
fraction_subpop_on,0.05811192483644309
final_time,9.373521738543252
