parameter,value
final_pop_size,1.421602431019549e7
fraction_subpop_on,0.049001571136069136
final_time,8.100333840866561
