parameter,value
final_pop_size,1.5979183315139452e7
fraction_subpop_on,0.04628066655981487
final_time,7.714811755542912
