parameter,value
final_pop_size,4.795228995334322e6
fraction_subpop_on,0.08062170860582119
