parameter,value
final_pop_size,9.460696713319097e6
fraction_subpop_on,0.05949453742530316
final_time,9.564758299415047
