parameter,value
final_pop_size,4.476100180043869e6
fraction_subpop_on,0.08326647913683995
final_time,12.802093425509584
