parameter,value
final_pop_size,1.0954002621707482e7
fraction_subpop_on,0.05553089897913666
final_time,9.015250395415638
