parameter,value
final_pop_size,5.567501400012314e6
fraction_subpop_on,0.07570454997707701
final_time,11.779986887275726
