parameter,value
final_pop_size,1.5381939060110584e7
fraction_subpop_on,0.04715343161723142
final_time,7.838777238720608
