parameter,value
final_pop_size,4.1063971145685674e6
fraction_subpop_on,0.08617643776275458
