parameter,value
final_pop_size,1.3088859244794272e7
fraction_subpop_on,0.05100047269969956
final_time,8.381864278308882
