parameter,value
final_pop_size,1.1472524549189175e7
fraction_subpop_on,0.05432448394062569
final_time,8.847176478546379
