parameter,value
final_pop_size,9.802382082513355e7
fraction_subpop_on,0.01259307061331669
