parameter,value
final_pop_size,9.612368550846729e7
fraction_subpop_on,0.012593146056300483
