parameter,value
final_pop_size,2.8055052750107978e7
fraction_subpop_on,0.012602588880209022
