parameter,value
final_pop_size,9.752231047534277e7
fraction_subpop_on,0.012593090239717268
