parameter,value
final_pop_size,8.315396304221547e7
fraction_subpop_on,0.012593753091233312
