parameter,value
final_pop_size,9.254385643860252e7
fraction_subpop_on,0.012593296606262535
