parameter,value
final_pop_size,7.098567695976004e6
fraction_subpop_on,0.012641955941019682
