parameter,value
final_pop_size,1.3353475355324546e7
fraction_subpop_on,0.012617269855333318
