parameter,value
final_pop_size,2.3625789785003535e7
fraction_subpop_on,0.012605088824938774
