parameter,value
final_pop_size,8.809951915873798e6
fraction_subpop_on,0.012631718306440423
