parameter,value
final_pop_size,1.6281911402837213e7
fraction_subpop_on,0.012612230993909406
