parameter,value
final_pop_size,9.078851288647307e7
fraction_subpop_on,0.012593374765443503
