parameter,value
final_pop_size,8.614113275821142e7
fraction_subpop_on,0.01259359707753417
