parameter,value
final_pop_size,1.6405139847090878e7
fraction_subpop_on,0.015624585729626949
