parameter,value
final_pop_size,4.671840000595412e7
fraction_subpop_on,0.009090965104571172
