parameter,value
final_pop_size,3.3885495462229796e7
fraction_subpop_on,0.010869506666029044
