parameter,value
final_pop_size,2.7237451537320506e7
fraction_subpop_on,0.01219496753332456
