parameter,value
final_pop_size,2.344853723939887e7
fraction_subpop_on,0.013157667681811359
