parameter,value
final_pop_size,4.233140525183667e7
fraction_subpop_on,0.009615409041317934
