parameter,value
final_pop_size,3.526005267786914e7
fraction_subpop_on,0.010638255297046794
