parameter,value
final_pop_size,3.2525235652683597e7
fraction_subpop_on,0.01111103559952632
