parameter,value
final_pop_size,3.805018316541311e7
fraction_subpop_on,0.01020406828064232
