parameter,value
final_pop_size,4.089207571225259e7
fraction_subpop_on,0.009803934146103989
