parameter,value
final_pop_size,3.1179769443537503e7
fraction_subpop_on,0.011363542848340357
