parameter,value
final_pop_size,2.9849616281740677e7
fraction_subpop_on,0.011627794352325563
