parameter,value
final_pop_size,4.969709943510272e7
fraction_subpop_on,0.008772003973088633
