parameter,value
final_pop_size,2.2222660263160836e7
fraction_subpop_on,0.013513259324400092
