parameter,value
final_pop_size,2.8535320247900873e7
fraction_subpop_on,0.01190462900154797
