parameter,value
final_pop_size,2.595660804967831e7
fraction_subpop_on,0.012499822763940734
