parameter,value
final_pop_size,4.3782476765773594e7
fraction_subpop_on,0.00943399785241636
