parameter,value
final_pop_size,4.5139457284235984e7
fraction_subpop_on,0.0069444517726741945
