parameter,value
final_pop_size,4.078672873148598e7
fraction_subpop_on,0.007246382482879847
