parameter,value
final_pop_size,2.4592564071504634e7
fraction_subpop_on,0.008771930840524512
