parameter,value
final_pop_size,2.334847774867137e7
fraction_subpop_on,0.008928572223726661
