parameter,value
final_pop_size,3.654352460311857e7
fraction_subpop_on,0.007575761762191647
