parameter,value
final_pop_size,3.378109173427637e7
fraction_subpop_on,0.007812503306019389
