parameter,value
final_pop_size,4.6612951823953874e7
fraction_subpop_on,0.0068493229821849156
