parameter,value
final_pop_size,2.974635371806045e7
fraction_subpop_on,0.008196723479141755
