parameter,value
final_pop_size,2.2123482271545425e7
fraction_subpop_on,0.009090909691798318
