parameter,value
final_pop_size,3.2421157469097145e7
fraction_subpop_on,0.007936510837984693
