parameter,value
final_pop_size,2.7135251500349957e7
fraction_subpop_on,0.008474577809408208
