parameter,value
final_pop_size,3.794508898097294e7
fraction_subpop_on,0.007462691227648597
