parameter,value
final_pop_size,1.857057091640266e7
fraction_subpop_on,0.009615384786089066
