parameter,value
final_pop_size,4.367701790230237e7
fraction_subpop_on,0.007042260279732548
