parameter,value
final_pop_size,3.1098248601521917e7
fraction_subpop_on,0.0087719346369904
