parameter,value
final_pop_size,3.3803648666063264e7
fraction_subpop_on,0.008474582891091043
