parameter,value
final_pop_size,3.5178098321665056e7
fraction_subpop_on,0.008333340912571739
