parameter,value
final_pop_size,2.845429333118821e7
fraction_subpop_on,0.009090912266495277
