parameter,value
final_pop_size,1.858977123333297e7
fraction_subpop_on,0.010638296701267045
