parameter,value
final_pop_size,2.9768319769703027e7
fraction_subpop_on,0.00892857539956843
