parameter,value
final_pop_size,4.961555401252466e7
fraction_subpop_on,0.007142875619773875
