parameter,value
final_pop_size,2.093827913618388e7
fraction_subpop_on,0.010204081177202895
