parameter,value
final_pop_size,1.975333323533028e7
fraction_subpop_on,0.01041666582050771
