parameter,value
final_pop_size,2.3369118192786254e7
fraction_subpop_on,0.009803922087171093
