parameter,value
final_pop_size,3.656640450730292e7
fraction_subpop_on,0.008196729882712419
