parameter,value
final_pop_size,3.2443532410507422e7
fraction_subpop_on,0.008620695351693465
