parameter,value
final_pop_size,2.461350817514287e7
fraction_subpop_on,0.009615385713429228
