parameter,value
final_pop_size,1.4188507559872909e7
fraction_subpop_on,0.0471572343576031
final_time,8.100333840866561
