parameter,value
final_pop_size,7.159565034485309e6
fraction_subpop_on,0.06407767384088814
final_time,10.667863319542697
