parameter,value
final_pop_size,8.957099392545274e6
fraction_subpop_on,0.05811942515527771
final_time,9.764840349729969
