parameter,value
final_pop_size,5.132133811246788e6
fraction_subpop_on,0.07351879095632045
