parameter,value
final_pop_size,8.910327309643792e6
fraction_subpop_on,0.05813672731340712
