parameter,value
final_pop_size,1.2456107120578209e7
fraction_subpop_on,0.049999999999999996
