parameter,value
final_pop_size,4.450953723126465e6
fraction_subpop_on,0.0780872296049144
final_time,12.802093425509584
