parameter,value
final_pop_size,8.445927078425461e6
fraction_subpop_on,0.05952043065617616
