parameter,value
final_pop_size,6.7379467060416695e6
fraction_subpop_on,0.06576315017141288
final_time,10.923559551047438
