parameter,value
final_pop_size,1.092674663019435e7
fraction_subpop_on,0.05317498805037913
final_time,9.015250395415638
