parameter,value
final_pop_size,4.802583317760334e6
fraction_subpop_on,0.07572212395581986
final_time,12.439962509035627
