parameter,value
final_pop_size,5.541676485006476e6
fraction_subpop_on,0.07139721599579762
final_time,11.779986887275726
