parameter,value
final_pop_size,7.992398869741479e6
fraction_subpop_on,0.060971602897547404
