parameter,value
final_pop_size,1.5354376616173595e7
fraction_subpop_on,0.04544298900024245
final_time,7.838777238720608
