parameter,value
final_pop_size,8.036357942991178e6
fraction_subpop_on,0.0609532832580639
final_time,10.194240192244857
