parameter,value
final_pop_size,1.5951604369930625e7
fraction_subpop_on,0.04463176826522525
final_time,7.714811755542912
