parameter,value
final_pop_size,5.928877323666584e6
fraction_subpop_on,0.06941490041539285
final_time,11.478296924144853
