parameter,value
final_pop_size,4.419715632123663e6
fraction_subpop_on,0.07811146029936843
