parameter,value
final_pop_size,5.166201727504468e6
fraction_subpop_on,0.07349609236902943
final_time,12.09994296731757
