parameter,value
final_pop_size,8.491293689889394e6
fraction_subpop_on,0.05950263097011239
final_time,9.974425559881315
