parameter,value
final_pop_size,1.0874376988528093e7
fraction_subpop_on,0.05319050169405868
