parameter,value
final_pop_size,1.251264500146812e7
fraction_subpop_on,0.0499856440775385
final_time,8.530881609743139
