parameter,value
final_pop_size,1.1445210121136507e7
fraction_subpop_on,0.052067593453585165
final_time,8.847176478546379
