parameter,value
final_pop_size,7.592408888623411e6
fraction_subpop_on,0.06247643901608818
final_time,10.42508843481802
