parameter,value
final_pop_size,1.3560761067321042e7
fraction_subpop_on,0.04807744734366264
