parameter,value
final_pop_size,1.1973878056891153e7
fraction_subpop_on,0.05100538218897674
final_time,8.685858620528448
