parameter,value
final_pop_size,1.1918726461629521e7
fraction_subpop_on,0.051020108333019454
