parameter,value
final_pop_size,6.3276760969482595e6
fraction_subpop_on,0.0675396966013497
final_time,11.193288650877863
