parameter,value
final_pop_size,5.506193313160811e6
fraction_subpop_on,0.07141919982266522
