parameter,value
final_pop_size,1.4766645355389245e7
fraction_subpop_on,0.046284244518618144
final_time,7.9671994824279135
