parameter,value
final_pop_size,9.920862312859176e6
fraction_subpop_on,0.05553737220880973
final_time,9.373521738543252
