parameter,value
final_pop_size,1.3620061545923602e7
fraction_subpop_on,0.048063788754436065
final_time,8.23845603914904
