parameter,value
final_pop_size,4.1114477024920946e6
fraction_subpop_on,0.08060486630343498
final_time,13.188680228861386
