parameter,value
final_pop_size,9.433660041363608e6
fraction_subpop_on,0.056799068481915106
final_time,9.564758299415047
