parameter,value
final_pop_size,1.3061406999291329e7
fraction_subpop_on,0.04900588145795677
final_time,8.381864278308882
