parameter,value
final_pop_size,1.041859453093085e7
fraction_subpop_on,0.0543305117733961
final_time,9.190533576232633
