parameter,value
final_pop_size,7.083796656276858e6
fraction_subpop_on,0.05952186517828022
