parameter,value
final_pop_size,6.255397831182281e6
fraction_subpop_on,0.06249737310118764
