parameter,value
final_pop_size,5.0993571068136245e6
fraction_subpop_on,0.06756372640296152
