parameter,value
final_pop_size,1.3523509485078938e7
fraction_subpop_on,0.045455300977180216
