parameter,value
final_pop_size,1.2966359291227724e7
fraction_subpop_on,0.0462969218655452
