parameter,value
final_pop_size,6.663911172675832e6
fraction_subpop_on,0.06097333590452201
