parameter,value
final_pop_size,5.472991997167285e6
fraction_subpop_on,0.06578606449409798
