parameter,value
final_pop_size,1.4667123154055515e7
fraction_subpop_on,0.04386063764151375
