parameter,value
final_pop_size,1.0331281251380036e7
fraction_subpop_on,0.05102022138139035
