parameter,value
final_pop_size,7.514930756891126e6
fraction_subpop_on,0.05813789788152328
