parameter,value
final_pop_size,8.874618875672042e6
fraction_subpop_on,0.054346991331015594
