parameter,value
final_pop_size,1.409046414656184e7
fraction_subpop_on,0.04464373344282282
