parameter,value
final_pop_size,1.58491606854291e7
fraction_subpop_on,0.042374070896749015
