parameter,value
final_pop_size,4.387884478934627e6
fraction_subpop_on,0.07142377846286922
