parameter,value
final_pop_size,9.685325873463337e7
fraction_subpop_on,0.0015898920027685908
