parameter,value
final_pop_size,5.4528890941753864e7
fraction_subpop_on,0.001593771991565841
