parameter,value
final_pop_size,8.28919051843932e7
fraction_subpop_on,0.0015907339445465972
