parameter,value
final_pop_size,9.243340056571703e7
fraction_subpop_on,0.0015901310292723997
