parameter,value
final_pop_size,7.529509796438617e7
fraction_subpop_on,0.001591323240115802
