parameter,value
final_pop_size,9.960159698315977e7
fraction_subpop_on,0.0015897540690207265
