parameter,value
final_pop_size,9.74865288392442e7
fraction_subpop_on,0.0015898595306192177
