parameter,value
final_pop_size,4.866287867681326e7
fraction_subpop_on,0.0015948422764701141
