parameter,value
final_pop_size,9.919834694008493e7
fraction_subpop_on,0.0015897738289133304
