parameter,value
final_pop_size,9.968532793741071e7
fraction_subpop_on,0.0015897499861146332
