parameter,value
final_pop_size,9.606733544146353e7
fraction_subpop_on,0.0015899328978495328
