parameter,value
final_pop_size,9.984702104683612e7
fraction_subpop_on,0.001589742120981959
