parameter,value
final_pop_size,7.935323785257372e7
fraction_subpop_on,0.0015909944062386145
