parameter,value
final_pop_size,6.7035029285991555e6
fraction_subpop_on,0.06096287687000099
final_time,10.923559551047438
