parameter,value
final_pop_size,7.957191931574865e6
fraction_subpop_on,0.056816831340222744
