parameter,value
final_pop_size,8.455708713778103e6
fraction_subpop_on,0.055544645005538455
final_time,9.974425559881315
