parameter,value
final_pop_size,4.737609735154912e6
fraction_subpop_on,0.06944014238645642
