parameter,value
final_pop_size,1.5253387784485407e7
fraction_subpop_on,0.04310454102974254
