parameter,value
final_pop_size,9.397614985882035e6
fraction_subpop_on,0.053181370804587694
final_time,9.564758299415047
