parameter,value
final_pop_size,1.1881879960852707e7
fraction_subpop_on,0.048077258512057394
