parameter,value
final_pop_size,1.1936936321039364e7
fraction_subpop_on,0.048068488872879074
final_time,8.685858620528448
