parameter,value
final_pop_size,5.1332722764119925e6
fraction_subpop_on,0.06755265834284002
final_time,12.09994296731757
