parameter,value
final_pop_size,8.921276169907518e6
fraction_subpop_on,0.054337320791705376
final_time,9.764840349729969
