parameter,value
final_pop_size,7.557354254190499e6
fraction_subpop_on,0.058127754992931595
final_time,10.42508843481802
