parameter,value
final_pop_size,6.293571659284941e6
fraction_subpop_on,0.06248675750533381
final_time,11.193288650877863
