parameter,value
final_pop_size,1.2475560650690654e7
fraction_subpop_on,0.047161669540032945
final_time,8.530881609743139
