parameter,value
final_pop_size,5.858382206539597e6
fraction_subpop_on,0.06409955921990644
