parameter,value
final_pop_size,1.2419115114176981e7
fraction_subpop_on,0.04717029709781417
