parameter,value
final_pop_size,1.5316726443402987e7
fraction_subpop_on,0.04309658446554404
final_time,7.838777238720608
