parameter,value
final_pop_size,1.3582723120678693e7
fraction_subpop_on,0.04544694979322651
final_time,8.23845603914904
