parameter,value
final_pop_size,5.89513709314149e6
fraction_subpop_on,0.06408878920082381
final_time,11.478296924144853
