parameter,value
final_pop_size,1.0382150973797845e7
fraction_subpop_on,0.05101101082314942
final_time,9.190533576232633
