parameter,value
final_pop_size,4.418959759934553e6
fraction_subpop_on,0.0714124362497897
final_time,12.802093425509584
