parameter,value
final_pop_size,1.1408422243272994e7
fraction_subpop_on,0.04901086739179705
final_time,8.847176478546379
