parameter,value
final_pop_size,4.0799746846942487e6
fraction_subpop_on,0.07351263126711555
final_time,13.188680228861386
