parameter,value
final_pop_size,1.4729090543134378e7
fraction_subpop_on,0.043852552213059864
final_time,7.9671994824279135
