parameter,value
final_pop_size,1.302419062171536e7
fraction_subpop_on,0.04628843380872043
final_time,8.381864278308882
