parameter,value
final_pop_size,1.0837856232524166e7
fraction_subpop_on,0.049999999999999996
