parameter,value
final_pop_size,1.089012455853183e7
fraction_subpop_on,0.0499909387538705
final_time,9.015250395415638
