parameter,value
final_pop_size,5.508327224206584e6
fraction_subpop_on,0.06577514323890495
final_time,11.779986887275726
