parameter,value
final_pop_size,1.4151056499173146e7
fraction_subpop_on,0.04463551647346577
final_time,8.100333840866561
