parameter,value
final_pop_size,9.349550936602073e6
fraction_subpop_on,0.05319088622623298
