parameter,value
final_pop_size,4.770104796839522e6
fraction_subpop_on,0.06942893342599442
final_time,12.439962509035627
