parameter,value
final_pop_size,7.1248050529765645e6
fraction_subpop_on,0.05951156396012431
final_time,10.667863319542697
