parameter,value
final_pop_size,9.884610798951048e6
fraction_subpop_on,0.05207358382265365
final_time,9.373521738543252
