parameter,value
final_pop_size,1.1354758327470656e7
fraction_subpop_on,0.0490197816245816
