parameter,value
final_pop_size,9.835142552658474e6
fraction_subpop_on,0.05208294583731874
