parameter,value
final_pop_size,8.001028754617251e6
fraction_subpop_on,0.05680684667282506
final_time,10.194240192244857
