parameter,value
final_pop_size,1.5913866767427776e7
fraction_subpop_on,0.04236624052768947
final_time,7.714811755542912
