parameter,value
final_pop_size,2.716650817986548e7
fraction_subpop_on,0.009615386637238153
