parameter,value
final_pop_size,2.5885938788354438e7
fraction_subpop_on,0.009803922543630437
