parameter,value
final_pop_size,4.5173477677045785e7
fraction_subpop_on,0.007692327330854071
