parameter,value
final_pop_size,1.7457167563872393e7
fraction_subpop_on,0.011363632339290825
