parameter,value
final_pop_size,4.0820369644104384e7
fraction_subpop_on,0.008064531313712866
