parameter,value
final_pop_size,3.2453611208220396e7
fraction_subpop_on,0.008928578237338173
