parameter,value
final_pop_size,2.9778255801130973e7
fraction_subpop_on,0.009259263566395086
