parameter,value
final_pop_size,3.6576651588002376e7
fraction_subpop_on,0.008474587141527599
