parameter,value
final_pop_size,2.2153121334819593e7
fraction_subpop_on,0.010416664955930426
