parameter,value
final_pop_size,3.381378930510115e7
fraction_subpop_on,0.008771937951213601
