parameter,value
final_pop_size,3.939311536870587e7
fraction_subpop_on,0.008196735037397639
