parameter,value
final_pop_size,4.225976715647432e7
fraction_subpop_on,0.007936524595272523
