parameter,value
final_pop_size,3.518829493952459e7
fraction_subpop_on,0.008620699137348786
