parameter,value
final_pop_size,4.371092537157091e7
fraction_subpop_on,0.007812518144518507
