parameter,value
final_pop_size,3.797840366210479e7
fraction_subpop_on,0.008333345619744807
