parameter,value
final_pop_size,1.9762377757489994e7
fraction_subpop_on,0.010869562152350989
