parameter,value
final_pop_size,4.813137284165493e7
fraction_subpop_on,0.007462709206250795
