parameter,value
final_pop_size,4.526981112829207e7
fraction_subpop_on,0.00980394256457975
