parameter,value
final_pop_size,1.9857829292386096e7
fraction_subpop_on,0.01562406059802014
