parameter,value
final_pop_size,4.091739340338521e7
fraction_subpop_on,0.010416619267780048
