parameter,value
final_pop_size,2.856178334137065e7
fraction_subpop_on,0.012820120161440315
