parameter,value
final_pop_size,2.5983266922642935e7
fraction_subpop_on,0.013512999507875798
