parameter,value
final_pop_size,2.98759705638866e7
fraction_subpop_on,0.012499660252619137
