parameter,value
final_pop_size,3.528591760855686e7
fraction_subpop_on,0.011363467355741012
