parameter,value
final_pop_size,1.8693496055236224e7
fraction_subpop_on,0.01612797964603737
