parameter,value
final_pop_size,3.1206008788785413e7
fraction_subpop_on,0.012194830614086223
