parameter,value
final_pop_size,3.949032737754772e7
fraction_subpop_on,0.010638223730087876
