parameter,value
final_pop_size,3.255135468871362e7
fraction_subpop_on,0.011904514910537175
