parameter,value
final_pop_size,2.3475355909950178e7
fraction_subpop_on,0.01428505418440774
