parameter,value
final_pop_size,2.726401647490493e7
fraction_subpop_on,0.013157444175649341
