parameter,value
final_pop_size,2.472016094181915e7
fraction_subpop_on,0.013888305272322295
