parameter,value
final_pop_size,1.6432106877023363e7
fraction_subpop_on,0.01724006215392829
