parameter,value
final_pop_size,3.667416535242202e7
fraction_subpop_on,0.01111097639800978
