parameter,value
final_pop_size,3.807577974099591e7
fraction_subpop_on,0.01086946204408303
