parameter,value
final_pop_size,1.7521305281546284e7
fraction_subpop_on,0.013513204081563339
final_time,14.617612613151866
