parameter,value
final_pop_size,2.469468628033006e7
fraction_subpop_on,0.011627597980569166
final_time,12.381051665071974
