parameter,value
final_pop_size,2.098695891581884e7
fraction_subpop_on,0.012499937732940372
