parameter,value
final_pop_size,1.9829243433960687e7
fraction_subpop_on,0.012820200990228101
final_time,13.780772520430872
