parameter,value
final_pop_size,2.2222470542168982e7
fraction_subpop_on,0.012194810475416193
final_time,13.040685376719322
