parameter,value
final_pop_size,1.7495211097140048e7
fraction_subpop_on,0.013513433238170018
