parameter,value
final_pop_size,2.8538808271269295e7
fraction_subpop_on,0.010869262835006268
final_time,11.515226486812077
