parameter,value
final_pop_size,3.665636124027205e7
fraction_subpop_on,0.009615101530685581
final_time,10.119871038822568
