parameter,value
final_pop_size,1.8664193546486456e7
fraction_subpop_on,0.01315758371745253
final_time,14.185909771911142
