parameter,value
final_pop_size,4.966827601774179e7
fraction_subpop_on,0.008196776070692384
