parameter,value
final_pop_size,2.592677655652714e7
fraction_subpop_on,0.011363599573612139
