parameter,value
final_pop_size,4.668935935402812e7
fraction_subpop_on,0.008474622435259295
