parameter,value
final_pop_size,4.090218640661018e7
fraction_subpop_on,0.009090637103692853
final_time,9.548530455059295
