parameter,value
final_pop_size,3.389195090683269e7
fraction_subpop_on,0.009999709897505865
final_time,10.543243757122958
