parameter,value
final_pop_size,3.5267245934832975e7
fraction_subpop_on,0.009803634923746491
final_time,10.326927639269009
