parameter,value
final_pop_size,2.8505459105287287e7
fraction_subpop_on,0.010869541066979753
