parameter,value
final_pop_size,4.673135528164287e7
fraction_subpop_on,0.008474319491008983
final_time,8.885342225237798
