parameter,value
final_pop_size,4.2302069887311794e7
fraction_subpop_on,0.008928603571207571
