parameter,value
final_pop_size,4.971144427130655e7
fraction_subpop_on,0.008196472114172631
final_time,8.58906576942609
