parameter,value
final_pop_size,4.8173631768325545e7
fraction_subpop_on,0.008333383868921504
