parameter,value
final_pop_size,1.6401474807087379e7
fraction_subpop_on,0.013888581919621841
final_time,15.078684721131522
