parameter,value
final_pop_size,4.2342234717279784e7
fraction_subpop_on,0.00892830322465469
final_time,9.373018911488376
