parameter,value
final_pop_size,2.724019762836898e7
fraction_subpop_on,0.011110806208554997
final_time,11.78909094037756
