parameter,value
final_pop_size,3.118474296822439e7
fraction_subpop_on,0.010416370055017186
final_time,11.006339936490733
