parameter,value
final_pop_size,2.985384709712805e7
fraction_subpop_on,0.010637998266406795
final_time,11.2546322707166
