parameter,value
final_pop_size,2.5958614129316512e7
fraction_subpop_on,0.011363329240357373
final_time,12.077300471353212
