parameter,value
final_pop_size,3.805884283976985e7
fraction_subpop_on,0.00943368282114653
final_time,9.921476122848587
