parameter,value
final_pop_size,4.821621854549758e7
fraction_subpop_on,0.008333080353175926
final_time,8.73453364972
