parameter,value
final_pop_size,4.5215781603700034e7
fraction_subpop_on,0.008620731297658576
