parameter,value
final_pop_size,3.2530950967617143e7
fraction_subpop_on,0.010203788198933821
final_time,10.76947460785984
