parameter,value
final_pop_size,2.344907398558933e7
fraction_subpop_on,0.011904451437623486
final_time,12.701680843236337
