parameter,value
final_pop_size,2.1015604790368613e7
fraction_subpop_on,0.012499688044991124
final_time,13.399749064408605
