parameter,value
final_pop_size,3.94742564455799e7
fraction_subpop_on,0.009258983520876025
final_time,9.731196230025077
