parameter,value
final_pop_size,4.379402008916897e7
fraction_subpop_on,0.008771665423417178
final_time,9.20423857523515
