parameter,value
final_pop_size,4.525717708084611e7
fraction_subpop_on,0.008620429065176629
final_time,9.041799627087284
