parameter,value
final_pop_size,1.9801432528125964e7
fraction_subpop_on,0.012820444358692784
