parameter,value
final_pop_size,3.661878366996692e7
fraction_subpop_on,0.009615395922643604
