parameter,value
final_pop_size,1.637626302637961e7
fraction_subpop_on,0.013888803133519617
