parameter,value
final_pop_size,1.366216794906032e7
fraction_subpop_on,0.050997628392522434
final_time,8.23845603914904
