parameter,value
final_pop_size,1.1960640845013704e7
fraction_subpop_on,0.05434567487402908
