parameter,value
final_pop_size,6.368179618762812e6
fraction_subpop_on,0.07347042225623458
final_time,11.193288650877863
