parameter,value
final_pop_size,9.475252757801285e6
fraction_subpop_on,0.060939357917052794
final_time,9.564758299415047
