parameter,value
final_pop_size,1.310347912440926e7
fraction_subpop_on,0.05205929522401424
final_time,8.381864278308882
