parameter,value
final_pop_size,5.969152976495255e6
fraction_subpop_on,0.07569383522339464
final_time,11.478296924144853
