parameter,value
final_pop_size,4.842028853594851e6
fraction_subpop_on,0.08325174370467443
final_time,12.439962509035627
