parameter,value
final_pop_size,5.581701297481803e6
fraction_subpop_on,0.07805596577708802
final_time,11.779986887275726
