parameter,value
final_pop_size,6.3297554549585115e6
fraction_subpop_on,0.07351051067280767
