parameter,value
final_pop_size,8.077578288398258e6
fraction_subpop_on,0.06574529252562916
final_time,10.194240192244857
