parameter,value
final_pop_size,1.5993782863866437e7
fraction_subpop_on,0.047151246834596754
final_time,7.714811755542912
