parameter,value
final_pop_size,6.738824106390024e6
fraction_subpop_on,0.07141213667045063
