parameter,value
final_pop_size,9.962553649218008e6
fraction_subpop_on,0.059489763380794085
final_time,9.373521738543252
