parameter,value
final_pop_size,1.423064131467771e7
fraction_subpop_on,0.049978389256201836
final_time,8.100333840866561
