parameter,value
final_pop_size,1.4808799975745963e7
fraction_subpop_on,0.04899908472622339
final_time,7.9671994824279135
