parameter,value
final_pop_size,8.532651897661712e6
fraction_subpop_on,0.06406127065964617
final_time,9.974425559881315
