parameter,value
final_pop_size,1.2015858903125674e7
fraction_subpop_on,0.05432096682166155
final_time,8.685858620528448
