parameter,value
final_pop_size,4.1501932995950053e6
fraction_subpop_on,0.08918820468241118
final_time,13.188680228861386
