parameter,value
final_pop_size,1.0460373236877143e7
fraction_subpop_on,0.05810751347078445
final_time,9.190533576232633
