parameter,value
final_pop_size,7.200462747609239e6
fraction_subpop_on,0.06939359368426845
final_time,10.667863319542697
