parameter,value
final_pop_size,1.474669715110027e7
fraction_subpop_on,0.04902001875683088
