parameter,value
final_pop_size,1.5396546023597974e7
fraction_subpop_on,0.04805741326429177
final_time,7.838777238720608
