parameter,value
final_pop_size,1.0968602240994994e7
fraction_subpop_on,0.05678802263088038
final_time,9.015250395415638
