parameter,value
final_pop_size,7.633476153030464e6
fraction_subpop_on,0.0675202129396477
final_time,10.42508843481802
