parameter,value
final_pop_size,4.490065819323185e6
fraction_subpop_on,0.08611783370107266
final_time,12.802093425509584
