parameter,value
final_pop_size,1.1487132891835855e7
fraction_subpop_on,0.05552711231632682
final_time,8.847176478546379
