parameter,value
final_pop_size,6.778657015132018e6
fraction_subpop_on,0.07137385902350775
final_time,10.923559551047438
