parameter,value
final_pop_size,1.2554675446137507e7
fraction_subpop_on,0.05316609473857145
final_time,8.530881609743139
