parameter,value
final_pop_size,8.998581379762081e6
fraction_subpop_on,0.06246134043242781
final_time,9.764840349729969
