parameter,value
final_pop_size,5.205950620311288e6
fraction_subpop_on,0.08057020950833518
final_time,12.09994296731757
