parameter,value
final_pop_size,8.487195668543095e6
fraction_subpop_on,0.06409346836816292
