parameter,value
final_pop_size,1.5594227284934156e7
fraction_subpop_on,0.07938188614669789
final_time,7.896611132376819
