parameter,value
final_pop_size,9.022113274974358e7
fraction_subpop_on,0.07942401923543271
final_time,9.803389002593088
