parameter,value
final_pop_size,2.8977119138928996e6
fraction_subpop_on,0.07915870090319829
final_time,6.068676124392015
