parameter,value
final_pop_size,6.984880369620185e7
fraction_subpop_on,0.07942145136306204
final_time,9.525377852915973
