parameter,value
final_pop_size,6.8893754818057455e6
fraction_subpop_on,0.07931752590491684
final_time,7.009277243312821
