parameter,value
final_pop_size,2.689162758955376e7
fraction_subpop_on,0.07940328534826369
final_time,8.488518996835312
