parameter,value
final_pop_size,3.680828944767734e7
fraction_subpop_on,0.07941124332712272
final_time,8.829503820101841
