parameter,value
final_pop_size,2.8607421130206473e6
fraction_subpop_on,0.07932993819892353
