parameter,value
final_pop_size,5.373346124900904e7
fraction_subpop_on,0.07941804072409478
final_time,9.240452060813094
