parameter,value
final_pop_size,1.0462516441701163e7
fraction_subpop_on,0.0793569021356111
final_time,7.4631015907875184
