parameter,value
final_pop_size,1.8856615249630734e7
fraction_subpop_on,0.07939069882682188
final_time,8.10295503236391
