parameter,value
final_pop_size,9.20745223073423e7
fraction_subpop_on,0.07942419645797485
final_time,9.825477987430595
