parameter,value
final_pop_size,5.9357243947204866e7
fraction_subpop_on,0.07942786488245407
