parameter,value
final_pop_size,6.479196784850873e7
fraction_subpop_on,0.07942056380103521
final_time,9.443743015325467
