parameter,value
final_pop_size,8.79914326426004e7
fraction_subpop_on,0.07942379613634702
final_time,9.776205770119898
