parameter,value
final_pop_size,3.1640659776725903e7
fraction_subpop_on,0.07940771880519523
final_time,8.665174419103568
