parameter,value
final_pop_size,3.567979412125887e6
fraction_subpop_on,0.07935033189926378
