parameter,value
final_pop_size,2.2621490819021218e7
fraction_subpop_on,0.07939770959593435
final_time,8.300690701129867
