parameter,value
final_pop_size,1.2767367009912685e7
fraction_subpop_on,0.07940977030614133
