parameter,value
final_pop_size,1.1744879091348436e6
fraction_subpop_on,0.07918222214019212
