parameter,value
final_pop_size,2.327086100974976e6
fraction_subpop_on,0.07909148318665551
final_time,5.830527776125435
