parameter,value
final_pop_size,5.563583899119424e6
fraction_subpop_on,0.0792900507113577
final_time,6.777128936722602
