parameter,value
final_pop_size,1.8685579160003662e6
fraction_subpop_on,0.07900772119011595
final_time,5.592241018856032
