parameter,value
final_pop_size,7.859374981966381e7
fraction_subpop_on,0.07942271671156553
final_time,9.653513905482264
