parameter,value
final_pop_size,7.446620633122689e7
fraction_subpop_on,0.07942215650987078
final_time,9.594912910248645
