parameter,value
final_pop_size,1.8815349763126038e7
fraction_subpop_on,0.07941718048739571
