parameter,value
final_pop_size,8.532756429289494e7
fraction_subpop_on,0.07942937408022804
