parameter,value
final_pop_size,4.443621466516034e6
fraction_subpop_on,0.07936658735467102
