parameter,value
final_pop_size,4.229955703023697e7
fraction_subpop_on,0.07941404483051101
final_time,8.980552540647366
