parameter,value
final_pop_size,1.2809402184359126e7
fraction_subpop_on,0.07937081212925289
final_time,7.6829283841794505
