parameter,value
final_pop_size,5.9381092557689965e7
fraction_subpop_on,0.07941944668529759
final_time,9.349013849584955
