parameter,value
final_pop_size,3.606113912845265e6
fraction_subpop_on,0.0792125508315959
final_time,6.3061936120211035
