parameter,value
final_pop_size,4.798952148615914e7
fraction_subpop_on,0.07941627135417137
final_time,9.117645905940838
