parameter,value
final_pop_size,1.500792761214618e6
fraction_subpop_on,0.07890355104038269
final_time,5.354278602830208
