parameter,value
final_pop_size,8.533654176147552e7
fraction_subpop_on,0.07942351528840372
final_time,9.742925858305167
