parameter,value
final_pop_size,3.1603474025786687e7
fraction_subpop_on,0.07942351031165082
