parameter,value
final_pop_size,7.858076771290217e7
fraction_subpop_on,0.07942907792191634
