parameter,value
final_pop_size,4.482824960445554e6
fraction_subpop_on,0.07925562979617864
final_time,6.5425434674958085
