parameter,value
final_pop_size,8.221392682370317e7
fraction_subpop_on,0.07942316174885633
final_time,9.702431631495047
