parameter,value
final_pop_size,1.8341198218902352e6
fraction_subpop_on,0.07927234964121413
