parameter,value
final_pop_size,1.206232833109738e6
fraction_subpop_on,0.07877430364696753
final_time,5.117086760270494
