parameter,value
final_pop_size,8.505945181173097e6
fraction_subpop_on,0.07933943840847517
final_time,7.238224263393124
