parameter,value
final_pop_size,7.876629321630061e6
fraction_subpop_on,0.04716990057574221
