parameter,value
final_pop_size,4.319935408735237e6
fraction_subpop_on,0.05681802979007061
