parameter,value
final_pop_size,5.400189045145308e6
fraction_subpop_on,0.05319140683372565
