parameter,value
final_pop_size,1.024580916663074e7
fraction_subpop_on,0.04310368899782549
