parameter,value
final_pop_size,1.2330503899720969e7
fraction_subpop_on,0.04032293726316588
