parameter,value
final_pop_size,1.3999876124826562e7
fraction_subpop_on,0.03846197629953326
