parameter,value
final_pop_size,1.126763888316197e7
fraction_subpop_on,0.041666966271470825
