parameter,value
final_pop_size,4.667959937842056e6
fraction_subpop_on,0.055555424793908806
