parameter,value
final_pop_size,5.7841183276381595e6
fraction_subpop_on,0.052083277210980806
