parameter,value
final_pop_size,8.328816200502263e6
fraction_subpop_on,0.046296415936287715
