parameter,value
final_pop_size,7.005566178594358e6
fraction_subpop_on,0.04901963711256627
