parameter,value
final_pop_size,9.750557438604014e6
fraction_subpop_on,0.043859859860400745
