parameter,value
final_pop_size,6.179744826061142e6
fraction_subpop_on,0.05102037962813143
