parameter,value
final_pop_size,1.457593945699549e7
fraction_subpop_on,0.037879251520798136
