parameter,value
final_pop_size,1.0751540059087377e7
fraction_subpop_on,0.042373151723911276
