parameter,value
final_pop_size,6.176020309161046e6
fraction_subpop_on,0.04464258894733747
final_time,11.193288650877863
