parameter,value
final_pop_size,1.1216685055392204e7
fraction_subpop_on,0.037313564521708226
