parameter,value
final_pop_size,8.282676407149371e6
fraction_subpop_on,0.040983678346946446
