parameter,value
final_pop_size,7.433018312387394e6
fraction_subpop_on,0.04237257079730094
final_time,10.42508843481802
