parameter,value
final_pop_size,1.343861471978859e7
fraction_subpop_on,0.03521084164530039
final_time,8.23845603914904
