parameter,value
final_pop_size,1.2278164683946138e7
fraction_subpop_on,0.03623203718537049
