parameter,value
final_pop_size,5.023460667788815e6
fraction_subpop_on,0.047169589913472074
final_time,12.09994296731757
