parameter,value
final_pop_size,9.750769524308976e6
fraction_subpop_on,0.03906213077868912
final_time,9.373521738543252
