parameter,value
final_pop_size,4.663108458749565e6
fraction_subpop_on,0.04807671798072402
final_time,12.439962509035627
