parameter,value
final_pop_size,9.218035950421792e6
fraction_subpop_on,0.03968263043475666
