parameter,value
final_pop_size,4.314905226220714e6
fraction_subpop_on,0.04901941927891002
final_time,12.802093425509584
