parameter,value
final_pop_size,1.233407403327992e7
fraction_subpop_on,0.03623147146011908
final_time,8.530881609743139
