parameter,value
final_pop_size,1.0246644796619711e7
fraction_subpop_on,0.03846115936836705
final_time,9.190533576232633
