parameter,value
final_pop_size,9.26551268980295e6
fraction_subpop_on,0.039682180951357324
final_time,9.564758299415047
