parameter,value
final_pop_size,4.990213008347455e6
fraction_subpop_on,0.04716982412090154
