parameter,value
final_pop_size,1.126979587054586e7
fraction_subpop_on,0.03731303581873832
final_time,8.847176478546379
