parameter,value
final_pop_size,1.4582579357497172e7
fraction_subpop_on,0.03424613809488594
final_time,7.9671994824279135
