parameter,value
final_pop_size,1.1796848725214254e7
fraction_subpop_on,0.03676430078924827
final_time,8.685858620528448
