parameter,value
final_pop_size,6.544635966312445e6
fraction_subpop_on,0.04385968745757576
