parameter,value
final_pop_size,1.4005720473939879e7
fraction_subpop_on,0.034721790368255144
final_time,8.100333840866561
