parameter,value
final_pop_size,1.075302436156253e7
fraction_subpop_on,0.03787839952397337
final_time,9.015250395415638
