parameter,value
final_pop_size,7.002632279864791e6
fraction_subpop_on,0.043103151277805826
final_time,10.667863319542697
