parameter,value
final_pop_size,5.361146728324369e6
fraction_subpop_on,0.04629631461998605
