parameter,value
final_pop_size,3.9789940274467967e6
fraction_subpop_on,0.049999828086020506
final_time,13.188680228861386
