parameter,value
final_pop_size,5.780053119412035e6
fraction_subpop_on,0.045454292428643524
final_time,11.478296924144853
