parameter,value
final_pop_size,8.79099028354355e6
fraction_subpop_on,0.0403222330270634
final_time,9.764840349729969
