parameter,value
final_pop_size,1.5169090412003089e7
fraction_subpop_on,0.03378334162332798
final_time,7.838777238720608
