parameter,value
final_pop_size,8.327320192454168e6
fraction_subpop_on,0.04098327067600445
final_time,9.974425559881315
