parameter,value
final_pop_size,8.74492884865927e6
fraction_subpop_on,0.040322661761107985
