parameter,value
final_pop_size,5.395821481060609e6
fraction_subpop_on,0.04629605888738028
final_time,11.779986887275726
