parameter,value
final_pop_size,1.5765154157922946e7
fraction_subpop_on,0.0333328867212836
final_time,7.714811755542912
