parameter,value
final_pop_size,9.701880020704968e6
fraction_subpop_on,0.03906260066194638
