parameter,value
final_pop_size,7.874622253869265e6
fraction_subpop_on,0.041666343141628495
final_time,10.194240192244857
