parameter,value
final_pop_size,7.391215999298915e6
fraction_subpop_on,0.042372935572218544
