parameter,value
final_pop_size,6.583590198774643e6
fraction_subpop_on,0.043859366256288605
final_time,10.923559551047438
