parameter,value
final_pop_size,1.2881364566375852e7
fraction_subpop_on,0.035713866166537156
final_time,8.381864278308882
