parameter,value
final_pop_size,1.640807566009869e7
fraction_subpop_on,0.014285287582026492
final_time,15.078684721131522
