parameter,value
final_pop_size,4.380093924396694e7
fraction_subpop_on,0.008928247962637548
final_time,9.20423857523515
