parameter,value
final_pop_size,1.980820159560832e7
fraction_subpop_on,0.013157793764043052
