parameter,value
final_pop_size,4.526407974806426e7
fraction_subpop_on,0.008771612151259961
final_time,9.041799627087284
