parameter,value
final_pop_size,1.8643950962710664e7
fraction_subpop_on,0.013513403455655784
