parameter,value
final_pop_size,3.1191726247739706e7
fraction_subpop_on,0.010637920444270945
final_time,11.006339936490733
