parameter,value
final_pop_size,2.219985605649963e7
fraction_subpop_on,0.01249991728084565
