parameter,value
final_pop_size,3.6663338142944835e7
fraction_subpop_on,0.009803568249626304
final_time,10.119871038822568
