parameter,value
final_pop_size,2.099377223420239e7
fraction_subpop_on,0.012820420981636337
