parameter,value
final_pop_size,2.5965552492553838e7
fraction_subpop_on,0.011627506955560469
final_time,12.077300471353212
