parameter,value
final_pop_size,2.470160309220056e7
fraction_subpop_on,0.011904356777852306
final_time,12.381051665071974
