parameter,value
final_pop_size,3.3898936355789475e7
fraction_subpop_on,0.010203716194964142
final_time,10.543243757122958
