parameter,value
final_pop_size,4.2349168904212624e7
fraction_subpop_on,0.00909057976011249
final_time,9.373018911488376
