parameter,value
final_pop_size,1.8670919664940592e7
fraction_subpop_on,0.013513089450785356
final_time,14.185909771911142
