parameter,value
final_pop_size,4.818049433040708e7
fraction_subpop_on,0.008474631355315357
