parameter,value
final_pop_size,1.7527972911263525e7
fraction_subpop_on,0.013888463029613397
final_time,14.617612613151866
