parameter,value
final_pop_size,4.967511858840398e7
fraction_subpop_on,0.00833339343237303
