parameter,value
final_pop_size,3.2537936788987342e7
fraction_subpop_on,0.010416295204936865
final_time,10.76947460785984
