parameter,value
final_pop_size,2.3455964354233015e7
fraction_subpop_on,0.012194712050317108
final_time,12.701680843236337
