parameter,value
final_pop_size,4.09091340361755e7
fraction_subpop_on,0.009258923999722442
final_time,9.548530455059295
