parameter,value
final_pop_size,2.986082465870763e7
fraction_subpop_on,0.01086918191155048
final_time,11.2546322707166
