parameter,value
final_pop_size,2.1022425774989586e7
fraction_subpop_on,0.012820094667573388
final_time,13.399749064408605
