parameter,value
final_pop_size,3.8027566705773845e7
fraction_subpop_on,0.009615398489749825
