parameter,value
final_pop_size,4.6738240129471354e7
fraction_subpop_on,0.008620377695370732
final_time,8.885342225237798
