parameter,value
final_pop_size,2.2229329130788982e7
fraction_subpop_on,0.012499585729396486
final_time,13.040685376719322
