parameter,value
final_pop_size,3.8065811991890974e7
fraction_subpop_on,0.009615037348719909
final_time,9.921476122848587
