parameter,value
final_pop_size,4.086959577287993e7
fraction_subpop_on,0.009259286049970516
