parameter,value
final_pop_size,3.527422833735463e7
fraction_subpop_on,0.00999964061748766
final_time,10.326927639269009
