parameter,value
final_pop_size,3.523732044009561e7
fraction_subpop_on,0.009999999999999998
