parameter,value
final_pop_size,4.9718289932505205e7
fraction_subpop_on,0.00833303254166835
final_time,8.58906576942609
