parameter,value
final_pop_size,1.9836020456871837e7
fraction_subpop_on,0.01315747328382442
final_time,13.780772520430872
