parameter,value
final_pop_size,4.8223084356210954e7
fraction_subpop_on,0.008474269940111419
final_time,8.73453364972
