parameter,value
final_pop_size,3.115691260996042e7
fraction_subpop_on,0.010638275256771301
