parameter,value
final_pop_size,2.8545776653320115e7
fraction_subpop_on,0.01111072205184534
final_time,11.515226486812077
