parameter,value
final_pop_size,2.7247153057723466e7
fraction_subpop_on,0.011363241716670603
final_time,11.78909094037756
