parameter,value
final_pop_size,3.9481215782835096e7
fraction_subpop_on,0.009433621022014843
final_time,9.731196230025077
