parameter,value
final_pop_size,3.0141963439531443e6
fraction_subpop_on,0.03967863967049318
final_time,5.90301956971861
