parameter,value
final_pop_size,1.950529685966355e7
fraction_subpop_on,0.039790306847116666
final_time,7.847674197515661
