parameter,value
final_pop_size,2.3285744350163892e7
fraction_subpop_on,0.03981509281538189
