parameter,value
final_pop_size,3.2555332318634525e7
fraction_subpop_on,0.03979848842359574
final_time,8.381159209779254
