parameter,value
final_pop_size,8.841574730011404e7
fraction_subpop_on,0.03981186948387698
