parameter,value
final_pop_size,1.085900863664317e7
fraction_subpop_on,0.03977405558984448
final_time,7.237717261123801
