parameter,value
final_pop_size,1.3282625111116873e7
fraction_subpop_on,0.03978074503045081
final_time,7.4475246511779805
