parameter,value
final_pop_size,2.3363258769297067e7
fraction_subpop_on,0.03979367717343579
final_time,8.035632010665267
