parameter,value
final_pop_size,7.52582832409664e7
fraction_subpop_on,0.03980542717690168
final_time,9.253880440707047
