parameter,value
final_pop_size,8.585575763986744e7
fraction_subpop_on,0.03980608012497375
final_time,9.39108463557983
