parameter,value
final_pop_size,4.903945209323217e7
fraction_subpop_on,0.03980259895546157
final_time,8.807824733678643
