parameter,value
final_pop_size,9.058663266886905e7
fraction_subpop_on,0.03980632228805543
final_time,9.44694628416958
