parameter,value
final_pop_size,2.772404169749519e7
fraction_subpop_on,0.039796357418508274
final_time,8.213859917859391
