parameter,value
final_pop_size,2.7649315503849052e7
fraction_subpop_on,0.0398144022398684
