parameter,value
final_pop_size,1.942578590230142e7
fraction_subpop_on,0.03981596229124181
