parameter,value
final_pop_size,9.504805038578981e7
fraction_subpop_on,0.039811789069231475
