parameter,value
final_pop_size,2.4204940340216025e6
fraction_subpop_on,0.039646243536738304
final_time,5.674598105093851
