parameter,value
final_pop_size,3.779039529017863e7
fraction_subpop_on,0.039800182442851065
final_time,8.536453630733016
