parameter,value
final_pop_size,7.072763382608855e7
fraction_subpop_on,0.03980508831946508
final_time,9.189216873654527
