parameter,value
final_pop_size,8.583902819214107e7
fraction_subpop_on,0.03981190407751893
