parameter,value
final_pop_size,6.0391531481947e7
fraction_subpop_on,0.039804124952768714
final_time,9.024680080209295
