parameter,value
final_pop_size,8.834776029291866e6
fraction_subpop_on,0.039765655678668126
final_time,7.022873661665157
