parameter,value
final_pop_size,6.574569585473048e7
fraction_subpop_on,0.039804661797049126
final_time,9.113146761916054
