parameter,value
final_pop_size,4.332826067802426e7
fraction_subpop_on,0.03980152889122028
final_time,8.67887212710903
