parameter,value
final_pop_size,9.603271339746073e7
fraction_subpop_on,0.03980657151830856
final_time,9.507748856719465
