parameter,value
final_pop_size,3.7508909239897225e6
fraction_subpop_on,0.03970458035912983
final_time,6.130717525157242
