parameter,value
final_pop_size,4.662045304857048e6
fraction_subpop_on,0.03972532381171507
final_time,6.357172110191375
