parameter,value
final_pop_size,5.784369315016156e6
fraction_subpop_on,0.039741892409329974
final_time,6.581802633732124
