parameter,value
final_pop_size,9.237668580407475e7
fraction_subpop_on,0.039806407448795995
final_time,9.467325474451554
