parameter,value
final_pop_size,5.477708308536703e7
fraction_subpop_on,0.039803449286638266
final_time,8.923058169506982
