parameter,value
final_pop_size,1.6152230996345274e7
fraction_subpop_on,0.03978606986137117
final_time,7.651230151541065
