parameter,value
final_pop_size,9.384984963860732e7
fraction_subpop_on,0.03980647509681611
final_time,9.48380291493286
