parameter,value
final_pop_size,8.282133605961156e7
fraction_subpop_on,0.039805910236364504
final_time,9.353609978235928
