parameter,value
final_pop_size,7.929352296844614e7
fraction_subpop_on,0.039805696378305125
final_time,9.308276167086486
