parameter,value
final_pop_size,7.15977673022398e6
fraction_subpop_on,0.039755113761342956
final_time,6.8039522647986415
