parameter,value
final_pop_size,8.842947960329664e7
fraction_subpop_on,0.039806215081886365
final_time,9.42184586394212
