parameter,value
final_pop_size,9.505397422401571e7
fraction_subpop_on,0.03980652883309176
final_time,9.49708015450237
