parameter,value
final_pop_size,9.236759044412632e7
fraction_subpop_on,0.03981182017852265
