parameter,value
final_pop_size,4.9756277084896e7
fraction_subpop_on,0.009090135090749315
final_time,8.58906576942609
