parameter,value
final_pop_size,1.8710938449586246e7
fraction_subpop_on,0.015622978665342537
final_time,14.185909771911142
