parameter,value
final_pop_size,2.10339334837035e7
fraction_subpop_on,0.014705297407915706
