parameter,value
final_pop_size,1.644777425464462e7
fraction_subpop_on,0.01666442339094529
final_time,15.078684721131522
