parameter,value
final_pop_size,3.806688095284931e7
fraction_subpop_on,0.010638235768478688
