parameter,value
final_pop_size,2.2240063266341764e7
fraction_subpop_on,0.01428519201543262
