parameter,value
final_pop_size,3.531383511588525e7
fraction_subpop_on,0.011109990848512427
final_time,10.326927639269009
