parameter,value
final_pop_size,3.527690893900149e7
fraction_subpop_on,0.011110999095317344
