parameter,value
final_pop_size,2.728733526533484e7
fraction_subpop_on,0.012819067545293838
final_time,11.78909094037756
