parameter,value
final_pop_size,3.952039638652307e7
fraction_subpop_on,0.010415670603243303
final_time,9.731196230025077
