parameter,value
final_pop_size,1.7567851357197143e7
fraction_subpop_on,0.01612690385040741
final_time,14.617612613151866
