parameter,value
final_pop_size,4.826125372436355e7
fraction_subpop_on,0.009258458242379291
final_time,8.73453364972
