parameter,value
final_pop_size,4.6776588620695494e7
fraction_subpop_on,0.009433132833502474
final_time,8.885342225237798
