parameter,value
final_pop_size,4.3839634885477446e7
fraction_subpop_on,0.00980303073234398
final_time,9.20423857523515
