parameter,value
final_pop_size,2.600577983835398e7
fraction_subpop_on,0.013156382547993601
final_time,12.077300471353212
