parameter,value
final_pop_size,3.810514219640038e7
fraction_subpop_on,0.010637262719861386
final_time,9.921476122848587
