parameter,value
final_pop_size,3.123167722424343e7
fraction_subpop_on,0.011903493884666395
final_time,11.006339936490733
