parameter,value
final_pop_size,1.98761440541185e7
fraction_subpop_on,0.015149593686052785
final_time,13.780772520430872
