parameter,value
final_pop_size,2.855251640830415e7
fraction_subpop_on,0.012499723537190408
