parameter,value
final_pop_size,4.238803155373022e7
fraction_subpop_on,0.00999907595799912
final_time,9.373018911488376
