parameter,value
final_pop_size,3.2577783865759e7
fraction_subpop_on,0.01162669116125595
final_time,10.76947460785984
