parameter,value
final_pop_size,4.0908606470144875e7
fraction_subpop_on,0.010204062452661514
