parameter,value
final_pop_size,4.530260382582495e7
fraction_subpop_on,0.00961452527914343
final_time,9.041799627087284
