parameter,value
final_pop_size,4.0948158553510755e7
fraction_subpop_on,0.010203122558605065
final_time,9.548530455059295
