parameter,value
final_pop_size,2.106262222318859e7
fraction_subpop_on,0.014704054105639276
final_time,13.399749064408605
