parameter,value
final_pop_size,2.3496223056575533e7
fraction_subpop_on,0.013887229139730742
final_time,12.701680843236337
