parameter,value
final_pop_size,3.670281068921925e7
fraction_subpop_on,0.0108684887213576
final_time,10.119871038822568
