parameter,value
final_pop_size,4.971309737786344e7
fraction_subpop_on,0.009090986486343086
