parameter,value
final_pop_size,2.9900867070405442e7
fraction_subpop_on,0.01219379846355981
final_time,11.2546322707166
