parameter,value
final_pop_size,2.474185662977705e7
fraction_subpop_on,0.013511929956323663
final_time,12.381051665071974
