parameter,value
final_pop_size,3.393866832131032e7
fraction_subpop_on,0.01136246972791024
final_time,10.543243757122958
