parameter,value
final_pop_size,2.5973907565805808e7
fraction_subpop_on,0.013157531859067081
