parameter,value
final_pop_size,2.8585896651944112e7
fraction_subpop_on,0.012498617521895771
final_time,11.515226486812077
