parameter,value
final_pop_size,2.2269569660006125e7
fraction_subpop_on,0.014283973118963527
final_time,13.040685376719322
