parameter,value
final_pop_size,1.3945639403481511e7
fraction_subpop_on,0.03472240808431808
