parameter,value
final_pop_size,1.5700935166496888e7
fraction_subpop_on,0.0333335520500018
