parameter,value
final_pop_size,5.743951326397673e6
fraction_subpop_on,0.045454569894962646
