parameter,value
final_pop_size,1.282406105165437e7
fraction_subpop_on,0.03571444970266397
