parameter,value
final_pop_size,1.0196345249622127e7
fraction_subpop_on,0.038461649271383944
