parameter,value
final_pop_size,6.962253312885438e6
fraction_subpop_on,0.04310349432107499
