parameter,value
final_pop_size,1.4521115100672642e7
fraction_subpop_on,0.034246772170931625
