parameter,value
final_pop_size,1.3379920596071854e7
fraction_subpop_on,0.035211442513585996
