parameter,value
final_pop_size,6.138491907362867e6
fraction_subpop_on,0.04464288826440358
