parameter,value
final_pop_size,7.831398252052209e6
fraction_subpop_on,0.04166672947706446
