parameter,value
final_pop_size,1.5106246820113722e7
fraction_subpop_on,0.03378399157014425
