parameter,value
final_pop_size,4.631287531534173e6
fraction_subpop_on,0.048076930970883065
