parameter,value
final_pop_size,1.1742336983464595e7
fraction_subpop_on,0.03676484823310381
