parameter,value
final_pop_size,4.284510216109002e6
fraction_subpop_on,0.049019611466628546
