parameter,value
final_pop_size,1.0701317659124212e7
fraction_subpop_on,0.03787890904076104
