parameter,value
final_pop_size,3.197477198028739e7
fraction_subpop_on,0.06309163880209695
