parameter,value
final_pop_size,2.287907992646883e7
fraction_subpop_on,0.06309001055768365
