parameter,value
final_pop_size,2.8996674161034874e6
fraction_subpop_on,0.0630505715635613
