parameter,value
final_pop_size,1.5773245877054386e7
fraction_subpop_on,0.06308743194988414
