parameter,value
final_pop_size,8.590104449421277e6
fraction_subpop_on,0.06308048930807356
