parameter,value
final_pop_size,1.295289546263851e7
fraction_subpop_on,0.06308562417230083
