parameter,value
final_pop_size,5.9774561607781604e7
fraction_subpop_on,0.06309354359390082
