parameter,value
final_pop_size,1.0574273461822497e7
fraction_subpop_on,0.06308334992392385
