parameter,value
final_pop_size,9.036785128161953e7
fraction_subpop_on,0.06309428528946766
