parameter,value
final_pop_size,8.816697944325851e7
fraction_subpop_on,0.06309424911478792
