parameter,value
final_pop_size,1.4840510008451594e6
fraction_subpop_on,0.06300749129168198
