parameter,value
final_pop_size,6.950074298990184e6
fraction_subpop_on,0.06307689186607755
