parameter,value
final_pop_size,4.268803717793074e7
fraction_subpop_on,0.06309266667181931
