parameter,value
final_pop_size,4.839091032265179e7
fraction_subpop_on,0.06309302820952109
