parameter,value
final_pop_size,4.507944204579768e6
fraction_subpop_on,0.06306668410077963
