parameter,value
final_pop_size,6.217518007356794e6
fraction_subpop_on,0.05101894901031184
final_time,11.193288650877863
