parameter,value
final_pop_size,1.2877056002718857e7
fraction_subpop_on,0.039682923982764046
