parameter,value
final_pop_size,5.028090802382893e6
fraction_subpop_on,0.05434771858843856
