parameter,value
final_pop_size,9.313608777532885e6
fraction_subpop_on,0.04464132527197782
final_time,9.564758299415047
