parameter,value
final_pop_size,4.350577308841531e6
fraction_subpop_on,0.056816880497984217
final_time,12.802093425509584
