parameter,value
final_pop_size,1.0296338907740576e7
fraction_subpop_on,0.043101917449616146
final_time,9.190533576232633
