parameter,value
final_pop_size,1.5756872081526602e7
fraction_subpop_on,0.03676521911445996
