parameter,value
final_pop_size,1.5161637664221296e7
fraction_subpop_on,0.03731392161348494
