parameter,value
final_pop_size,5.061585271445803e6
fraction_subpop_on,0.05434644850396227
final_time,12.09994296731757
