parameter,value
final_pop_size,4.013375770208529e6
fraction_subpop_on,0.05813827895743015
final_time,13.188680228861386
