parameter,value
final_pop_size,8.838242712822275e6
fraction_subpop_on,0.04545301606705232
final_time,9.764840349729969
