parameter,value
final_pop_size,8.791945234492736e6
fraction_subpop_on,0.045454695549632336
