parameter,value
final_pop_size,1.3492458834362054e7
fraction_subpop_on,0.03906100851402463
final_time,8.23845603914904
