parameter,value
final_pop_size,4.700027860895401e6
fraction_subpop_on,0.05555421375330381
final_time,12.439962509035627
