parameter,value
final_pop_size,6.626135060495858e6
fraction_subpop_on,0.04999852138628027
final_time,10.923559551047438
