parameter,value
final_pop_size,1.4637615965514125e7
fraction_subpop_on,0.037877317985364936
final_time,7.9671994824279135
