parameter,value
final_pop_size,1.1320975651135974e7
fraction_subpop_on,0.0416651437219839
final_time,8.847176478546379
