parameter,value
final_pop_size,5.4351101586930435e6
fraction_subpop_on,0.05319008046286323
final_time,11.779986887275726
