parameter,value
final_pop_size,1.0803474863306692e7
fraction_subpop_on,0.04237135369816914
final_time,9.015250395415638
