parameter,value
final_pop_size,1.2386634763839267e7
fraction_subpop_on,0.040321071171095124
final_time,8.530881609743139
