parameter,value
final_pop_size,7.046187581874423e6
fraction_subpop_on,0.04901811319925285
final_time,10.667863319542697
