parameter,value
final_pop_size,1.5224691141370906e7
fraction_subpop_on,0.037311974843813885
final_time,7.838777238720608
