parameter,value
final_pop_size,7.435505127287533e6
fraction_subpop_on,0.04807698215624376
