parameter,value
final_pop_size,7.920092806151401e6
fraction_subpop_on,0.047168293903375146
final_time,10.194240192244857
