parameter,value
final_pop_size,7.4775484678187e6
fraction_subpop_on,0.048075415580080105
final_time,10.42508843481802
