parameter,value
final_pop_size,1.3433547777562974e7
fraction_subpop_on,0.03906291138313476
