parameter,value
final_pop_size,9.265897863557428e6
fraction_subpop_on,0.04464303763992826
