parameter,value
final_pop_size,1.1848731612322923e7
fraction_subpop_on,0.04098208972027741
final_time,8.685858620528448
