parameter,value
final_pop_size,1.1793996115728691e7
fraction_subpop_on,0.04098393492927403
