parameter,value
final_pop_size,8.373697802696227e6
fraction_subpop_on,0.04629477165635769
final_time,9.974425559881315
