parameter,value
final_pop_size,1.2934578756389689e7
fraction_subpop_on,0.03968103869839662
final_time,8.381864278308882
