parameter,value
final_pop_size,5.8204657967138e6
fraction_subpop_on,0.052081897331269396
final_time,11.478296924144853
