parameter,value
final_pop_size,1.4060171797696209e7
fraction_subpop_on,0.03846005737265988
final_time,8.100333840866561
