parameter,value
final_pop_size,9.799679163656004e6
fraction_subpop_on,0.04385811683431638
final_time,9.373521738543252
