parameter,value
final_pop_size,1.582129858000075e7
fraction_subpop_on,0.03676326041293863
final_time,7.714811755542912
