parameter,value
final_pop_size,2.4623542200506233e7
fraction_subpop_on,0.008771922526064783
final_time,12.381051665071974
