parameter,value
final_pop_size,2.716777219560117e7
fraction_subpop_on,0.008474567679164158
final_time,11.78909094037756
