parameter,value
final_pop_size,4.371774432996665e7
fraction_subpop_on,0.007042237363450656
final_time,9.20423857523515
