parameter,value
final_pop_size,1.745567026404932e7
fraction_subpop_on,0.009803917807751139
final_time,14.617612613151866
