parameter,value
final_pop_size,2.5886799711233743e7
fraction_subpop_on,0.008620681713514577
final_time,12.077300471353212
