parameter,value
final_pop_size,2.846582742852191e7
fraction_subpop_on,0.008333324086452066
final_time,11.515226486812077
