parameter,value
final_pop_size,2.9780362964300152e7
fraction_subpop_on,0.008196711407767183
final_time,11.2546322707166
