parameter,value
final_pop_size,4.082620089681948e7
fraction_subpop_on,0.007246361823552187
final_time,9.548530455059295
