parameter,value
final_pop_size,2.091831131292943e7
fraction_subpop_on,0.009259259691884666
