parameter,value
final_pop_size,4.51807955653881e7
fraction_subpop_on,0.0069444277226919215
final_time,9.041799627087284
