parameter,value
final_pop_size,3.111080440073845e7
fraction_subpop_on,0.008064505568866766
final_time,11.006339936490733
