parameter,value
final_pop_size,4.22259859222567e7
fraction_subpop_on,0.007142863348781046
