parameter,value
final_pop_size,3.658103517883123e7
fraction_subpop_on,0.00757574443355967
final_time,10.119871038822568
