parameter,value
final_pop_size,4.665489209640745e7
fraction_subpop_on,0.0068492977972974285
final_time,8.885342225237798
