parameter,value
final_pop_size,3.1076070346367195e7
fraction_subpop_on,0.00806451865082745
