parameter,value
final_pop_size,3.515537331556828e7
fraction_subpop_on,0.007692311426938361
