parameter,value
final_pop_size,2.585504338723762e7
fraction_subpop_on,0.00862069091879325
