parameter,value
final_pop_size,1.6337052047931124e7
fraction_subpop_on,0.009999996745145921
final_time,15.078684721131522
