parameter,value
final_pop_size,2.094686866001731e7
fraction_subpop_on,0.009259253817509128
final_time,13.399749064408605
