parameter,value
final_pop_size,3.381723800059009e7
fraction_subpop_on,0.007812488136424355
final_time,10.543243757122958
