parameter,value
final_pop_size,1.9761457294057395e7
fraction_subpop_on,0.009433957406588013
final_time,13.780772520430872
