parameter,value
final_pop_size,1.973373669722347e7
fraction_subpop_on,0.009433962553728924
