parameter,value
final_pop_size,3.935962968445811e7
fraction_subpop_on,0.0073529463322526255
