parameter,value
final_pop_size,2.215286123931786e7
fraction_subpop_on,0.009090903045459032
final_time,13.040685376719322
