parameter,value
final_pop_size,2.843255586475521e7
fraction_subpop_on,0.008333335172996616
