parameter,value
final_pop_size,4.963488412253557e7
fraction_subpop_on,0.006666648342265354
final_time,8.58906576942609
