parameter,value
final_pop_size,3.519220757985571e7
fraction_subpop_on,0.007692295185505167
final_time,10.326927639269009
