parameter,value
final_pop_size,3.9398458939973526e7
fraction_subpop_on,0.00735292679247821
final_time,9.731196230025077
