parameter,value
final_pop_size,4.226609039369734e7
fraction_subpop_on,0.007142841563314983
final_time,9.373018911488376
