parameter,value
final_pop_size,4.809716364738943e7
fraction_subpop_on,0.006756765270649117
