parameter,value
final_pop_size,4.959176852422945e7
fraction_subpop_on,0.0066666757944093364
