parameter,value
final_pop_size,1.742966984744457e7
fraction_subpop_on,0.009803921643327669
