parameter,value
final_pop_size,2.3378663534514546e7
fraction_subpop_on,0.008928564763154102
final_time,12.701680843236337
