parameter,value
final_pop_size,1.8597439309302114e7
fraction_subpop_on,0.00961538031920586
final_time,14.185909771911142
