parameter,value
final_pop_size,4.813969628300698e7
fraction_subpop_on,0.0067567389512206
final_time,8.73453364972
