parameter,value
final_pop_size,3.245660376342235e7
fraction_subpop_on,0.007936496722401244
final_time,10.76947460785984
