parameter,value
final_pop_size,3.798326446239344e7
fraction_subpop_on,0.0074626727988189165
final_time,9.921476122848587
