parameter,value
final_pop_size,3.383638834893504e7
fraction_subpop_on,0.009433970972959683
