parameter,value
final_pop_size,1.6358540803511556e7
fraction_subpop_on,0.012820487651505466
