parameter,value
final_pop_size,3.941597541278474e7
fraction_subpop_on,0.008771950191080274
