parameter,value
final_pop_size,2.3400008962530073e7
fraction_subpop_on,0.011111097614027532
