parameter,value
final_pop_size,3.113065943054991e7
fraction_subpop_on,0.009803924448381919
