parameter,value
final_pop_size,1.9783081843176283e7
fraction_subpop_on,0.011904741681124986
