parameter,value
final_pop_size,3.8001213713305004e7
fraction_subpop_on,0.008928588901462333
