parameter,value
final_pop_size,3.521097519351549e7
fraction_subpop_on,0.009259270895765372
