parameter,value
final_pop_size,4.519645265686657e7
fraction_subpop_on,0.008196752953118449
