parameter,value
final_pop_size,3.2476117146565072e7
fraction_subpop_on,0.009615390401880457
