parameter,value
final_pop_size,2.7188505142398026e7
fraction_subpop_on,0.01041666104047764
