parameter,value
final_pop_size,2.4644716887329105e7
fraction_subpop_on,0.010869554244650453
