parameter,value
final_pop_size,2.8486294237821814e7
fraction_subpop_on,0.010204078792622329
