parameter,value
final_pop_size,2.0968441948105138e7
fraction_subpop_on,0.01162788883128453
