parameter,value
final_pop_size,4.667005769856937e7
fraction_subpop_on,0.008064550492773869
