parameter,value
final_pop_size,1.1356222293236442e7
fraction_subpop_on,0.04463955588294969
final_time,8.847176478546379
