parameter,value
final_pop_size,1.0838332048753103e7
fraction_subpop_on,0.045451185462206944
final_time,9.015250395415638
