parameter,value
final_pop_size,6.247358031581828e6
fraction_subpop_on,0.05555168387318984
final_time,11.193288650877863
