parameter,value
final_pop_size,6.617219790686485e6
fraction_subpop_on,0.05434752414998819
