parameter,value
final_pop_size,5.055760526041489e6
fraction_subpop_on,0.059523188662426764
