parameter,value
final_pop_size,8.824903998812526e6
fraction_subpop_on,0.04901967866176326
