parameter,value
final_pop_size,5.089428133784013e6
fraction_subpop_on,0.05951985914300137
final_time,12.09994296731757
