parameter,value
final_pop_size,1.2970894891280757e7
fraction_subpop_on,0.04236975626410002
final_time,8.381864278308882
