parameter,value
final_pop_size,1.403669687922305e7
fraction_subpop_on,0.04098426168605929
