parameter,value
final_pop_size,1.579455444755025e7
fraction_subpop_on,0.039063287458240725
