parameter,value
final_pop_size,6.656583425055165e6
fraction_subpop_on,0.054343992554542725
final_time,10.923559551047438
