parameter,value
final_pop_size,1.3470054746459883e7
fraction_subpop_on,0.041667273508332735
