parameter,value
final_pop_size,9.347187950021077e6
fraction_subpop_on,0.04807338996333884
final_time,9.564758299415047
