parameter,value
final_pop_size,1.4674867537917066e7
fraction_subpop_on,0.04031962846326027
final_time,7.9671994824279135
