parameter,value
final_pop_size,1.1884350750336945e7
fraction_subpop_on,0.04385640671257961
final_time,8.685858620528448
