parameter,value
final_pop_size,1.2422610167739553e7
fraction_subpop_on,0.04310026464275957
final_time,8.530881609743139
