parameter,value
final_pop_size,1.1302741660255576e7
fraction_subpop_on,0.044643248652824645
