parameter,value
final_pop_size,5.849669648204176e6
fraction_subpop_on,0.056814277304876086
final_time,11.478296924144853
