parameter,value
final_pop_size,1.5262227604876436e7
fraction_subpop_on,0.039679643893117095
final_time,7.838777238720608
