parameter,value
final_pop_size,7.466929981014111e6
fraction_subpop_on,0.05208318573264854
