parameter,value
final_pop_size,4.038935146826203e6
fraction_subpop_on,0.06409861195975979
final_time,13.188680228861386
