parameter,value
final_pop_size,1.0330788907710044e7
fraction_subpop_on,0.04629287790860308
final_time,9.190533576232633
