parameter,value
final_pop_size,9.8337034420609e6
fraction_subpop_on,0.047166335128582364
final_time,9.373521738543252
