parameter,value
final_pop_size,7.077217681417973e6
fraction_subpop_on,0.05318769847130398
final_time,10.667863319542697
