parameter,value
final_pop_size,4.376931984207981e6
fraction_subpop_on,0.06249603772850022
final_time,12.802093425509584
