parameter,value
final_pop_size,1.5199045562633326e7
fraction_subpop_on,0.03968328506295664
