parameter,value
final_pop_size,1.5859107400837986e7
fraction_subpop_on,0.03905965985020865
final_time,7.714811755542912
