parameter,value
final_pop_size,8.871356503984032e6
fraction_subpop_on,0.04901601902672883
final_time,9.764840349729969
