parameter,value
final_pop_size,5.463648729829748e6
fraction_subpop_on,0.05813560378944979
final_time,11.779986887275726
