parameter,value
final_pop_size,1.1829473616945833e7
fraction_subpop_on,0.04386009786919264
