parameter,value
final_pop_size,8.406325001539655e6
fraction_subpop_on,0.04999635708369788
final_time,9.974425559881315
