parameter,value
final_pop_size,9.784431141568873e6
fraction_subpop_on,0.04717001725547597
