parameter,value
final_pop_size,7.952211219957795e6
fraction_subpop_on,0.051016713189253465
final_time,10.194240192244857
