parameter,value
final_pop_size,4.727143223749943e6
fraction_subpop_on,0.06097164855025668
final_time,12.439962509035627
