parameter,value
final_pop_size,1.352910082664578e7
fraction_subpop_on,0.04166359974032497
final_time,8.23845603914904
