parameter,value
final_pop_size,7.509134874554092e6
fraction_subpop_on,0.052079588844672384
final_time,10.42508843481802
