parameter,value
final_pop_size,1.409712540293247e7
fraction_subpop_on,0.04098059730141425
final_time,8.100333840866561
