parameter,value
final_pop_size,1.1276417166149218e7
fraction_subpop_on,0.03787830711629873
final_time,8.847176478546379
