parameter,value
final_pop_size,1.0707803496839715e7
fraction_subpop_on,0.03846167667003868
