parameter,value
final_pop_size,1.577250254948465e7
fraction_subpop_on,0.033783255864411485
final_time,7.714811755542912
