parameter,value
final_pop_size,4.319357900742197e6
fraction_subpop_on,0.049999751795804584
final_time,12.802093425509584
