parameter,value
final_pop_size,5.749021013767013e6
fraction_subpop_on,0.04629632136862684
