parameter,value
final_pop_size,6.967759716946008e6
fraction_subpop_on,0.04385969990485823
