parameter,value
final_pop_size,6.181271552263697e6
fraction_subpop_on,0.045454204158372716
final_time,11.193288650877863
