parameter,value
final_pop_size,7.438692628071476e6
fraction_subpop_on,0.043103059421138665
final_time,10.42508843481802
