parameter,value
final_pop_size,5.785154235285706e6
fraction_subpop_on,0.046295972367155346
final_time,11.478296924144853
