parameter,value
final_pop_size,1.0253052063113486e7
fraction_subpop_on,0.03906203758083683
final_time,9.190533576232633
