parameter,value
final_pop_size,9.271691372254683e6
fraction_subpop_on,0.0403221395757781
final_time,9.564758299415047
