parameter,value
final_pop_size,9.757064372649241e6
fraction_subpop_on,0.039682087552585274
final_time,9.373521738543252
