parameter,value
final_pop_size,1.2340895656575944e7
fraction_subpop_on,0.03676420960402838
final_time,8.530881609743139
