parameter,value
final_pop_size,5.0282473029413065e6
fraction_subpop_on,0.04807663589997625
final_time,12.09994296731757
