parameter,value
final_pop_size,1.0202722116162244e7
fraction_subpop_on,0.03906262631123564
