parameter,value
final_pop_size,6.588986949706892e6
fraction_subpop_on,0.04464249921677298
final_time,10.923559551047438
