parameter,value
final_pop_size,1.2888281472943427e7
fraction_subpop_on,0.03623138101955595
final_time,8.381864278308882
