parameter,value
final_pop_size,1.4589763769322762e7
fraction_subpop_on,0.03472170257802508
final_time,7.9671994824279135
