parameter,value
final_pop_size,1.1803571845273493e7
fraction_subpop_on,0.03731294397421193
final_time,8.685858620528448
