parameter,value
final_pop_size,7.880428840470918e6
fraction_subpop_on,0.042372478237126046
final_time,10.194240192244857
