parameter,value
final_pop_size,7.008170019869814e6
fraction_subpop_on,0.043859275336557965
final_time,10.667863319542697
