parameter,value
final_pop_size,1.452827088435587e7
fraction_subpop_on,0.03472244620294369
