parameter,value
final_pop_size,7.396859058794816e6
fraction_subpop_on,0.043103508705557604
