parameter,value
final_pop_size,1.4012818679809118e7
fraction_subpop_on,0.03521075291102534
final_time,8.100333840866561
