parameter,value
final_pop_size,4.635878405990809e6
fraction_subpop_on,0.04901961300858296
