parameter,value
final_pop_size,6.550001324471678e6
fraction_subpop_on,0.04464289878428258
