parameter,value
final_pop_size,8.797048941598807e6
fraction_subpop_on,0.04098317733599278
final_time,9.764840349729969
