parameter,value
final_pop_size,4.667730580435041e6
fraction_subpop_on,0.04901933991849662
final_time,12.439962509035627
