parameter,value
final_pop_size,1.3952708735595526e7
fraction_subpop_on,0.035211479275352085
