parameter,value
final_pop_size,3.9832722789295847e6
fraction_subpop_on,0.05102018003776608
final_time,13.188680228861386
