parameter,value
final_pop_size,1.5176358189588698e7
fraction_subpop_on,0.034246051298789555
final_time,7.838777238720608
