parameter,value
final_pop_size,1.338690055072497e7
fraction_subpop_on,0.03571448504800867
