parameter,value
final_pop_size,8.333254855915958e6
fraction_subpop_on,0.041666250092951565
final_time,9.974425559881315
