parameter,value
final_pop_size,1.0759540407899879e7
fraction_subpop_on,0.03846106650538676
final_time,9.015250395415638
