parameter,value
final_pop_size,1.570825543467858e7
fraction_subpop_on,0.033784032223988306
