parameter,value
final_pop_size,1.3445623788460748e7
fraction_subpop_on,0.03571377654601241
final_time,8.23845603914904
