parameter,value
final_pop_size,5.400767756140022e6
fraction_subpop_on,0.047169505450917505
final_time,11.779986887275726
