parameter,value
final_pop_size,3.954270939159091e6
fraction_subpop_on,0.051020403777946595
