parameter,value
final_pop_size,1.174903030805192e7
fraction_subpop_on,0.037313595266318944
