parameter,value
final_pop_size,1.5113486219878752e7
fraction_subpop_on,0.03424681158682546
