parameter,value
final_pop_size,8.750956607690558e6
fraction_subpop_on,0.04098369849137912
