parameter,value
final_pop_size,3.667059639207488e7
fraction_subpop_on,0.009999558855082635
final_time,10.119871038822568
