parameter,value
final_pop_size,4.818759556742618e7
fraction_subpop_on,0.008620748972728902
