parameter,value
final_pop_size,3.9449543640741035e7
fraction_subpop_on,0.00961540149778416
