parameter,value
final_pop_size,4.527123067579748e7
fraction_subpop_on,0.008928184050517214
final_time,9.041799627087284
