parameter,value
final_pop_size,1.6415069923565257e7
fraction_subpop_on,0.014705288741547837
final_time,15.078684721131522
