parameter,value
final_pop_size,4.67453682148113e7
fraction_subpop_on,0.008771550716826058
final_time,8.885342225237798
