parameter,value
final_pop_size,4.8230188513992555e7
fraction_subpop_on,0.008620318617255176
final_time,8.73453364972
