parameter,value
final_pop_size,4.376731942707182e7
fraction_subpop_on,0.009090948641325442
