parameter,value
final_pop_size,2.8553064808677662e7
fraction_subpop_on,0.01136313554011328
final_time,11.515226486812077
