parameter,value
final_pop_size,2.983401871690486e7
fraction_subpop_on,0.011111062104290399
