parameter,value
final_pop_size,2.7254435179636873e7
fraction_subpop_on,0.011627395912288471
final_time,11.78909094037756
