parameter,value
final_pop_size,4.9725369179673575e7
fraction_subpop_on,0.008474213103766878
final_time,8.58906576942609
