parameter,value
final_pop_size,1.867802405090943e7
fraction_subpop_on,0.013888310284993679
final_time,14.185909771911142
