parameter,value
final_pop_size,2.346320295480794e7
fraction_subpop_on,0.012499458505395578
final_time,12.701680843236337
