parameter,value
final_pop_size,2.102960988491204e7
fraction_subpop_on,0.013157333874194878
final_time,13.399749064408605
