parameter,value
final_pop_size,1.9843168158155844e7
fraction_subpop_on,0.01351294351615332
final_time,13.780772520430872
