parameter,value
final_pop_size,2.223654335519468e7
fraction_subpop_on,0.012819961494436686
final_time,13.040685376719322
