parameter,value
final_pop_size,4.380811181797579e7
fraction_subpop_on,0.009090513241705364
final_time,9.20423857523515
