parameter,value
final_pop_size,1.7535026399760775e7
fraction_subpop_on,0.014285127752235142
final_time,14.617612613151866
