parameter,value
final_pop_size,3.1199015892954525e7
fraction_subpop_on,0.010869084740404539
final_time,11.006339936490733
