parameter,value
final_pop_size,3.3906215358592376e7
fraction_subpop_on,0.010416206142542272
final_time,10.543243757122958
