parameter,value
final_pop_size,2.467778605289693e7
fraction_subpop_on,0.012195026408512666
