parameter,value
final_pop_size,2.9868115216554787e7
fraction_subpop_on,0.011110620495652363
final_time,11.2546322707166
