parameter,value
final_pop_size,4.2356361807755165e7
fraction_subpop_on,0.00925885473876933
final_time,9.373018911488376
