parameter,value
final_pop_size,3.807305661232775e7
fraction_subpop_on,0.009803489860262509
final_time,9.921476122848587
