parameter,value
final_pop_size,4.091634582129728e7
fraction_subpop_on,0.009433548874158763
final_time,9.548530455059295
