parameter,value
final_pop_size,3.948844485876755e7
fraction_subpop_on,0.009614962161058737
final_time,9.731196230025077
