parameter,value
final_pop_size,2.343291812080746e7
fraction_subpop_on,0.012499891841003218
