parameter,value
final_pop_size,3.386998860141078e7
fraction_subpop_on,0.010416648264673152
