parameter,value
final_pop_size,3.52814981145161e7
fraction_subpop_on,0.010203630878307208
final_time,10.326927639269009
