parameter,value
final_pop_size,3.2509693487867657e7
fraction_subpop_on,0.01063826967587615
