parameter,value
final_pop_size,3.2545222494734462e7
fraction_subpop_on,0.010637827434020475
final_time,10.76947460785984
