parameter,value
final_pop_size,2.4708860835434873e7
fraction_subpop_on,0.012194590492680945
final_time,12.381051665071974
