parameter,value
final_pop_size,2.5972824603768766e7
fraction_subpop_on,0.011904240610865445
final_time,12.077300471353212
