parameter,value
final_pop_size,1.4741144355716031e7
fraction_subpop_on,0.04463439260875352
final_time,7.9671994824279135
