parameter,value
final_pop_size,8.467003961234245e6
fraction_subpop_on,0.05680457791625676
final_time,9.974425559881315
