parameter,value
final_pop_size,1.2487426645828074e7
fraction_subpop_on,0.0480670902737565
final_time,8.530881609743139
