parameter,value
final_pop_size,7.5684531041025715e6
fraction_subpop_on,0.05950897497803178
final_time,10.42508843481802
