parameter,value
final_pop_size,4.397824770747163e6
fraction_subpop_on,0.07352261575026149
