parameter,value
final_pop_size,1.4163068245059017e7
fraction_subpop_on,0.04544576431001836
final_time,8.100333840866561
