parameter,value
final_pop_size,8.932660368777104e6
fraction_subpop_on,0.055542517402704154
final_time,9.764840349729969
