parameter,value
final_pop_size,8.421714707520837e6
fraction_subpop_on,0.056816558469572724
