parameter,value
final_pop_size,1.303610864481171e7
fraction_subpop_on,0.04716034710607148
final_time,8.381864278308882
