parameter,value
final_pop_size,1.1420172818235464e7
fraction_subpop_on,0.04998937001772613
final_time,8.847176478546379
