parameter,value
final_pop_size,4.089785408428571e6
fraction_subpop_on,0.07573512235411609
final_time,13.188680228861386
