parameter,value
final_pop_size,9.896156266392514e6
fraction_subpop_on,0.053179493357656385
final_time,9.373521738543252
