parameter,value
final_pop_size,4.780271900209822e6
fraction_subpop_on,0.07140815394415222
final_time,12.439962509035627
