parameter,value
final_pop_size,1.2978245497238887e7
fraction_subpop_on,0.04717037669906629
