parameter,value
final_pop_size,1.0901811283180434e7
fraction_subpop_on,0.05100934698201436
final_time,9.015250395415638
