parameter,value
final_pop_size,1.0393769420687057e7
fraction_subpop_on,0.05207181732394157
final_time,9.190533576232633
