parameter,value
final_pop_size,1.5265452261877207e7
fraction_subpop_on,0.04386078745028876
