parameter,value
final_pop_size,1.3535445094814098e7
fraction_subpop_on,0.04629702231862806
