parameter,value
final_pop_size,5.1436003624568945e6
fraction_subpop_on,0.06942496483991312
final_time,12.09994296731757
