parameter,value
final_pop_size,1.1948746573771901e7
fraction_subpop_on,0.04900938687092973
final_time,8.685858620528448
