parameter,value
final_pop_size,7.135795619280753e6
fraction_subpop_on,0.0609601060801774
final_time,10.667863319542697
