parameter,value
final_pop_size,5.483420455474281e6
fraction_subpop_on,0.06756276776814879
