parameter,value
final_pop_size,1.5925995964712007e7
fraction_subpop_on,0.04309557191898311
final_time,7.714811755542912
