parameter,value
final_pop_size,5.109633536240868e6
fraction_subpop_on,0.06943903027613743
