parameter,value
final_pop_size,1.084950732439808e7
fraction_subpop_on,0.051020188009397255
