parameter,value
final_pop_size,1.3594689663273426e7
fraction_subpop_on,0.046287182267608785
final_time,8.23845603914904
