parameter,value
final_pop_size,6.266101868422425e6
fraction_subpop_on,0.06409885728414193
