parameter,value
final_pop_size,4.428954695523036e6
fraction_subpop_on,0.07350800360732715
final_time,12.802093425509584
