parameter,value
final_pop_size,5.51880589424204e6
fraction_subpop_on,0.0675489751511915
final_time,11.779986887275726
