parameter,value
final_pop_size,6.304323123656077e6
fraction_subpop_on,0.06408560325394844
final_time,11.193288650877863
