parameter,value
final_pop_size,1.586126223446497e7
fraction_subpop_on,0.043104703614861635
