parameter,value
final_pop_size,1.410244581772693e7
fraction_subpop_on,0.04545541992468173
