parameter,value
final_pop_size,5.905756669028281e6
fraction_subpop_on,0.06577172005683148
final_time,11.478296924144853
