parameter,value
final_pop_size,1.5328819354046568e7
fraction_subpop_on,0.04385148588562904
final_time,7.838777238720608
