parameter,value
final_pop_size,8.012229019756834e6
fraction_subpop_on,0.05812533287298919
final_time,10.194240192244857
