parameter,value
final_pop_size,6.714377870647011e6
fraction_subpop_on,0.0624837883366415
final_time,10.923559551047438
