parameter,value
final_pop_size,5.868952980848329e6
fraction_subpop_on,0.06578524189059952
