parameter,value
final_pop_size,1.5277967371552326e7
fraction_subpop_on,0.04464401906865324
