parameter,value
final_pop_size,1.1378693192166923e7
fraction_subpop_on,0.05102015042539524
