parameter,value
final_pop_size,4.070485326786631e6
fraction_subpop_on,0.07811424487847166
