parameter,value
final_pop_size,1.0861669528255194e7
fraction_subpop_on,0.052082794996259806
