parameter,value
final_pop_size,6.686160050143985e6
fraction_subpop_on,0.06409804261691046
