parameter,value
final_pop_size,1.4114892284632778e7
fraction_subpop_on,0.04629713428469838
