parameter,value
final_pop_size,5.494468792606457e6
fraction_subpop_on,0.06943772261549522
