parameter,value
final_pop_size,4.758476722031906e6
fraction_subpop_on,0.07352085591546727
