parameter,value
final_pop_size,6.277406592635981e6
fraction_subpop_on,0.06578428328824455
