parameter,value
final_pop_size,4.408413570111081e6
fraction_subpop_on,0.07574797028676448
