parameter,value
final_pop_size,1.2990611290231906e7
fraction_subpop_on,0.048077377425676804
