parameter,value
final_pop_size,5.120539453975834e6
fraction_subpop_on,0.07142097406827033
