parameter,value
final_pop_size,3.39138067174399e7
fraction_subpop_on,0.010637717273729981
final_time,10.543243757122958
