parameter,value
final_pop_size,2.987574020115589e7
fraction_subpop_on,0.011363008093085852
final_time,11.2546322707166
