parameter,value
final_pop_size,3.667815326492836e7
fraction_subpop_on,0.010203530614636169
final_time,10.119871038822568
