parameter,value
final_pop_size,2.1037186757476915e7
fraction_subpop_on,0.013512760728983773
final_time,13.399749064408605
