parameter,value
final_pop_size,2.2244141466006506e7
fraction_subpop_on,0.013157160542341029
final_time,13.040685376719322
