parameter,value
final_pop_size,3.251729389890162e7
fraction_subpop_on,0.010869517572306751
