parameter,value
final_pop_size,2.5948598197234757e7
fraction_subpop_on,0.012194999719261277
