parameter,value
final_pop_size,4.2363828105538554e7
fraction_subpop_on,0.009433465220106097
final_time,9.373018911488376
