parameter,value
final_pop_size,3.1206632408779684e7
fraction_subpop_on,0.011110499167009345
final_time,11.006339936490733
