parameter,value
final_pop_size,3.2552827714731034e7
fraction_subpop_on,0.010868969165994965
final_time,10.76947460785984
