parameter,value
final_pop_size,3.5289073285238154e7
fraction_subpop_on,0.010416101078801336
final_time,10.326927639269009
