parameter,value
final_pop_size,3.6640562453631155e7
fraction_subpop_on,0.01020407062063402
