parameter,value
final_pop_size,2.5980455008385018e7
fraction_subpop_on,0.012194442242873397
final_time,12.077300471353212
