parameter,value
final_pop_size,4.092383703898093e7
fraction_subpop_on,0.00961487470898789
final_time,9.548530455059295
