parameter,value
final_pop_size,2.471648521929552e7
fraction_subpop_on,0.01249930241085563
final_time,12.381051665071974
