parameter,value
final_pop_size,4.819494813669387e7
fraction_subpop_on,0.008771992721203322
