parameter,value
final_pop_size,2.3440525043154564e7
fraction_subpop_on,0.01282035550923134
