parameter,value
final_pop_size,2.7262067441129252e7
fraction_subpop_on,0.011904099730976838
final_time,11.78909094037756
