parameter,value
final_pop_size,4.5278643432013676e7
fraction_subpop_on,0.009090436565334814
final_time,9.041799627087284
