parameter,value
final_pop_size,1.985071764565553e7
fraction_subpop_on,0.013888117443588645
final_time,13.780772520430872
