parameter,value
final_pop_size,1.7542500067081533e7
fraction_subpop_on,0.014705073883067998
final_time,14.617612613151866
