parameter,value
final_pop_size,2.10085180208866e7
fraction_subpop_on,0.013513317999728802
