parameter,value
final_pop_size,4.97326941133897e7
fraction_subpop_on,0.008620251053174722
final_time,8.58906576942609
