parameter,value
final_pop_size,2.8560695147328325e7
fraction_subpop_on,0.01162726195718559
final_time,11.515226486812077
