parameter,value
final_pop_size,4.968951767730082e7
fraction_subpop_on,0.008620759788326162
