parameter,value
final_pop_size,4.381555191975655e7
fraction_subpop_on,0.009258774672041678
final_time,9.20423857523515
