parameter,value
final_pop_size,2.3470816730140753e7
fraction_subpop_on,0.012819797049657553
final_time,12.701680843236337
