parameter,value
final_pop_size,3.808059327572574e7
fraction_subpop_on,0.00999946311469026
final_time,9.921476122848587
