parameter,value
final_pop_size,2.2214653858932883e7
fraction_subpop_on,0.01315771871316568
