parameter,value
final_pop_size,4.823754358435473e7
fraction_subpop_on,0.008771480280357966
final_time,8.73453364972
