parameter,value
final_pop_size,1.642249366909559e7
fraction_subpop_on,0.01515068865194823
final_time,15.078684721131522
