parameter,value
final_pop_size,3.949595958202034e7
fraction_subpop_on,0.009803398384708742
final_time,9.731196230025077
