parameter,value
final_pop_size,4.6710747488722965e7
fraction_subpop_on,0.008928626694853555
