parameter,value
final_pop_size,1.8685539371476658e7
fraction_subpop_on,0.014284924228855252
final_time,14.185909771911142
