parameter,value
final_pop_size,2.8527328393966094e7
fraction_subpop_on,0.01162781675437228
