parameter,value
final_pop_size,2.984163836106215e7
fraction_subpop_on,0.011363561036375728
