parameter,value
final_pop_size,3.5252156401299745e7
fraction_subpop_on,0.010416644060717808
