parameter,value
final_pop_size,4.67527525918108e7
fraction_subpop_on,0.008928110580285689
final_time,8.885342225237798
