parameter,value
final_pop_size,9.242499504317161e7
fraction_subpop_on,0.031624764940811075
