parameter,value
final_pop_size,6.588748985492411e7
fraction_subpop_on,0.03162556578418851
