parameter,value
final_pop_size,7.086078721703005e7
fraction_subpop_on,0.031625370028051186
