parameter,value
final_pop_size,9.605908275097737e7
fraction_subpop_on,0.03162468971836906
