parameter,value
final_pop_size,7.940231484623298e7
fraction_subpop_on,0.03162509104597095
