parameter,value
final_pop_size,5.492364556982147e7
fraction_subpop_on,0.03162612256009708
