parameter,value
final_pop_size,1.083892402889096e7
fraction_subpop_on,0.031639731442726436
