parameter,value
final_pop_size,7.538005099505697e7
fraction_subpop_on,0.03162521454423699
