parameter,value
final_pop_size,9.388958331721441e7
fraction_subpop_on,0.03162473392461025
