parameter,value
final_pop_size,1.3278116995192638e7
fraction_subpop_on,0.03163661683475672
