parameter,value
final_pop_size,8.849900415705264e7
fraction_subpop_on,0.03162485314746793
