parameter,value
final_pop_size,1.953868494146174e7
fraction_subpop_on,0.03163218215965936
