parameter,value
final_pop_size,8.291659210408056e7
fraction_subpop_on,0.031624992952227385
