parameter,value
final_pop_size,9.684597690855221e7
fraction_subpop_on,0.03162467417388916
