parameter,value
final_pop_size,8.593773363546461e7
fraction_subpop_on,0.031624915036410996
