parameter,value
final_pop_size,6.053809551450596e7
fraction_subpop_on,0.031625812247790944
