parameter,value
final_pop_size,9.508643289149301e7
fraction_subpop_on,0.03162470928785567
