parameter,value
final_pop_size,3.798381374588712e7
fraction_subpop_on,0.008474589985574746
