parameter,value
final_pop_size,4.8136856800063856e7
fraction_subpop_on,0.007575783336633509
