parameter,value
final_pop_size,1.86034100087617e7
fraction_subpop_on,0.011363630502044711
