parameter,value
final_pop_size,3.111354535523174e7
fraction_subpop_on,0.009259264878947838
