parameter,value
final_pop_size,4.082581098903631e7
fraction_subpop_on,0.008196738437210907
