parameter,value
final_pop_size,4.226522082673411e7
fraction_subpop_on,0.008064534977468747
