parameter,value
final_pop_size,4.51789500552106e7
fraction_subpop_on,0.007812522307365396
