parameter,value
final_pop_size,2.0952366256779272e7
fraction_subpop_on,0.010869560880182573
