parameter,value
final_pop_size,1.7461835213106234e7
fraction_subpop_on,0.011627900540642158
