parameter,value
final_pop_size,2.3383588166958958e7
fraction_subpop_on,0.010416664304961132
