parameter,value
final_pop_size,1.976720487187232e7
fraction_subpop_on,0.011111105951460714
