parameter,value
final_pop_size,4.7477237038103705e6
fraction_subpop_on,0.07142249304944416
