parameter,value
final_pop_size,7.094742435525247e6
fraction_subpop_on,0.060972836252317836
