parameter,value
final_pop_size,1.4679147724836431e7
fraction_subpop_on,0.0446438687700926
