parameter,value
final_pop_size,1.0342863037315316e7
fraction_subpop_on,0.05208287498254684
