parameter,value
final_pop_size,8.885963136394233e6
fraction_subpop_on,0.05555425880651593
