parameter,value
final_pop_size,7.525986085331328e6
fraction_subpop_on,0.05952145011856428
