parameter,value
final_pop_size,6.674740025820592e6
fraction_subpop_on,0.06249677828657257
