parameter,value
final_pop_size,4.0600729886436285e6
fraction_subpop_on,0.07575000506347544
