parameter,value
final_pop_size,1.2430948381030696e7
fraction_subpop_on,0.048077314631391255
