parameter,value
final_pop_size,9.846650299442155e6
fraction_subpop_on,0.05319077328112023
