parameter,value
final_pop_size,9.36097961476143e6
fraction_subpop_on,0.054346831125696715
