parameter,value
final_pop_size,1.189365654622916e7
fraction_subpop_on,0.04901981132526053
