parameter,value
final_pop_size,6.302029878335911e6
fraction_subpop_on,0.06943445013004836
