parameter,value
final_pop_size,9.398641615459042e6
fraction_subpop_on,0.05813622876027201
