parameter,value
final_pop_size,1.1932085861341042e7
fraction_subpop_on,0.05208260501954194
