parameter,value
final_pop_size,8.005381030303196e6
fraction_subpop_on,0.06249440579438026
