parameter,value
final_pop_size,1.2469496228193775e7
fraction_subpop_on,0.05102006143648605
