parameter,value
final_pop_size,5.144482956453866e6
fraction_subpop_on,0.07574277557809025
