parameter,value
final_pop_size,4.782154964439906e6
fraction_subpop_on,0.07810820156250654
