parameter,value
final_pop_size,7.131264045279908e6
fraction_subpop_on,0.06578191125019542
