parameter,value
final_pop_size,4.093564538575823e6
fraction_subpop_on,0.08331176806086937
