parameter,value
final_pop_size,1.0887666904517183e7
fraction_subpop_on,0.0543462147408031
