parameter,value
final_pop_size,1.1404774391569605e7
fraction_subpop_on,0.05319034089441294
