parameter,value
final_pop_size,1.0380869968724642e7
fraction_subpop_on,0.0555534339299959
