parameter,value
final_pop_size,1.4718075308262989e7
fraction_subpop_on,0.047170673717180124
