parameter,value
final_pop_size,5.518657173023195e6
fraction_subpop_on,0.07351639495572898
