parameter,value
final_pop_size,1.3574200557532208e7
fraction_subpop_on,0.04901992301830659
