parameter,value
final_pop_size,1.4753653974642389e7
fraction_subpop_on,0.045444446830192664
final_time,7.9671994824279135
