parameter,value
final_pop_size,1.0914007476734422e7
fraction_subpop_on,0.05206982579420171
final_time,9.015250395415638
