parameter,value
final_pop_size,9.908228038773453e6
fraction_subpop_on,0.05433306002942298
final_time,9.373521738543252
