parameter,value
final_pop_size,1.4175542972862957e7
fraction_subpop_on,0.0462857888711323
final_time,8.100333840866561
