parameter,value
final_pop_size,8.478852002181655e6
fraction_subpop_on,0.058122565065859146
final_time,9.974425559881315
