parameter,value
final_pop_size,1.4691629932375014e7
fraction_subpop_on,0.045455552263221684
