parameter,value
final_pop_size,7.106269957672082e6
fraction_subpop_on,0.06249609057435424
