parameter,value
final_pop_size,5.52990383683353e6
fraction_subpop_on,0.06942030750135293
final_time,11.779986887275726
