parameter,value
final_pop_size,1.0405905670547523e7
fraction_subpop_on,0.05317737157735891
final_time,9.190533576232633
