parameter,value
final_pop_size,1.3547852816284701e7
fraction_subpop_on,0.04717046559212846
