parameter,value
final_pop_size,1.1905928154069006e7
fraction_subpop_on,0.05000000000000001
