parameter,value
final_pop_size,7.14736682209657e6
fraction_subpop_on,0.0624803612084154
final_time,10.667863319542697
