parameter,value
final_pop_size,1.5938567085695043e7
fraction_subpop_on,0.043850304842584856
final_time,7.714811755542912
