parameter,value
final_pop_size,1.2443268871274974e7
fraction_subpop_on,0.0490198446273047
