parameter,value
final_pop_size,5.916985759585545e6
fraction_subpop_on,0.06754467243205808
final_time,11.478296924144853
