parameter,value
final_pop_size,1.1432424696719762e7
fraction_subpop_on,0.05100747554705216
final_time,8.847176478546379
