parameter,value
final_pop_size,1.1961050133245988e7
fraction_subpop_on,0.049987609471586765
final_time,8.685858620528448
