parameter,value
final_pop_size,6.7258429836233985e6
fraction_subpop_on,0.06408191206776133
final_time,10.923559551047438
