parameter,value
final_pop_size,1.0354964225703267e7
fraction_subpop_on,0.053190645464025424
