parameter,value
final_pop_size,1.3607126523257688e7
fraction_subpop_on,0.04715887202216932
final_time,8.23845603914904
