parameter,value
final_pop_size,5.880134021295939e6
fraction_subpop_on,0.06756164578876672
