parameter,value
final_pop_size,7.580123173698787e6
fraction_subpop_on,0.06095691922182781
final_time,10.42508843481802
