parameter,value
final_pop_size,4.100254077216904e6
fraction_subpop_on,0.07809493291574152
final_time,13.188680228861386
