parameter,value
final_pop_size,8.897852634743383e6
fraction_subpop_on,0.05681624712456652
