parameter,value
final_pop_size,1.2499778118744966e7
fraction_subpop_on,0.049007728854816635
final_time,8.530881609743139
