parameter,value
final_pop_size,4.4395980696103405e6
fraction_subpop_on,0.07572915082648662
final_time,12.802093425509584
