parameter,value
final_pop_size,9.421084940733012e6
fraction_subpop_on,0.0555401002523186
final_time,9.564758299415047
