parameter,value
final_pop_size,1.534136105260733e7
fraction_subpop_on,0.044633145765884785
final_time,7.838777238720608
