parameter,value
final_pop_size,5.154557491547956e6
fraction_subpop_on,0.07140310375986648
final_time,12.09994296731757
