parameter,value
final_pop_size,4.791077786348989e6
fraction_subpop_on,0.07350251730156389
final_time,12.439962509035627
