parameter,value
final_pop_size,6.315674392652885e6
fraction_subpop_on,0.06576773811634855
final_time,11.193288650877863
