parameter,value
final_pop_size,1.5873807563109234e7
fraction_subpop_on,0.04386095355197189
