parameter,value
final_pop_size,8.944588371685702e6
fraction_subpop_on,0.056801993091393055
final_time,9.764840349729969
