parameter,value
final_pop_size,8.023991219813195e6
fraction_subpop_on,0.05950600714833116
final_time,10.194240192244857
