parameter,value
final_pop_size,7.537613835306123e6
fraction_subpop_on,0.06097226063680223
