parameter,value
final_pop_size,8.757194030300947e6
fraction_subpop_on,0.041666770025715796
