parameter,value
final_pop_size,1.3394090459464852e7
fraction_subpop_on,0.03623211070334358
