parameter,value
final_pop_size,1.1755934466106491e7
fraction_subpop_on,0.03787897261802414
