parameter,value
final_pop_size,1.1230078571073165e7
fraction_subpop_on,0.03846170928203434
