parameter,value
final_pop_size,6.149134247440251e6
fraction_subpop_on,0.04629633001234866
