parameter,value
final_pop_size,6.973471962036232e6
fraction_subpop_on,0.04464291202136472
