parameter,value
final_pop_size,1.0209309798778443e7
fraction_subpop_on,0.039682682961163514
