parameter,value
final_pop_size,1.512093398959033e7
fraction_subpop_on,0.03472249036106487
