parameter,value
final_pop_size,6.555571069858103e6
fraction_subpop_on,0.04545458944405607
