parameter,value
final_pop_size,7.843157235644768e6
fraction_subpop_on,0.043103526530305664
