parameter,value
final_pop_size,1.5715783415800974e7
fraction_subpop_on,0.03424685710348242
