parameter,value
final_pop_size,8.294692640218844e6
fraction_subpop_on,0.04237297197580694
