parameter,value
final_pop_size,1.395998756372781e7
fraction_subpop_on,0.03571452627265744
