parameter,value
final_pop_size,3.9587049420822677e6
fraction_subpop_on,0.052083321667823576
