parameter,value
final_pop_size,9.714619129441155e6
fraction_subpop_on,0.04032271038480086
