parameter,value
final_pop_size,1.2291959408852173e7
fraction_subpop_on,0.03731363154132839
