parameter,value
final_pop_size,4.999919676221155e6
fraction_subpop_on,0.04901961504880039
