parameter,value
final_pop_size,2.9895877773130342e7
fraction_subpop_on,0.013157221674324033
