parameter,value
final_pop_size,2.7284214874093354e7
fraction_subpop_on,0.013887999918984812
