parameter,value
final_pop_size,2.1064334732065722e7
fraction_subpop_on,0.01612733087559901
