parameter,value
final_pop_size,3.950920407076885e7
fraction_subpop_on,0.011110920641468599
