parameter,value
final_pop_size,1.871463278351084e7
fraction_subpop_on,0.01723918689182125
