parameter,value
final_pop_size,2.6003608751458503e7
fraction_subpop_on,0.014284698154959523
