parameter,value
final_pop_size,4.824517570317249e7
fraction_subpop_on,0.009803950215510794
