parameter,value
final_pop_size,1.7572542373361062e7
fraction_subpop_on,0.017854652827330085
