parameter,value
final_pop_size,2.2270299758206975e7
fraction_subpop_on,0.015623501696785544
