parameter,value
final_pop_size,1.6453463530895127e7
fraction_subpop_on,0.018515688030036632
