parameter,value
final_pop_size,4.093612443657231e7
fraction_subpop_on,0.010869420293793723
