parameter,value
final_pop_size,5.105569957807662e6
fraction_subpop_on,0.06249329111179355
final_time,12.09994296731757
