parameter,value
final_pop_size,8.424782595341654e6
fraction_subpop_on,0.05207769047751925
final_time,9.974425559881315
