parameter,value
final_pop_size,1.3549395787750829e7
fraction_subpop_on,0.043099043820156495
final_time,8.23845603914904
