parameter,value
final_pop_size,1.5282914341652507e7
fraction_subpop_on,0.04097951994969762
final_time,7.838777238720608
