parameter,value
final_pop_size,4.710582914016239e6
fraction_subpop_on,0.06410108450559071
