parameter,value
final_pop_size,1.0805667944251636e7
fraction_subpop_on,0.04717010794550928
