parameter,value
final_pop_size,1.0350094698269952e7
fraction_subpop_on,0.04807180558910702
final_time,9.190533576232633
