parameter,value
final_pop_size,6.226449326184154e6
fraction_subpop_on,0.05813866108751907
