parameter,value
final_pop_size,5.480134681310311e6
fraction_subpop_on,0.060969025163225866
final_time,11.779986887275726
