parameter,value
final_pop_size,1.4633557504735786e7
fraction_subpop_on,0.04166749776234705
