parameter,value
final_pop_size,9.852813036540415e6
fraction_subpop_on,0.04901436217168104
final_time,9.373521738543252
