parameter,value
final_pop_size,9.318147406807266e6
fraction_subpop_on,0.049999999999999996
