parameter,value
final_pop_size,4.392329671199125e6
fraction_subpop_on,0.06578253797884981
final_time,12.802093425509584
