parameter,value
final_pop_size,1.1904188795521537e7
fraction_subpop_on,0.045449797084020166
final_time,8.685858620528448
