parameter,value
final_pop_size,6.2644811872645365e6
fraction_subpop_on,0.05813321218621081
final_time,11.193288650877863
