parameter,value
final_pop_size,6.674001435068496e6
fraction_subpop_on,0.056811994092615906
final_time,10.923559551047438
