parameter,value
final_pop_size,1.2442608349078206e7
fraction_subpop_on,0.044638226289844686
final_time,8.530881609743139
