parameter,value
final_pop_size,1.1322337200274592e7
fraction_subpop_on,0.04629668213765382
