parameter,value
final_pop_size,7.484808024470276e6
fraction_subpop_on,0.05434735843325708
