parameter,value
final_pop_size,9.803462248816077e6
fraction_subpop_on,0.04901971169298469
