parameter,value
final_pop_size,1.5879911780041208e7
fraction_subpop_on,0.04031859425142353
final_time,7.714811755542912
