parameter,value
final_pop_size,1.411755773924225e7
fraction_subpop_on,0.042368585742862085
final_time,8.100333840866561
