parameter,value
final_pop_size,4.742922632576416e6
fraction_subpop_on,0.06409573751502348
final_time,12.439962509035627
