parameter,value
final_pop_size,7.527099173177565e6
fraction_subpop_on,0.05434191128064624
final_time,10.42508843481802
