parameter,value
final_pop_size,7.970428444376468e6
fraction_subpop_on,0.0531857109571964
final_time,10.194240192244857
