parameter,value
final_pop_size,1.1375891847273488e7
fraction_subpop_on,0.046291427589599365
final_time,8.847176478546379
