parameter,value
final_pop_size,1.4695430360379446e7
fraction_subpop_on,0.04166247699621275
final_time,7.9671994824279135
