parameter,value
final_pop_size,1.2991045252494855e7
fraction_subpop_on,0.04385513291746185
final_time,8.381864278308882
