parameter,value
final_pop_size,9.366091142358933e6
fraction_subpop_on,0.04999462386204238
final_time,9.564758299415047
