parameter,value
final_pop_size,5.071806752348375e6
fraction_subpop_on,0.062498677376407005
