parameter,value
final_pop_size,8.890042552382875e6
fraction_subpop_on,0.05101489952592596
final_time,9.764840349729969
