parameter,value
final_pop_size,4.053930733905946e6
fraction_subpop_on,0.0675605336559126
final_time,13.188680228861386
