parameter,value
final_pop_size,1.4057062229567628e7
fraction_subpop_on,0.042373648115298194
