parameter,value
final_pop_size,1.0857824333990755e7
fraction_subpop_on,0.04716481953786473
final_time,9.015250395415638
