parameter,value
final_pop_size,7.09491581641842e6
fraction_subpop_on,0.0555495040749394
final_time,10.667863319542697
