parameter,value
final_pop_size,2.095440070627405e7
fraction_subpop_on,0.009615374960427246
final_time,13.399749064408605
