parameter,value
final_pop_size,4.2234922730842516e7
fraction_subpop_on,0.007352949543086537
