parameter,value
final_pop_size,2.216053312471861e7
fraction_subpop_on,0.009433951698287613
final_time,13.040685376719322
