parameter,value
final_pop_size,1.631880386943247e7
fraction_subpop_on,0.010416666420471829
