parameter,value
final_pop_size,4.6663957080743246e7
fraction_subpop_on,0.0070422281898694485
final_time,8.885342225237798
