parameter,value
final_pop_size,1.9768840536660302e7
fraction_subpop_on,0.009803912811565188
final_time,13.780772520430872
