parameter,value
final_pop_size,3.382582954647038e7
fraction_subpop_on,0.00806449746315225
final_time,10.543243757122958
