parameter,value
final_pop_size,1.9741109658382565e7
fraction_subpop_on,0.00980392174275095
