parameter,value
final_pop_size,3.936846667378548e7
fraction_subpop_on,0.0075757645459208385
