parameter,value
final_pop_size,2.847407822314901e7
fraction_subpop_on,0.00862067449749538
final_time,11.515226486812077
