parameter,value
final_pop_size,2.5863075406799033e7
fraction_subpop_on,0.008928573020131772
