parameter,value
final_pop_size,4.814879429974048e7
fraction_subpop_on,0.006944418496282536
final_time,8.73453364972
