parameter,value
final_pop_size,2.5894841446659204e7
fraction_subpop_on,0.008928558098869329
final_time,12.077300471353212
