parameter,value
final_pop_size,3.520087002890125e7
fraction_subpop_on,0.00793648843764348
final_time,10.326927639269009
