parameter,value
final_pop_size,3.940730427784323e7
fraction_subpop_on,0.0075757357084596435
final_time,9.731196230025077
