parameter,value
final_pop_size,3.658976338850412e7
fraction_subpop_on,0.007812479689130285
final_time,10.119871038822568
