parameter,value
final_pop_size,3.2465118988411974e7
fraction_subpop_on,0.00819670349809229
final_time,10.76947460785984
