parameter,value
final_pop_size,3.378967436808002e7
fraction_subpop_on,0.008064520589640519
