parameter,value
final_pop_size,4.227503526787935e7
fraction_subpop_on,0.007352917848447702
final_time,9.373018911488376
