parameter,value
final_pop_size,2.4631468531585693e7
fraction_subpop_on,0.009090896683340146
final_time,12.381051665071974
