parameter,value
final_pop_size,2.8440797201779995e7
fraction_subpop_on,0.008620692068905707
