parameter,value
final_pop_size,1.743671640516146e7
fraction_subpop_on,0.010204081493097891
