parameter,value
final_pop_size,2.3386466712932326e7
fraction_subpop_on,0.0092592477743524
final_time,12.701680843236337
