parameter,value
final_pop_size,1.7462727279578775e7
fraction_subpop_on,0.010204074611288154
final_time,14.617612613151866
