parameter,value
final_pop_size,4.960088900134122e7
fraction_subpop_on,0.006849327235344871
