parameter,value
final_pop_size,3.1119237598124437e7
fraction_subpop_on,0.008333316390222051
final_time,11.006339936490733
