parameter,value
final_pop_size,4.37267329305912e7
fraction_subpop_on,0.007246352790495215
final_time,9.20423857523515
