parameter,value
final_pop_size,4.964401196626631e7
fraction_subpop_on,0.006849288528812476
final_time,8.58906576942609
