parameter,value
final_pop_size,1.6343930758110927e7
fraction_subpop_on,0.010416660471955648
final_time,15.078684721131522
