parameter,value
final_pop_size,2.9788708124161437e7
fraction_subpop_on,0.008474560214091854
final_time,11.2546322707166
