parameter,value
final_pop_size,4.0835098087930374e7
fraction_subpop_on,0.00746266395721852
final_time,9.548530455059295
