parameter,value
final_pop_size,3.799205355200618e7
fraction_subpop_on,0.007692286591629892
final_time,9.921476122848587
