parameter,value
final_pop_size,2.7175921964639064e7
fraction_subpop_on,0.008771915577024962
final_time,11.78909094037756
