parameter,value
final_pop_size,1.8604664354367595e7
fraction_subpop_on,0.009999992122625612
final_time,14.185909771911142
