parameter,value
final_pop_size,4.518982413857649e7
fraction_subpop_on,0.007142832453964102
final_time,9.041799627087284
