parameter,value
final_pop_size,4.8185078672452696e7
fraction_subpop_on,0.007692210132946002
final_time,8.73453364972
