parameter,value
final_pop_size,1.863530622289731e7
fraction_subpop_on,0.011627840343790037
final_time,14.185909771911142
