parameter,value
final_pop_size,4.3762795123938695e7
fraction_subpop_on,0.008064419229595016
final_time,9.20423857523515
