parameter,value
final_pop_size,3.386086415330638e7
fraction_subpop_on,0.009090817115855361
final_time,10.543243757122958
