parameter,value
final_pop_size,2.5928209274731383e7
fraction_subpop_on,0.010203999111019475
final_time,12.077300471353212
