parameter,value
final_pop_size,3.802762856869254e7
fraction_subpop_on,0.008620594897753821
final_time,9.921476122848587
