parameter,value
final_pop_size,1.860838411791395e7
fraction_subpop_on,0.011627897683042496
