parameter,value
final_pop_size,4.372203101277192e7
fraction_subpop_on,0.008064539332061305
