parameter,value
final_pop_size,4.522597269138676e7
fraction_subpop_on,0.007936410736934353
final_time,9.041799627087284
