parameter,value
final_pop_size,2.4664465934255257e7
fraction_subpop_on,0.010416586312226982
final_time,12.381051665071974
