parameter,value
final_pop_size,4.087094677152242e7
fraction_subpop_on,0.008333237303904024
final_time,9.548530455059295
