parameter,value
final_pop_size,3.2499934402063563e7
fraction_subpop_on,0.00925916847422252
final_time,10.76947460785984
