parameter,value
final_pop_size,2.3419062761929184e7
fraction_subpop_on,0.010638219872041412
final_time,12.701680843236337
