parameter,value
final_pop_size,2.9788963528253727e7
fraction_subpop_on,0.009615388123903234
