parameter,value
final_pop_size,2.8508101190491978e7
fraction_subpop_on,0.009803835248563422
final_time,11.515226486812077
