parameter,value
final_pop_size,1.749278261229355e7
fraction_subpop_on,0.011904698606717019
final_time,14.617612613151866
