parameter,value
final_pop_size,2.8474782429546393e7
fraction_subpop_on,0.009803923289944713
