parameter,value
final_pop_size,2.219269499669809e7
fraction_subpop_on,0.010869489763287646
final_time,13.040685376719322
