parameter,value
final_pop_size,2.9823019099103667e7
fraction_subpop_on,0.009615296650132261
final_time,11.2546322707166
