parameter,value
final_pop_size,2.216326460891351e7
fraction_subpop_on,0.010869559201577235
