parameter,value
final_pop_size,3.246444353601137e7
fraction_subpop_on,0.009259266502266938
