parameter,value
final_pop_size,3.5236103520094514e7
fraction_subpop_on,0.008928478399809819
final_time,10.326927639269009
