parameter,value
final_pop_size,1.980002747842667e7
fraction_subpop_on,0.011363566591948848
final_time,13.780772520430872
