parameter,value
final_pop_size,1.637335567111373e7
fraction_subpop_on,0.012195062178943986
final_time,15.078684721131522
