parameter,value
final_pop_size,3.1153812247786712e7
fraction_subpop_on,0.009433872813136046
final_time,11.006339936490733
