parameter,value
final_pop_size,2.0986093578004982e7
fraction_subpop_on,0.011111038399122784
final_time,13.399749064408605
