parameter,value
final_pop_size,4.8142510814720586e7
fraction_subpop_on,0.0076923368975456655
