parameter,value
final_pop_size,4.963719720163852e7
fraction_subpop_on,0.007575788751809006
