parameter,value
final_pop_size,2.720963108283621e7
fraction_subpop_on,0.00999991549207056
final_time,11.78909094037756
