parameter,value
final_pop_size,3.662517664345744e7
fraction_subpop_on,0.00877183587081705
final_time,10.119871038822568
