parameter,value
final_pop_size,4.968034722112354e7
fraction_subpop_on,0.007575659945910641
final_time,8.58906576942609
