parameter,value
final_pop_size,3.944302410709528e7
fraction_subpop_on,0.008474480824195
final_time,9.731196230025077
