parameter,value
final_pop_size,1.7466727789366364e7
fraction_subpop_on,0.011904751816296305
