parameter,value
final_pop_size,4.083143523752956e7
fraction_subpop_on,0.008333352493684786
