parameter,value
final_pop_size,4.231099778023429e7
fraction_subpop_on,0.008196624800039567
final_time,9.373018911488376
