parameter,value
final_pop_size,4.67001794492619e7
fraction_subpop_on,0.007812402582304997
final_time,8.885342225237798
