parameter,value
final_pop_size,8.303615797386676e7
fraction_subpop_on,0.02511583926372926
final_time,9.230878907401397
