parameter,value
final_pop_size,9.392561153745006e7
fraction_subpop_on,0.025121513340774483
