parameter,value
final_pop_size,9.248296107760194e7
fraction_subpop_on,0.02511614826188746
final_time,9.341403104565604
