parameter,value
final_pop_size,1.1005165915823711e7
fraction_subpop_on,0.02509603970299342
final_time,7.157917418577122
