parameter,value
final_pop_size,3.804488981951161e6
fraction_subpop_on,0.025052840035792417
final_time,6.0684114664334645
