parameter,value
final_pop_size,9.393696552008352e7
fraction_subpop_on,0.025116190302349482
final_time,9.357404554464097
