parameter,value
final_pop_size,5.507323091687038e7
fraction_subpop_on,0.02512338214259033
