parameter,value
final_pop_size,5.866001875397891e6
fraction_subpop_on,0.02507604321675888
final_time,6.5125351591920255
