parameter,value
final_pop_size,1.6357296345110556e7
fraction_subpop_on,0.025103507948257945
final_time,7.564430162686374
