parameter,value
final_pop_size,4.608709606527432e6
fraction_subpop_on,0.025172851521513977
