parameter,value
final_pop_size,7.553964519381244e7
fraction_subpop_on,0.025115539059297906
final_time,9.133822743907006
