parameter,value
final_pop_size,9.687110647602652e7
fraction_subpop_on,0.02511627129585313
final_time,9.38895428261784
