parameter,value
final_pop_size,3.814686490674719e7
fraction_subpop_on,0.02511227953692949
final_time,8.433008382487658
