parameter,value
final_pop_size,7.95415171983123e7
fraction_subpop_on,0.025115706358697695
final_time,9.186774145277647
