parameter,value
final_pop_size,1.3329485074822573e7
fraction_subpop_on,0.025137530554298015
