parameter,value
final_pop_size,4.728355834271321e6
fraction_subpop_on,0.025065740427648423
final_time,6.291395190111499
