parameter,value
final_pop_size,2.363473014610106e7
fraction_subpop_on,0.025108236368781272
final_time,7.941951406585969
