parameter,value
final_pop_size,9.608290472385107e7
fraction_subpop_on,0.025121453863752384
