parameter,value
final_pop_size,9.750047363576868e7
fraction_subpop_on,0.02511628803383496
final_time,9.395597064735464
