parameter,value
final_pop_size,8.95613537951913e6
fraction_subpop_on,0.025090817771301316
final_time,6.946588454773402
