parameter,value
final_pop_size,3.2888323928286247e7
fraction_subpop_on,0.025111226691369556
final_time,8.280861836711061
