parameter,value
final_pop_size,9.511580397940885e7
fraction_subpop_on,0.025121480193282586
