parameter,value
final_pop_size,2.8027926962399133e7
fraction_subpop_on,0.025109902230832915
final_time,8.116826520065366
