parameter,value
final_pop_size,1.3456822015046155e7
fraction_subpop_on,0.02510019804731949
final_time,7.364216552333302
