parameter,value
final_pop_size,8.858390045117311e7
fraction_subpop_on,0.02511602871357146
final_time,9.297219082367516
