parameter,value
final_pop_size,8.30048528664482e7
fraction_subpop_on,0.025121861867025076
