parameter,value
final_pop_size,9.609025117198583e7
fraction_subpop_on,0.025116250224279223
final_time,9.38065233940666
