parameter,value
final_pop_size,8.6039065656131e7
fraction_subpop_on,0.02511594484309508
final_time,9.267319437590068
