parameter,value
final_pop_size,3.688011795646368e6
fraction_subpop_on,0.025186329217768495
