parameter,value
final_pop_size,4.9330157342243545e7
fraction_subpop_on,0.025123908113256075
