parameter,value
final_pop_size,6.608634566442115e7
fraction_subpop_on,0.025115063399178517
final_time,8.996682970758009
