parameter,value
final_pop_size,5.515220347060231e7
fraction_subpop_on,0.025114309852583977
final_time,8.811158114428698
