parameter,value
final_pop_size,3.2777266296486627e7
fraction_subpop_on,0.025126455288503966
