parameter,value
final_pop_size,7.259671069614541e6
fraction_subpop_on,0.02508426376078111
final_time,6.731180069335765
