parameter,value
final_pop_size,9.749576275972074e7
fraction_subpop_on,0.025121416337356112
