parameter,value
final_pop_size,9.071531795508084e7
fraction_subpop_on,0.025116095337939418
final_time,9.321607727277737
