parameter,value
final_pop_size,4.370045927880831e7
fraction_subpop_on,0.025113116351635083
final_time,8.572424535110121
