parameter,value
final_pop_size,7.104063061097176e7
fraction_subpop_on,0.025115328470312462
final_time,9.070835137939588
