parameter,value
final_pop_size,1.9743226850717586e7
fraction_subpop_on,0.025106141539581427
final_time,7.757411360625019
