parameter,value
final_pop_size,7.134994716028752e6
fraction_subpop_on,0.025153736290023834
