parameter,value
final_pop_size,4.941808705088386e7
fraction_subpop_on,0.02511378138578507
final_time,8.698549857768349
