parameter,value
final_pop_size,6.075355264439981e7
fraction_subpop_on,0.02511472976440341
final_time,8.910378857293162
