parameter,value
final_pop_size,9.512494950996728e7
fraction_subpop_on,0.025116223697209058
final_time,9.37029563721609
