parameter,value
final_pop_size,4.515803345489255e7
fraction_subpop_on,0.007352954267667663
