parameter,value
final_pop_size,2.5903484347359326e7
fraction_subpop_on,0.009259236857920227
final_time,12.077300471353212
