parameter,value
final_pop_size,4.667355125082842e7
fraction_subpop_on,0.007246339629750065
final_time,8.885342225237798
