parameter,value
final_pop_size,4.373626204951816e7
fraction_subpop_on,0.007462650826178224
final_time,9.20423857523515
