parameter,value
final_pop_size,2.9797643988850314e7
fraction_subpop_on,0.008771903761414533
final_time,11.2546322707166
