parameter,value
final_pop_size,1.7444369111123897e7
fraction_subpop_on,0.010638297088910162
