parameter,value
final_pop_size,3.659905915814594e7
fraction_subpop_on,0.008064484708998254
final_time,10.119871038822568
