parameter,value
final_pop_size,2.7184669790132236e7
fraction_subpop_on,0.009090885436633458
final_time,11.78909094037756
