parameter,value
final_pop_size,3.383499855650774e7
fraction_subpop_on,0.00833330393477011
final_time,10.543243757122958
