parameter,value
final_pop_size,2.096254134020032e7
fraction_subpop_on,0.009999982844929969
final_time,13.399749064408605
