parameter,value
final_pop_size,4.084454690121441e7
fraction_subpop_on,0.007692273554514074
final_time,9.548530455059295
