parameter,value
final_pop_size,3.941670666492372e7
fraction_subpop_on,0.007812466726102958
final_time,9.731196230025077
