parameter,value
final_pop_size,1.6351414150016809e7
fraction_subpop_on,0.010869553407409317
final_time,15.078684721131522
