parameter,value
final_pop_size,1.858560780191698e7
fraction_subpop_on,0.010416666091109477
