parameter,value
final_pop_size,3.8001405010312475e7
fraction_subpop_on,0.007936475568496316
final_time,9.921476122848587
