parameter,value
final_pop_size,3.1128257344348468e7
fraction_subpop_on,0.00862066244130476
final_time,11.006339936490733
