parameter,value
final_pop_size,2.8482923572243784e7
fraction_subpop_on,0.008928546552734687
final_time,11.515226486812077
