parameter,value
final_pop_size,3.247421633736227e7
fraction_subpop_on,0.00847454794504058
final_time,10.76947460785984
