parameter,value
final_pop_size,4.811586789925016e7
fraction_subpop_on,0.007142872233538024
