parameter,value
final_pop_size,1.6326275837782897e7
fraction_subpop_on,0.010869564278016546
