parameter,value
final_pop_size,2.8449632507434502e7
fraction_subpop_on,0.008928574401053033
