parameter,value
final_pop_size,1.861249777326122e7
fraction_subpop_on,0.010416652200218092
final_time,14.185909771911142
