parameter,value
final_pop_size,3.517325282128146e7
fraction_subpop_on,0.008196727981108636
