parameter,value
final_pop_size,4.519938758532288e7
fraction_subpop_on,0.007352904695112818
final_time,9.041799627087284
