parameter,value
final_pop_size,4.228452624831029e7
fraction_subpop_on,0.007575722615756687
final_time,9.373018911488376
