parameter,value
final_pop_size,4.815841578372916e7
fraction_subpop_on,0.007142819299585898
final_time,8.73453364972
