parameter,value
final_pop_size,3.521010507814861e7
fraction_subpop_on,0.008196690881386668
final_time,10.326927639269009
