parameter,value
final_pop_size,1.7470391304762382e7
fraction_subpop_on,0.010638284742388215
final_time,14.617612613151866
