parameter,value
final_pop_size,3.937786033922332e7
fraction_subpop_on,0.007812509284206562
