parameter,value
final_pop_size,4.9653657539219245e7
fraction_subpop_on,0.0070422150545812415
final_time,8.58906576942609
