parameter,value
final_pop_size,2.2168812615816873e7
fraction_subpop_on,0.009803903076436811
final_time,13.040685376719322
