parameter,value
final_pop_size,2.463999869346003e7
fraction_subpop_on,0.009433941143658567
final_time,12.381051665071974
