parameter,value
final_pop_size,3.3798833991316944e7
fraction_subpop_on,0.008333339190574211
