parameter,value
final_pop_size,1.9776832649759293e7
fraction_subpop_on,0.010204065821864469
final_time,13.780772520430872
