parameter,value
final_pop_size,2.3394875889185153e7
fraction_subpop_on,0.009615364799541436
final_time,12.701680843236337
