parameter,value
final_pop_size,3.796321215118289e7
fraction_subpop_on,0.00793651632218948
