parameter,value
final_pop_size,9.950129405503996e7
fraction_subpop_on,0.0025166590441694932
