parameter,value
final_pop_size,9.874179240534286e7
fraction_subpop_on,0.002516695754128876
