parameter,value
final_pop_size,9.801460036661343e7
fraction_subpop_on,0.002516731435559064
