parameter,value
final_pop_size,9.93704066601103e7
fraction_subpop_on,0.0025166653304961677
