parameter,value
final_pop_size,7.552913847905888e7
fraction_subpop_on,0.002518173821320289
