parameter,value
final_pop_size,3.767320750715154e7
fraction_subpop_on,0.0025244917063748733
