parameter,value
final_pop_size,5.495145673084031e7
fraction_subpop_on,0.0025205282612978403
