parameter,value
final_pop_size,9.751065569225903e7
fraction_subpop_on,0.0025167564750172714
