parameter,value
final_pop_size,9.688343511567366e7
fraction_subpop_on,0.0025167880035390795
