parameter,value
final_pop_size,9.514238046293837e7
fraction_subpop_on,0.002516877699684438
