parameter,value
final_pop_size,4.9136005072408e7
fraction_subpop_on,0.0025215510579883723
