parameter,value
final_pop_size,9.975440447648804e7
fraction_subpop_on,0.0025166469344485433
