parameter,value
final_pop_size,4.332614056174303e7
fraction_subpop_on,0.0025228470462684257
