parameter,value
final_pop_size,9.074006271830319e7
fraction_subpop_on,0.0025171198545584387
