parameter,value
final_pop_size,3.112473321949107e7
fraction_subpop_on,0.00961538914779082
