parameter,value
final_pop_size,2.9794635417670935e7
fraction_subpop_on,0.009803923808945831
