parameter,value
final_pop_size,4.666403558167213e7
fraction_subpop_on,0.007936538606168171
