parameter,value
final_pop_size,4.5190428722151354e7
fraction_subpop_on,0.008064544470492993
