parameter,value
final_pop_size,3.940996223549765e7
fraction_subpop_on,0.008620708483214097
