parameter,value
final_pop_size,4.372785918574002e7
fraction_subpop_on,0.008196747300747957
