parameter,value
final_pop_size,2.5901967095966913e7
fraction_subpop_on,0.010416662389501268
