parameter,value
final_pop_size,3.6593406927212626e7
fraction_subpop_on,0.008928585444038104
