parameter,value
final_pop_size,2.096283704983697e7
fraction_subpop_on,0.011363624737592337
