parameter,value
final_pop_size,2.8480422067585107e7
fraction_subpop_on,0.009999999999999998
