parameter,value
final_pop_size,1.9777540505926397e7
fraction_subpop_on,0.011627893856709239
