parameter,value
final_pop_size,1.747186194500098e7
fraction_subpop_on,0.012195106376214756
