parameter,value
final_pop_size,2.7182665781590898e7
fraction_subpop_on,0.010204079455899526
