parameter,value
final_pop_size,4.083725176657168e7
fraction_subpop_on,0.00847459749930585
