parameter,value
final_pop_size,1.6353231456513902e7
fraction_subpop_on,0.012499983499529702
