parameter,value
final_pop_size,2.3394294800155044e7
fraction_subpop_on,0.010869557024436437
