parameter,value
final_pop_size,1.0420588253935771e7
fraction_subpop_on,0.07940457859531065
