parameter,value
final_pop_size,1.5552399404601939e7
fraction_subpop_on,0.0794138985318407
