parameter,value
final_pop_size,6.477108506686294e7
fraction_subpop_on,0.07942827934236732
