parameter,value
final_pop_size,1.4676878185900843e6
fraction_subpop_on,0.07923228475363778
