parameter,value
final_pop_size,9.206962594920242e7
fraction_subpop_on,0.07942962667183631
