parameter,value
final_pop_size,8.464394749254903e6
fraction_subpop_on,0.07939805096435835
