parameter,value
final_pop_size,2.6852672503592454e7
fraction_subpop_on,0.07942186261798488
