parameter,value
final_pop_size,5.523433411539061e6
fraction_subpop_on,0.07937953628440675
