parameter,value
final_pop_size,9.021510644283621e7
fraction_subpop_on,0.07942956095635595
