parameter,value
final_pop_size,4.7959744728215024e7
fraction_subpop_on,0.07942668648741305
