parameter,value
final_pop_size,3.677326002458932e7
fraction_subpop_on,0.07942481960672444
