parameter,value
final_pop_size,4.226702187549138e7
fraction_subpop_on,0.07942585992918179
