parameter,value
final_pop_size,6.983076419928302e7
fraction_subpop_on,0.07942860859323987
