parameter,value
final_pop_size,2.2581176196514986e7
fraction_subpop_on,0.07941978924284847
