parameter,value
final_pop_size,8.798405426516657e7
fraction_subpop_on,0.07942947822723362
