parameter,value
final_pop_size,5.370661419306812e7
fraction_subpop_on,0.07942734317471907
