parameter,value
final_pop_size,2.291354590985618e6
fraction_subpop_on,0.07930437184129162
