parameter,value
final_pop_size,7.445081655131066e7
fraction_subpop_on,0.07942887014796028
