parameter,value
final_pop_size,2.716153263791436e7
fraction_subpop_on,0.009433964614511367
