parameter,value
final_pop_size,1.9785512153777286e7
fraction_subpop_on,0.010638269279471443
final_time,13.780772520430872
