parameter,value
final_pop_size,2.5912798396537807e7
fraction_subpop_on,0.00961534691789215
final_time,12.077300471353212
