parameter,value
final_pop_size,1.8621019750424817e7
fraction_subpop_on,0.010869538605176225
final_time,14.185909771911142
