parameter,value
final_pop_size,4.966386612132459e7
fraction_subpop_on,0.007246321014636605
final_time,8.58906576942609
