parameter,value
final_pop_size,2.0971367389816288e7
fraction_subpop_on,0.010416636137431172
final_time,13.399749064408605
