parameter,value
final_pop_size,3.657144193766038e7
fraction_subpop_on,0.008333343033214936
