parameter,value
final_pop_size,2.464920437500342e7
fraction_subpop_on,0.009803885566480226
final_time,12.381051665071974
