parameter,value
final_pop_size,4.374638189895995e7
fraction_subpop_on,0.007692254466593342
final_time,9.20423857523515
