parameter,value
final_pop_size,4.52095348329758e7
fraction_subpop_on,0.007575703623374759
final_time,9.041799627087284
