parameter,value
final_pop_size,2.980723552940496e7
fraction_subpop_on,0.00909086673517307
final_time,11.2546322707166
