parameter,value
final_pop_size,2.849243009570056e7
fraction_subpop_on,0.009259218383389093
final_time,11.515226486812077
