parameter,value
final_pop_size,3.3844805223363936e7
fraction_subpop_on,0.00862064330211242
final_time,10.543243757122958
