parameter,value
final_pop_size,3.801137454246092e7
fraction_subpop_on,0.008196671610317317
final_time,9.921476122848587
