parameter,value
final_pop_size,3.113792698799538e7
fraction_subpop_on,0.0089285276667837
final_time,11.006339936490733
