parameter,value
final_pop_size,3.9426720379955426e7
fraction_subpop_on,0.008064465449823173
final_time,9.731196230025077
