parameter,value
final_pop_size,4.229461486726017e7
fraction_subpop_on,0.007812447560588798
final_time,9.373018911488376
