parameter,value
final_pop_size,1.8594117666580938e7
fraction_subpop_on,0.010869563098446694
