parameter,value
final_pop_size,3.797317242388197e7
fraction_subpop_on,0.008196732211500107
