parameter,value
final_pop_size,3.2483957565387804e7
fraction_subpop_on,0.008771884730502895
final_time,10.76947460785984
