parameter,value
final_pop_size,1.7478744145871397e7
fraction_subpop_on,0.011111086514524806
final_time,14.617612613151866
