parameter,value
final_pop_size,2.588101096302157e7
fraction_subpop_on,0.009615386117369144
