parameter,value
final_pop_size,3.1103163779685505e7
fraction_subpop_on,0.008928576661464778
