parameter,value
final_pop_size,2.340396446639344e7
fraction_subpop_on,0.00999996576045321
final_time,12.701680843236337
