parameter,value
final_pop_size,3.938786498983792e7
fraction_subpop_on,0.008064528254804481
