parameter,value
final_pop_size,4.6683722283990555e7
fraction_subpop_on,0.007462631945517651
final_time,8.885342225237798
