parameter,value
final_pop_size,2.2177774831562784e7
fraction_subpop_on,0.010204049219085876
final_time,13.040685376719322
