parameter,value
final_pop_size,3.521997139039176e7
fraction_subpop_on,0.008474528731482573
final_time,10.326927639269009
