parameter,value
final_pop_size,4.08546002244228e7
fraction_subpop_on,0.007936456345223934
final_time,9.548530455059295
