parameter,value
final_pop_size,2.2148363385869112e7
fraction_subpop_on,0.010204080987157697
