parameter,value
final_pop_size,2.9773196631695546e7
fraction_subpop_on,0.009090913311157108
