parameter,value
final_pop_size,3.6608979654436566e7
fraction_subpop_on,0.008333284678100808
final_time,10.119871038822568
