parameter,value
final_pop_size,1.6359585593346225e7
fraction_subpop_on,0.011363613806654342
final_time,15.078684721131522
