parameter,value
final_pop_size,2.7194083964016683e7
fraction_subpop_on,0.00943392294142771
final_time,11.78909094037756
