parameter,value
final_pop_size,4.816860719667193e7
fraction_subpop_on,0.0073528859407159565
final_time,8.73453364972
