parameter,value
final_pop_size,2.8459128387660798e7
fraction_subpop_on,0.009259262517182223
