parameter,value
final_pop_size,3.850946518621822e7
fraction_subpop_on,0.009997403235814457
final_time,8.329319730500792
