parameter,value
final_pop_size,9.752630024833699e7
fraction_subpop_on,0.01000410145775018
