parameter,value
final_pop_size,8.32516893107105e7
fraction_subpop_on,0.009998798823173106
final_time,9.108070185978788
