parameter,value
final_pop_size,9.258927933209924e7
fraction_subpop_on,0.009998919961352748
final_time,9.215448789980327
