parameter,value
final_pop_size,9.080175206273347e7
fraction_subpop_on,0.01000440520134153
