parameter,value
final_pop_size,9.519589608735852e7
fraction_subpop_on,0.009998949534548125
final_time,9.243492670456872
