parameter,value
final_pop_size,7.979059680569632e7
fraction_subpop_on,0.009998746719488218
final_time,9.065178564718533
