parameter,value
final_pop_size,9.753781817680214e7
fraction_subpop_on,0.009998974756644458
final_time,9.268041482089016
