parameter,value
final_pop_size,2.833800070284813e7
fraction_subpop_on,0.009996471169541965
final_time,8.019522322775558
