parameter,value
final_pop_size,9.9010928318293e7
fraction_subpop_on,0.009998990010479667
final_time,9.283182930728643
