parameter,value
final_pop_size,9.842844302072962e7
fraction_subpop_on,0.010004063865969267
