parameter,value
final_pop_size,3.322758964885656e7
fraction_subpop_on,0.009996990452781655
final_time,8.180306499412438
