parameter,value
final_pop_size,9.084412498015717e7
fraction_subpop_on,0.0099988992133501
final_time,9.19622837125137
