parameter,value
final_pop_size,1.9986622535963204e7
fraction_subpop_on,0.009994996653395535
final_time,7.666856647034293
