parameter,value
final_pop_size,3.825201437514459e7
fraction_subpop_on,0.01001045696564048
