parameter,value
final_pop_size,9.690312124795403e7
fraction_subpop_on,0.010004127834014515
