parameter,value
final_pop_size,1.3635368053811917e7
fraction_subpop_on,0.009992666131225401
final_time,7.280600270000861
