parameter,value
final_pop_size,7.582258510406771e7
fraction_subpop_on,0.009998681131751671
final_time,9.013653926373731
