parameter,value
final_pop_size,9.843578463870777e7
fraction_subpop_on,0.009998984109281324
final_time,9.27729826188074
