parameter,value
final_pop_size,5.553179090452497e7
fraction_subpop_on,0.009998199229695798
final_time,8.699068015094204
