parameter,value
final_pop_size,8.873856829056406e7
fraction_subpop_on,0.009998873094282155
final_time,9.172541010593903
