parameter,value
final_pop_size,6.11192566760527e7
fraction_subpop_on,0.009998363854447216
final_time,8.795907561490923
