parameter,value
final_pop_size,9.614774867741448e7
fraction_subpop_on,0.009998959934045511
final_time,9.253542381590801
