parameter,value
final_pop_size,1.331973724525831e7
fraction_subpop_on,0.010030030622424057
