parameter,value
final_pop_size,2.3912104656320583e7
fraction_subpop_on,0.00999581801763428
final_time,7.847988763687238
