parameter,value
final_pop_size,1.656729223288079e7
fraction_subpop_on,0.009993964010618372
final_time,7.477329647810708
