parameter,value
final_pop_size,9.40240778440764e7
fraction_subpop_on,0.00999893644264009
final_time,9.230981637557248
