parameter,value
final_pop_size,5.533730365784884e7
fraction_subpop_on,0.010007228397004544
