parameter,value
final_pop_size,9.691751913686068e7
fraction_subpop_on,0.009998968194802234
final_time,9.261597162588524
