parameter,value
final_pop_size,9.803623209778264e7
fraction_subpop_on,0.009998979968957801
final_time,9.27318990514612
