parameter,value
final_pop_size,2.8049193287696045e7
fraction_subpop_on,0.010014260659688043
