parameter,value
final_pop_size,9.080700474334462e6
fraction_subpop_on,0.009988987633687219
final_time,6.869982129356817
