parameter,value
final_pop_size,4.407841461093419e7
fraction_subpop_on,0.00999773131586327
final_time,8.46574983813468
