parameter,value
final_pop_size,7.969845748224117e7
fraction_subpop_on,0.010005018917713547
