parameter,value
final_pop_size,7.57129907531661e7
fraction_subpop_on,0.010005283109226314
