parameter,value
final_pop_size,9.874963850647548e7
fraction_subpop_on,0.010004050647739574
