parameter,value
final_pop_size,6.6429899218683355e7
fraction_subpop_on,0.009998494653745133
final_time,8.880069308339122
