parameter,value
final_pop_size,1.1155087099210316e7
fraction_subpop_on,0.009991035480125738
final_time,7.0778025667729
