parameter,value
final_pop_size,1.6254009026394745e7
fraction_subpop_on,0.010024609313268526
