parameter,value
final_pop_size,6.6280004119384706e7
fraction_subpop_on,0.010006035002642417
