parameter,value
final_pop_size,7.122686774665333e7
fraction_subpop_on,0.01000561585835029
