parameter,value
final_pop_size,7.135581676554185e7
fraction_subpop_on,0.009998598572554657
final_time,8.952323364354745
