parameter,value
final_pop_size,8.622280999038109e7
fraction_subpop_on,0.00999884021409171
final_time,9.143490688239734
