parameter,value
final_pop_size,9.875549118531664e7
fraction_subpop_on,0.009998987398079846
final_time,9.280573618322654
