parameter,value
final_pop_size,6.094730414339488e7
fraction_subpop_on,0.010006563046645326
