parameter,value
final_pop_size,2.59080526889949e7
fraction_subpop_on,0.009433933209384902
final_time,12.077300471353212
