parameter,value
final_pop_size,4.516302669182614e7
fraction_subpop_on,0.007462701604235499
