parameter,value
final_pop_size,1.6355408070077263e7
fraction_subpop_on,0.011111094793360974
final_time,15.078684721131522
