parameter,value
final_pop_size,2.980235337426635e7
fraction_subpop_on,0.00892853820842511
final_time,11.2546322707166
