parameter,value
final_pop_size,2.715674309102683e7
fraction_subpop_on,0.009259261688767588
