parameter,value
final_pop_size,4.370049796046872e7
fraction_subpop_on,0.007575771488379405
