parameter,value
final_pop_size,2.7189288917510115e7
fraction_subpop_on,0.009259228766021638
final_time,11.78909094037756
