parameter,value
final_pop_size,3.383981810037984e7
fraction_subpop_on,0.008474539361450453
final_time,10.543243757122958
