parameter,value
final_pop_size,3.5214955352989905e7
fraction_subpop_on,0.008333295303840265
final_time,10.326927639269009
