parameter,value
final_pop_size,4.965868842150417e7
fraction_subpop_on,0.007142810819164423
final_time,8.58906576942609
