parameter,value
final_pop_size,4.081000110646899e7
fraction_subpop_on,0.007812511711652129
