parameter,value
final_pop_size,3.800630875363024e7
fraction_subpop_on,0.008064476025217118
final_time,9.921476122848587
