parameter,value
final_pop_size,3.247900227230591e7
fraction_subpop_on,0.008620653920486186
final_time,10.76947460785984
