parameter,value
final_pop_size,4.6678561459969446e7
fraction_subpop_on,0.007352896115391378
final_time,8.885342225237798
