parameter,value
final_pop_size,4.816343713425234e7
fraction_subpop_on,0.0072463310965088625
final_time,8.73453364972
