parameter,value
final_pop_size,4.228949238358897e7
fraction_subpop_on,0.007692264880455369
final_time,9.373018911488376
