parameter,value
final_pop_size,1.9781081054809954e7
fraction_subpop_on,0.010416645409109306
final_time,13.780772520430872
