parameter,value
final_pop_size,2.096686339231561e7
fraction_subpop_on,0.010204058752146897
final_time,13.399749064408605
