parameter,value
final_pop_size,4.663660160433285e7
fraction_subpop_on,0.007352957350614577
