parameter,value
final_pop_size,4.374124475614028e7
fraction_subpop_on,0.007575713964870385
final_time,9.20423857523515
