parameter,value
final_pop_size,4.5204384947178744e7
fraction_subpop_on,0.0074626422069981185
final_time,9.041799627087284
