parameter,value
final_pop_size,3.942163344371784e7
fraction_subpop_on,0.007936466877078559
final_time,9.731196230025077
