parameter,value
final_pop_size,1.8616667142636392e7
fraction_subpop_on,0.010638278255670769
final_time,14.185909771911142
