parameter,value
final_pop_size,3.6603937448372036e7
fraction_subpop_on,0.008196682217421735
final_time,10.119871038822568
