parameter,value
final_pop_size,3.9382782625653654e7
fraction_subpop_on,0.007936518577006392
