parameter,value
final_pop_size,2.2173203215010457e7
fraction_subpop_on,0.00999997552219431
final_time,13.040685376719322
