parameter,value
final_pop_size,2.5876270857228886e7
fraction_subpop_on,0.009433964000127045
