parameter,value
final_pop_size,2.8487589642576244e7
fraction_subpop_on,0.009090877208444826
final_time,11.515226486812077
