parameter,value
final_pop_size,2.3399330211840793e7
fraction_subpop_on,0.009803895525781528
final_time,12.701680843236337
