parameter,value
final_pop_size,3.7968111308555484e7
fraction_subpop_on,0.008064525721725932
