parameter,value
final_pop_size,4.812088530338152e7
fraction_subpop_on,0.0072463941330895305
