parameter,value
final_pop_size,2.464451217982334e7
fraction_subpop_on,0.009615357045340098
final_time,12.381051665071974
