parameter,value
final_pop_size,1.7474475949515488e7
fraction_subpop_on,0.010869547250678997
final_time,14.617612613151866
