parameter,value
final_pop_size,4.22493671478836e7
fraction_subpop_on,0.007692320495584216
