parameter,value
final_pop_size,1.7448447745757252e7
fraction_subpop_on,0.010869563787541801
