parameter,value
final_pop_size,4.084949443439204e7
fraction_subpop_on,0.007812458038238633
final_time,9.548530455059295
