parameter,value
final_pop_size,3.1133006620467156e7
fraction_subpop_on,0.00877189531996082
final_time,11.006339936490733
