parameter,value
final_pop_size,1.6330263680871848e7
fraction_subpop_on,0.011111109488139871
