parameter,value
final_pop_size,1.6007762060964135e7
fraction_subpop_on,0.05008741434952983
final_time,7.713446707375309
