parameter,value
final_pop_size,7.909630657096808e7
fraction_subpop_on,0.05011870835275167
