parameter,value
final_pop_size,3.653897008551942e6
fraction_subpop_on,0.05011839844015154
