parameter,value
final_pop_size,3.713258104122252e6
fraction_subpop_on,0.04998375099625722
final_time,6.175301931255406
