parameter,value
final_pop_size,9.049419740858477e7
fraction_subpop_on,0.05011318502714351
final_time,9.537027096751736
