parameter,value
final_pop_size,9.229295399764374e7
fraction_subpop_on,0.050118710498975705
