parameter,value
final_pop_size,8.7494444842287e6
fraction_subpop_on,0.05006144118503803
final_time,7.077518623395293
