parameter,value
final_pop_size,1.9273797271889098e7
fraction_subpop_on,0.05011866176440227
