parameter,value
final_pop_size,8.572424831751841e7
fraction_subpop_on,0.05011287685787633
final_time,9.480020312067207
