parameter,value
final_pop_size,1.9238218534504639e6
fraction_subpop_on,0.04985820691588035
final_time,5.483148284566955
