parameter,value
final_pop_size,2.7449340716763966e7
fraction_subpop_on,0.05011868011091875
