parameter,value
final_pop_size,2.396201740205058e6
fraction_subpop_on,0.04990956433190857
final_time,5.714247760713851
