parameter,value
final_pop_size,1.0756185004832031e7
fraction_subpop_on,0.05007212810303225
final_time,7.294892607358602
