parameter,value
final_pop_size,6.009726210585786e7
fraction_subpop_on,0.050118703607523976
