parameter,value
final_pop_size,4.615474173738117e6
fraction_subpop_on,0.05001013490252545
final_time,6.4042538596435685
