parameter,value
final_pop_size,6.013352309785505e7
fraction_subpop_on,0.050110388789800044
final_time,9.106746678312344
