parameter,value
final_pop_size,8.266733940851334e7
fraction_subpop_on,0.050112660663271635
final_time,9.441793527730592
