parameter,value
final_pop_size,5.451012941938322e7
fraction_subpop_on,0.05010952897557448
final_time,9.003386367269458
