parameter,value
final_pop_size,9.378722082879646e7
fraction_subpop_on,0.0501133794872056
final_time,9.574655664419831
