parameter,value
final_pop_size,2.3171643885859124e7
fraction_subpop_on,0.050097094028352156
final_time,8.10280627301696
