parameter,value
final_pop_size,9.50029331543235e7
fraction_subpop_on,0.05011344787051886
final_time,9.58821429172033
