parameter,value
final_pop_size,8.831862049644932e7
fraction_subpop_on,0.050113048599797164
final_time,9.511408500445082
