parameter,value
final_pop_size,1.9337526696504578e7
fraction_subpop_on,0.05009280550665942
final_time,7.912385450825106
