parameter,value
final_pop_size,2.9839096419133632e6
fraction_subpop_on,0.0499507600884419
final_time,5.945125208444921
