parameter,value
final_pop_size,1.3159996147039646e7
fraction_subpop_on,0.05008063921528315
final_time,7.5072262325003125
