parameter,value
final_pop_size,1.5943071961437348e7
fraction_subpop_on,0.05011864889567155
