parameter,value
final_pop_size,3.2262597099403717e7
fraction_subpop_on,0.05011868656365542
