parameter,value
final_pop_size,9.23003122661952e7
fraction_subpop_on,0.05011329340023498
final_time,9.557831464040806
