parameter,value
final_pop_size,7.505698293768024e7
fraction_subpop_on,0.05011204593960134
final_time,9.340121504990991
