parameter,value
final_pop_size,4.877039959093803e7
fraction_subpop_on,0.050108446899179024
final_time,8.88625399944711
