parameter,value
final_pop_size,5.664603816243798e6
fraction_subpop_on,0.05011851377461377
