parameter,value
final_pop_size,4.306417505712668e7
fraction_subpop_on,0.050107085214940505
final_time,8.755257962032626
