parameter,value
final_pop_size,7.91159094012839e7
fraction_subpop_on,0.05011238851506611
final_time,9.395566356753076
