parameter,value
final_pop_size,6.550258017847612e7
fraction_subpop_on,0.05011107195064144
final_time,9.196780393178992
