parameter,value
final_pop_size,6.547089093245724e7
fraction_subpop_on,0.050118705228964104
