parameter,value
final_pop_size,5.727018934458682e6
fraction_subpop_on,0.05003121060270967
final_time,6.631396293729164
