parameter,value
final_pop_size,7.089569909329885e6
fraction_subpop_on,0.05004802976071228
final_time,6.856068405568706
