parameter,value
final_pop_size,3.2319728310444627e7
fraction_subpop_on,0.05010321620162694
final_time,8.453104889983056
