parameter,value
final_pop_size,2.7509302835863233e7
fraction_subpop_on,0.050100504535568365
final_time,8.283451329853046
