parameter,value
final_pop_size,3.753783482891649e7
fraction_subpop_on,0.05010537184056534
final_time,8.610671167030542
