parameter,value
final_pop_size,7.050396401139957e7
fraction_subpop_on,0.05011161472365061
final_time,9.274241473683627
