parameter,value
final_pop_size,6.344967138440369e6
fraction_subpop_on,0.07573171443216666
