parameter,value
final_pop_size,9.013898155884907e6
fraction_subpop_on,0.06405444360563313
final_time,9.764840349729969
