parameter,value
final_pop_size,5.596873552518824e6
fraction_subpop_on,0.08055521288099925
final_time,11.779986887275726
