parameter,value
final_pop_size,1.48240197682613e7
fraction_subpop_on,0.04997547553240351
final_time,7.9671994824279135
