parameter,value
final_pop_size,1.0424624584926384e7
fraction_subpop_on,0.059517499655796675
