parameter,value
final_pop_size,1.0475687664754158e7
fraction_subpop_on,0.05948446790227113
final_time,9.190533576232633
