parameter,value
final_pop_size,4.857114113986628e6
fraction_subpop_on,0.08609898711616834
final_time,12.439962509035627
