parameter,value
final_pop_size,4.505096825015371e6
fraction_subpop_on,0.08916695086262875
final_time,12.802093425509584
