parameter,value
final_pop_size,1.4185137354352862e7
fraction_subpop_on,0.051019888997669634
