parameter,value
final_pop_size,6.383414642917388e6
fraction_subpop_on,0.07568173098149764
final_time,11.193288650877863
