parameter,value
final_pop_size,5.947319720795672e6
fraction_subpop_on,0.07809521822291872
