parameter,value
final_pop_size,1.0983911113647556e7
fraction_subpop_on,0.058102628320649136
final_time,9.015250395415638
