parameter,value
final_pop_size,4.165161796389899e6
fraction_subpop_on,0.0924614228922727
final_time,13.188680228861386
