parameter,value
final_pop_size,1.1502434129650867e7
fraction_subpop_on,0.05678350762373618
final_time,8.847176478546379
