parameter,value
final_pop_size,1.594412583474312e7
fraction_subpop_on,0.048077807199814485
