parameter,value
final_pop_size,6.793915725476774e6
fraction_subpop_on,0.07345949533050414
final_time,10.923559551047438
