parameter,value
final_pop_size,5.561241993224742e6
fraction_subpop_on,0.08061087812847305
