parameter,value
final_pop_size,1.3677420841395607e7
fraction_subpop_on,0.05205594422325647
final_time,8.23845603914904
