parameter,value
final_pop_size,8.09288251338565e6
fraction_subpop_on,0.06751203561315926
final_time,10.194240192244857
