parameter,value
final_pop_size,9.977871377669273e6
fraction_subpop_on,0.06093360644760383
final_time,9.373521738543252
