parameter,value
final_pop_size,1.203115058598218e7
fraction_subpop_on,0.05552293198335271
final_time,8.685858620528448
