parameter,value
final_pop_size,5.9843593502213815e6
fraction_subpop_on,0.07804251520004685
final_time,11.478296924144853
