parameter,value
final_pop_size,1.2569955799516242e7
fraction_subpop_on,0.05431708976943059
final_time,8.530881609743139
