parameter,value
final_pop_size,5.221082719239453e6
fraction_subpop_on,0.08323496379310326
final_time,12.09994296731757
