parameter,value
final_pop_size,6.754060865441152e6
fraction_subpop_on,0.07350697558488065
