parameter,value
final_pop_size,8.0488116027163435e6
fraction_subpop_on,0.06755309105210659
