parameter,value
final_pop_size,1.424587830937785e7
fraction_subpop_on,0.05099450591349437
final_time,8.100333840866561
