parameter,value
final_pop_size,1.5411747404071672e7
fraction_subpop_on,0.048996362046067256
final_time,7.838777238720608
