parameter,value
final_pop_size,1.3118746506950866e7
fraction_subpop_on,0.053162493106442076
final_time,8.381864278308882
