parameter,value
final_pop_size,7.21574062774795e6
fraction_subpop_on,0.07136396566207127
final_time,10.667863319542697
