parameter,value
final_pop_size,1.6008964709724138e7
fraction_subpop_on,0.0480548657230482
final_time,7.714811755542912
