parameter,value
final_pop_size,7.648769085754453e6
fraction_subpop_on,0.0693846110526137
final_time,10.42508843481802
