parameter,value
final_pop_size,8.547963974565016e6
fraction_subpop_on,0.06573782964411126
final_time,9.974425559881315
