parameter,value
final_pop_size,9.490571339699397e6
fraction_subpop_on,0.0624550809265694
final_time,9.564758299415047
