parameter,value
final_pop_size,4.970495433473123e7
fraction_subpop_on,0.008928648245716344
