parameter,value
final_pop_size,3.52682957617048e7
fraction_subpop_on,0.010869493910346452
