parameter,value
final_pop_size,4.525290460483417e7
fraction_subpop_on,0.009434004479518912
