parameter,value
final_pop_size,2.4701857100253753e7
fraction_subpop_on,0.01315760586972983
