parameter,value
final_pop_size,1.8674952181284055e7
fraction_subpop_on,0.015151013356999577
