parameter,value
final_pop_size,1.6413540847833976e7
fraction_subpop_on,0.016128422084222174
