parameter,value
final_pop_size,2.985797827672146e7
fraction_subpop_on,0.011904596865415038
