parameter,value
final_pop_size,3.665664195031391e7
fraction_subpop_on,0.010638246243830212
