parameter,value
final_pop_size,2.3456987862161428e7
fraction_subpop_on,0.01351318785028082
