parameter,value
final_pop_size,2.1024971402145617e7
fraction_subpop_on,0.014285306754217087
