parameter,value
final_pop_size,1.9839315009306446e7
fraction_subpop_on,0.014705429345361752
