parameter,value
final_pop_size,3.947300557690291e7
fraction_subpop_on,0.01020406557051352
