parameter,value
final_pop_size,2.854370632258547e7
fraction_subpop_on,0.012194929128765207
