parameter,value
final_pop_size,2.5965033484070886e7
fraction_subpop_on,0.0128202582434892
