parameter,value
final_pop_size,2.223111708953656e7
fraction_subpop_on,0.01388852373663111
