parameter,value
final_pop_size,5.5949025051816115e6
fraction_subpop_on,0.08614218247222374
