parameter,value
final_pop_size,8.082173307322701e6
fraction_subpop_on,0.07140205805077841
