parameter,value
final_pop_size,1.4794331020819724e7
fraction_subpop_on,0.0520819251362811
