parameter,value
final_pop_size,1.200873247144985e7
fraction_subpop_on,0.05813275687038515
