parameter,value
final_pop_size,1.3093413048725944e7
fraction_subpop_on,0.055551312539975986
