parameter,value
final_pop_size,4.858020199816568e6
fraction_subpop_on,0.09250491779742767
