parameter,value
final_pop_size,1.421763868297759e7
fraction_subpop_on,0.05318924462230984
