parameter,value
final_pop_size,7.207955527960743e6
fraction_subpop_on,0.07572184083155178
