parameter,value
final_pop_size,1.3650633043532839e7
fraction_subpop_on,0.05434464101409354
