parameter,value
final_pop_size,8.535790657055793e6
fraction_subpop_on,0.06942166454598436
