parameter,value
final_pop_size,9.961303421250852e6
fraction_subpop_on,0.06408840675436761
