parameter,value
final_pop_size,1.2546078979281183e7
fraction_subpop_on,0.05681274730606896
