parameter,value
final_pop_size,5.980940897482182e6
fraction_subpop_on,0.08327760074224994
